family	line	class	evidence
config-siblings	27	comment-movement	| `comment-movement` — Legacy HCL1 array comments escaped their collection; comment-only files needed special handling | [hashicorp/hcl#86 “Comments in arrays formatted incorrectly”](https://github.com/hashicorp/hcl/issues/86) (closed, 2016-02-07); [hashicorp/hcl#156 “hcl/printer: file with only comments formats properly”](https://github.com/hashicorp/hcl/pull/156) (merged, 2016-10-08) | high: our array/header blind spots are the same source-attachment problem; P1/P2 |
config-siblings	28	whitespace-eol-encoding	| `whitespace-eol-encoding` — Trailing-newline policy and platform EOL differences generate churn | [hashicorp/hcl#285 “Removing multiple newlines from EOF?”](https://github.com/hashicorp/hcl/issues/285) (open, 2019-08-16); [hashicorp/terraform#32910 “terraform fmt changes Windows line endings to Unix”](https://github.com/hashicorp/terraform/issues/32910) (open, 2023-03-23) | medium: LF normalization is intentional; test deterministic bytes |
config-siblings	29	semantic-change	| `semantic-change` — String/label rewrites and nested heredoc layout can alter or drop text | [hashicorp/terraform#35417 “`terraform fmt` removing resource name when % in value”](https://github.com/hashicorp/terraform/issues/35417) (open, 2024-07-03); [hashicorp/terraform#34877 “`terraform fmt` mangles hyphenated-heredoc `error_message`  with newlines embedded in interpolation”](https://github.com/hashicorp/terraform/issues/34877) (closed, 2024-03-23) | high: reparsing alone cannot validate payload preservation; P3/P5 |
config-siblings	30	embedded-language	| `embedded-language` — Templated heredoc indentation can leak into following blocks | [hashicorp/terraform#35645 “terraform fmt produces incorrect indents for resource properties after heredoc with templating”](https://github.com/hashicorp/terraform/issues/35645) (open, 2024-08-27); [hashicorp/terraform#34877 “`terraform fmt` mangles hyphenated-heredoc `error_message`  with newlines embedded in interpolation”](https://github.com/hashicorp/terraform/issues/34877) (closed, 2024-03-23) | high: raw HOCON strings must not affect the following field; P5 |
config-siblings	31	idempotence	| `idempotence` — An edit-tree round trip inserted a newline before a closing parenthesis | [hashicorp/hcl#402 “hclwrite: parser inserts an unexpected TokenNewline before a TokenCParen”](https://github.com/hashicorp/hcl/issues/402) (closed, 2020-09-16); [hashicorp/hcl#377 “hclwrite: Add fuzz testing”](https://github.com/hashicorp/hcl/pull/377) (merged, 2020-05-14) | high: formatter AST and parser AST can disagree; fuzzing is supporting validation; P9 |
config-siblings	32	crash	| `crash` — Traversal parsing panicked; upstream added a dedicated hclwrite fuzz harness | [hashicorp/hcl#327 “Panic in hclwrite parser: didn't find any token of type TokenIdent”](https://github.com/hashicorp/hcl/issues/327) (closed, 2019-12-04); [hashicorp/hcl#377 “hclwrite: Add fuzz testing”](https://github.com/hashicorp/hcl/pull/377) (merged, 2020-05-14) | high: arbitrary substitutions must return a verdict, never crash; P10 |
config-siblings	33	other	| `other` — Shared formatter sentinel state caused data races | [hashicorp/hcl#533 “format.go nilToken not "thread" safe”](https://github.com/hashicorp/hcl/issues/533) (closed, 2022-06-06); [hashicorp/hcl#511 “hclwrite: fix data race in formatSpaces()”](https://github.com/hashicorp/hcl/pull/511) (merged, 2022-01-31) | medium: parallel adapters should share immutable options, not mutable printer state |
config-siblings	34	line-width-layout	| `line-width-layout` — Users request wrapping of long lines/arrays, not simply alignment | [hashicorp/terraform#22703 “`terraform fmt` doesn't break long lines”](https://github.com/hashicorp/terraform/issues/22703) (open, 2019-09-05); [hashicorp/terraform#34604 “Terraform fmt tfvars - split long line array into multiple lines”](https://github.com/hashicorp/terraform/issues/34604) (open, 2024-01-31) | medium: a width option needs a printer that can choose legal breakpoints |
config-siblings	35	line-width-layout	| `line-width-layout` — Alignment causes wide diffs and motivates an opt-out | [hashicorp/terraform#33281 “`terraform fmt` should allow disabling "align equals signs"”](https://github.com/hashicorp/terraform/issues/33281) (closed, 2023-05-30); [hashicorp/terraform#36795 “`terraform fmt` should allow disabling "align equals signs"”](https://github.com/hashicorp/terraform/issues/36795) (open, 2025-03-28) | medium: measure diff churn before adding alignment |
config-siblings	36	config-ignore	| `config-ignore` — Templated files and manually aligned regions need explicit exclusions (requests) | [hashicorp/terraform#32349 “terraform fmt should allow us to ignore files”](https://github.com/hashicorp/terraform/issues/32349) (closed, 2022-12-07); [hashicorp/terraform#36208 “terraform fmt should have the ability to ignore certain parts of the code”](https://github.com/hashicorp/terraform/issues/36208) (open, 2024-12-12) | medium: file ignores exist; partial ignores would enlarge the safety contract |
config-siblings	37	check-exit-codes	| `check-exit-codes` — Diff/check combinations hide output; shell wrappers can obscure failures | [hashicorp/terraform#24054 “terraform fmt with `-diff -list=false -check` has empty output”](https://github.com/hashicorp/terraform/issues/24054) (open, 2020-02-07); [hashicorp/terraform#32472 “terrafrom fmt in github actions doesn't fail the steps”](https://github.com/hashicorp/terraform/issues/32472) (closed, 2023-01-06) | high: test the full integration invocation, including pipelines; P11 |
config-siblings	38	other	| `other` — Truncating rewrites lose working-tree contents; replacement changes metadata | [hashicorp/terraform#39299 “`terraform fmt` leaves a `.tf` file empty when its write fails or the process is killed before the write”](https://github.com/hashicorp/terraform/issues/39299) (open, 2026-09-28); [hashicorp/terraform#39303 “fmt: Change how file content is replaced to reduce the chances of data loss in error scenarios”](https://github.com/hashicorp/terraform/pull/39303) (open, 2026-09-28) | high: our in-place fallback has the same interruption window; P12 |
config-siblings	62	comment-loss	| `comment-loss` — Comments in an otherwise empty array disappear | [tamasfe/taplo#198 “Removing comments in arrays after formatting”](https://github.com/tamasfe/taplo/issues/198) (closed, 2021-12-17); [tamasfe/taplo#182 “Comment moved out of array after formatting.”](https://github.com/tamasfe/taplo/issues/182) (closed, 2021-10-18) | high: a comments-only array has no value to carry its trivia; P2 |
config-siblings	63	comment-movement	| `comment-movement` — Array-item comments migrate to the closing bracket | [tamasfe/taplo#109 “Misformatting comment before item in list”](https://github.com/tamasfe/taplo/issues/109) (closed, 2021-05-10); [tamasfe/taplo#182 “Comment moved out of array after formatting.”](https://github.com/tamasfe/taplo/issues/182) (closed, 2021-10-18) | high: comment inventory does not prove attachment; P2 |
config-siblings	64	semantic-change	| `semantic-change` — Brackets in comments cause a following value to become comment text | [tamasfe/taplo#455 “Formatter destoys data”](https://github.com/tamasfe/taplo/issues/455) (closed, 2023-08-11); [tamasfe/taplo#548 “[bug]EvenBetterToml: Wrong formatting with square brackets in comments”](https://github.com/tamasfe/taplo/issues/548) (open, 2024-02-07); [tamasfe/taplo#456 “Fix comments with brackets”](https://github.com/tamasfe/taplo/pull/456) (merged, 2023-08-11) | high: valid output can silently remove an array element; P2 |
config-siblings	65	parse-error-handling	| `parse-error-handling` — Formatting incomplete TOML crashes or concatenates unrelated entries | [tamasfe/taplo#144 “Disable formatting invalid documents”](https://github.com/tamasfe/taplo/issues/144) (closed, 2021-07-21); [tamasfe/taplo#446 “vscode extension - formatter introduces syntax errors on invalid toml”](https://github.com/tamasfe/taplo/issues/446) (open, 2023-08-01) | high: format-on-save needs the same refusal behavior as batch mode; P10 |
config-siblings	66	crash	| `crash` — Comment alignment and long commented lines hit assertions/LSP crashes | [tamasfe/taplo#609 “Fix realign of comment makes debug assert fail”](https://github.com/tamasfe/taplo/pull/609) (merged, 2024-05-07); [tamasfe/taplo#741 “Long lines with comments crash the LSP”](https://github.com/tamasfe/taplo/issues/741) (open, 2025-02-04) | high: comment size should not change the verdict protocol; P13 |
config-siblings	67	line-width-layout	| `line-width-layout` — Array collapsing and inline-table defaults differ across versions | [tamasfe/taplo#390 “Array always auto collapses even when configured not to”](https://github.com/tamasfe/taplo/issues/390) (open, 2023-03-27); [tamasfe/taplo#132 “Wrong inline table format”](https://github.com/tamasfe/taplo/issues/132) (closed, 2021-07-02) | medium: style changes need pinned examples and migration notes |
config-siblings	68	config-ignore	| `config-ignore` — CLI overrides and stdin file rules were bypassed | [tamasfe/taplo#274 “format ignores options when no `taplo.toml` file exists”](https://github.com/tamasfe/taplo/issues/274) (closed, 2022-06-21); [tamasfe/taplo#418 “Match config when using format cmd `--stdin-filepath`”](https://github.com/tamasfe/taplo/pull/418) (merged, 2023-06-09) | high: all channels must derive the same effective options; P14 |
config-siblings	69	ordering	| `ordering` — Comments block requested sorting; lexical order differs from expected crate order | [tamasfe/taplo#675 “reorder_keys does not sort if there are comments”](https://github.com/tamasfe/taplo/issues/675) (open, 2024-09-13); [tamasfe/taplo#513 “Sort by crate lexicographical order”](https://github.com/tamasfe/taplo/pull/513) (merged, 2023-12-11) | medium: sorting trivia and keys is not independently safe |
config-siblings	70	check-exit-codes	| `check-exit-codes` — Users expect diff-only/read-only checks, but diff also writes | [tamasfe/taplo#416 “`format --diff` still overwrites file”](https://github.com/tamasfe/taplo/issues/416) (open, 2023-06-02); [tamasfe/taplo#191 “[taplo-cli] '--check' flag to 'format' command”](https://github.com/tamasfe/taplo/issues/191) (closed, 2021-11-26); [tamasfe/taplo#192 “feat: add --check option to taplo-cli format command”](https://github.com/tamasfe/taplo/pull/192) (merged, 2021-11-26) | high: a displayed diff must not silently opt into mutation; P11 |
config-siblings	71	performance	| `performance` — File discovery and JS formatting dominate perceived speed | [tamasfe/taplo#619 “`taplo-cli` very slow at collecting files”](https://github.com/tamasfe/taplo/issues/619) (open, 2024-06-12); [tamasfe/taplo#606 “Slow formatting when using @taplo/cli”](https://github.com/tamasfe/taplo/issues/606) (closed, 2024-05-02) | medium: benchmark discovery, startup and formatting separately |
config-siblings	93	comment-loss	| `comment-loss` — Detached/orphan comment paragraphs are deleted by policy | [pappasam/toml-sort#59 “Option to prevent deletion of orphan comments”](https://github.com/pappasam/toml-sort/issues/59) (open, 2023-05-07); [pappasam/toml-sort#11 “Keep comments above a key-value pair as is”](https://github.com/pappasam/toml-sort/issues/11) (closed, 2020-07-01) | high: refuse rather than implement their lossy default; P1 |
config-siblings	94	comment-movement	| `comment-movement` — Sorting or inserting tables detaches comments from their subject | [pappasam/toml-sort#32 “Keep comments above a key-value pair as is”](https://github.com/pappasam/toml-sort/pull/32) (merged, 2022-12-28); [python-poetry/tomlkit#295 “Comments from original TOML end up in the wrong spot”](https://github.com/python-poetry/tomlkit/issues/295) (open, 2023-06-02) | high: trivia belongs to a source relationship, not merely a value; P15 |
config-siblings	95	idempotence	| `idempotence` — A comments-only document is emitted twice | [pappasam/toml-sort#48 “Files that only contain comments are doubled”](https://github.com/pappasam/toml-sort/issues/48) (closed, 2023-02-26); [pappasam/toml-sort#51 “Files that only contain comments are doubled”](https://github.com/pappasam/toml-sort/pull/51) (merged, 2023-03-11) | high: inventory checks must count duplicates as well as missing comments; P1 |
config-siblings	96	semantic-change	| `semantic-change` — Dotted keys move under another table header | [pappasam/toml-sort#67 “Bug: toml-sort moves and entries to different groups”](https://github.com/pappasam/toml-sort/issues/67) (closed, 2023-12-31); [pappasam/toml-sort#103 “Keep dotted keys separate from table headers”](https://github.com/pappasam/toml-sort/pull/103) (closed, 2026-09-11) | high: our equivalent is crossing an include/override boundary; P6 |
config-siblings	97	semantic-change	| `semantic-change` — Coalesced dotted-key tables lose parent prefixes | [pappasam/toml-sort#101 “Can rewrite table names in some cases”](https://github.com/pappasam/toml-sort/issues/101) (closed, 2026-07-03); [pappasam/toml-sort#69 “toml-sort breaks ruff config by removing tool.ruff. prefix from sections”](https://github.com/pappasam/toml-sort/issues/69) (closed, 2024-05-07); [pappasam/toml-sort#103 “Keep dotted keys separate from table headers”](https://github.com/pappasam/toml-sort/pull/103) (closed, 2026-09-11) | high: source scopes cannot be reconstructed from merged values alone; P6 |
config-siblings	98	semantic-change	| `semantic-change` — Comment trivia changes placement of a root value after a table | [python-poetry/tomlkit#98 “Comment before table causes next entry to be in table”](https://github.com/python-poetry/tomlkit/issues/98) (closed, 2020-05-07); [pappasam/toml-sort#67 “Bug: toml-sort moves and entries to different groups”](https://github.com/pappasam/toml-sort/issues/67) (closed, 2023-12-31) | high: syntax metadata must not determine value scope accidentally; P6 |
config-siblings	99	comment-movement	| `comment-movement` — Array/inline-table commas become part of comments | [python-poetry/tomlkit#181 “Commas are sometimes appended to comments”](https://github.com/python-poetry/tomlkit/issues/181) (closed, 2022-03-24); [python-poetry/tomlkit#182 “Fix the bug that comments are appended with comma when rendering a multiline array”](https://github.com/python-poetry/tomlkit/pull/182) (merged, 2022-03-27); [python-poetry/tomlkit#512 “comma is appended to comment when adding to multiline inline table”](https://github.com/python-poetry/tomlkit/issues/512) (closed, 2026-06-12); [python-poetry/tomlkit#514 “Place inline-table separator after the value, not a trailing comment (fix #512)”](https://github.com/python-poetry/tomlkit/pull/514) (merged, 2026-06-13) | high: delimiters must be emitted before line comments; P2 |
config-siblings	100	config-ignore	| `config-ignore` — Schema directives are changed by comment spacing | [pappasam/toml-sort#105 “[BUG] toml-sort corrupts TOML `#:schema` directives”](https://github.com/pappasam/toml-sort/issues/105) (open, 2026-10-04); [pappasam/toml-sort#61 “Leading spaces in comments should be preserved”](https://github.com/pappasam/toml-sort/issues/61) (open, 2023-06-10) | high: comment normalization can change external-tool behavior; P16 |
config-siblings	101	ordering	| `ordering` — Per-key sorting overrides break for inline tables | [pappasam/toml-sort#76 “0.24.x breaks sorting for inline tables with overrides for the first key”](https://github.com/pappasam/toml-sort/issues/76) (closed, 2024-11-18); [pappasam/toml-sort#77 “Fix "first" sort for inline tables”](https://github.com/pappasam/toml-sort/pull/77) (merged, 2024-11-19) | medium: fine-grained policy adds interactions beyond printer layout |
config-siblings	102	check-exit-codes	| `check-exit-codes` — Check/in-place/pre-commit settings confuse nonmutating workflows | [pappasam/toml-sort#24 “Rename '--check' to '--check-only' or make changes to '--help' message”](https://github.com/pappasam/toml-sort/issues/24) (closed, 2022-07-25); [pappasam/toml-sort#39 “in_place = true doesn't work in pre-commit”](https://github.com/pappasam/toml-sort/issues/39) (closed, 2023-01-13) | high: CI and hook modes must share an explicit write decision; P11 |
config-siblings	125	comment-movement	| `comment-movement` — Blank lines alter INI comment/section attachment | [kddnewton/prettier-plugin-ini#518 “Empty lines between comments should be preserved”](https://github.com/kddnewton/prettier-plugin-ini/issues/518) (closed, 2022-12-27); [kddnewton/prettier-plugin-ini#35 “Handle blank lines in files without sections”](https://github.com/kddnewton/prettier-plugin-ini/pull/35) (merged, 2020-09-02) | high: a blank line must not strand a header; P1/P15 |
config-siblings	126	semantic-change	| `semantic-change` — Properties newline values disappear across serialization | [properties-file/properties-file#82 “Newlines are not preserved by .format”](https://github.com/properties-file/properties-file/issues/82) (closed, 2025-01-30); [properties-file/properties-file#2 “Serializing back to properties file? ”](https://github.com/properties-file/properties-file/issues/2) (closed, 2023-02-28) | high: typed value round trips need escaping, not line trimming; P5 |
config-siblings	127	ordering	| `ordering` — Duplicate deletion and the editor’s cached collection disagree | [properties-file/properties-file#92 “How to delete all key collisions except for the last one?”](https://github.com/properties-file/properties-file/issues/92) (closed, 2025-03-05); [properties-file/properties-file#175 “Calling delete() doesn't update this.collection”](https://github.com/properties-file/properties-file/issues/175) (closed, 2025-09-22) | medium: our duplicate report must remain separate from formatting mutations |
config-siblings	128	config-ignore	| `config-ignore` — Filename inference claimed HOSTS as INI until removed | [kddnewton/prettier-plugin-ini#612 “Error parsing hosts file”](https://github.com/kddnewton/prettier-plugin-ini/issues/612) (closed, 2024-07-17); [kddnewton/prettier-plugin-ini#618 “Remove hosts from filenames”](https://github.com/kddnewton/prettier-plugin-ini/pull/618) (merged, 2024-09-20) | medium: extension/content promises need explicit format refusal |
config-siblings	154	semantic-change	| `semantic-change` — Removing whitespace merges operators with `$` | [google/jsonnet#503 “formatting breaks compilation with assignment and $”](https://github.com/google/jsonnet/issues/503) (closed, 2018-04-21); [google/jsonnet#572 “jsonnet fmt `if ! foo` -> `if !foo`, which fails.”](https://github.com/google/jsonnet/issues/572) (closed, 2018-10-24) | high: HOCON concatenation also assigns meaning to token adjacency; P3 |
config-siblings	155	semantic-change	| `semantic-change` — Unquoting keyword fields produces invalid source | [google/jsonnet#170 “fmt on json does not identify keys that are keywords”](https://github.com/google/jsonnet/issues/170) (closed, 2016-04-28); [google/jsonnet#211 “jsonnet fmt unquotes local in object keys”](https://github.com/google/jsonnet/issues/211) (closed, 2016-06-28) | high: quoted HOCON path segments must remain distinct; P4 |
config-siblings	156	semantic-change	| `semantic-change` — Pretty-field rewriting is invalid inside object comprehensions | [google/go-jsonnet#879 “jsonnetfmt produces invalid output for object comprehensions with literal computed keys”](https://github.com/google/go-jsonnet/issues/879) (open, 2026-06-06); [google/go-jsonnet#880 “formatter: preserve [expr] key syntax in object comprehensions”](https://github.com/google/go-jsonnet/pull/880) (open, 2026-06-08) | medium: HOCON lacks comprehensions; analogous context-sensitive rewrites need grammar tests |
config-siblings	157	idempotence	| `idempotence` — A comma-on-own-line call grows blank lines across passes | [google/go-jsonnet#411 “jsonnetfmt edge case”](https://github.com/google/go-jsonnet/issues/411) (closed, 2020-05-20); [google/jsonnet#808 “Add a formatter test for go-jsonnet issue 411.”](https://github.com/google/jsonnet/pull/808) (merged, 2020-05-21); [google/jsonnet#329 “Add idempotence tests”](https://github.com/google/jsonnet/pull/329) (merged, 2017-07-25) | high: goldens alone need fixed-point assertions; P9 |
config-siblings	158	line-width-layout	| `line-width-layout` — Collections of objects have unstable-looking indentation layouts | [google/jsonnet#299 “Collection entry indentation inconsistency in fmt ”](https://github.com/google/jsonnet/issues/299) (closed, 2017-02-03); [google/jsonnet#334 “Add simple newline insertion to formatter”](https://github.com/google/jsonnet/pull/334) (merged, 2017-07-28) | medium: fit heuristics need multiline/comment fixtures |
config-siblings	159	line-width-layout	| `line-width-layout` — Binary expressions and parenthesized blocks acquire poor indentation | [google/jsonnet#278 “fmt creates less-than-ideal indentation”](https://github.com/google/jsonnet/issues/278) (closed, 2017-01-06); [google/jsonnet#294 “Fix formatter behavior around + and ()”](https://github.com/google/jsonnet/pull/294) (merged, 2017-01-29) | medium: preserve safe breakpoints before optimizing layout |
config-siblings	160	line-width-layout	| `line-width-layout` — Function/local binding alignment dedents nested bodies | [google/jsonnet#864 “Formatter alignment of function closing parenthesis unexpected”](https://github.com/google/jsonnet/issues/864) (open, 2020-11-24); [google/jsonnet#373 “Weird indentation after alignment”](https://github.com/google/jsonnet/issues/373) (open, 2017-09-20) | medium: alignment should not become a second indentation model |
config-siblings	161	other	| `other` — Quote-style conversion must escape content; option meaning needs clarity (bug plus question) | [google/jsonnet#197 “jsonnet fmt --string-style s does not escape single quotes in strings”](https://github.com/google/jsonnet/issues/197) (closed, 2016-05-27); [google/go-jsonnet#193 “[quesiton] is jsonnet fmt --string-style input??”](https://github.com/google/go-jsonnet/issues/193) (closed, 2018-02-20) | high: changing quotes cannot change the string value; P5 |
config-siblings	162	check-exit-codes	| `check-exit-codes` — Early abort and wrong diagnostic stream harm batch/editor pipelines | [google/jsonnet#365 “fmt -i with multiple files should not abort on first error”](https://github.com/google/jsonnet/issues/365) (closed, 2017-09-13); [google/jsonnet#638 “jsonnet reports errors to STDOUT, not STDERR”](https://github.com/google/jsonnet/issues/638) (closed, 2019-04-19) | high: the second source concerns the evaluator CLI, an integration analogue; P11 |
config-siblings	163	other	| `other` — Requested hexfloat extensions would couple parser and rendered dialect (feature proposal) | [google/jsonnet#499 “RFE: parser and formatter hexfloat support”](https://github.com/google/jsonnet/issues/499) (open, 2018-04-18); [google/jsonnet#517 “Hexfloat support for parser; formatter”](https://github.com/google/jsonnet/pull/517) (closed, 2018-05-17) | low: do not broaden the HOCON grammar merely to change numeric presentation |
config-siblings	189	semantic-change	| `semantic-change` — Trailing comment swallows an index bracket/comma | [cue-lang/cue#2567 “Cue fmt destroys working code”](https://github.com/cue-lang/cue/issues/2567) (closed, 2023-08-24); [cue-lang/cue#2274 “cmd/fmt: fmt emits invalid CUE when commenting struct references in lists”](https://github.com/cue-lang/cue/issues/2274) (closed, 2023-02-18) | high: output can look plausible while a delimiter belongs to prose; P2 |
config-siblings	190	idempotence	| `idempotence` — List-ending comment gains one comma per formatting cycle | [cue-lang/cue#1478 “cmd/fmt: comma appended to comment instead of list element”](https://github.com/cue-lang/cue/issues/1478) (closed, 2022-01-17); [cue-lang/cue#2653 “cue/fmt: comma added after comment”](https://github.com/cue-lang/cue/issues/2653) (closed, 2023-10-23) | high: counts and second-pass equality both matter; P2 |
config-siblings	191	comment-movement	| `comment-movement` — Simplifying structure changes help-comment scope | [cue-lang/cue#2672 “cmd/cue: fmt -s does not preserve the scope of comments which is important for tool files”](https://github.com/cue-lang/cue/issues/2672) (closed, 2023-11-02); [cue-lang/cue#3956 “cmd/cue: fmt inappropriately rearranges a comment that's on the opening line of a struct in a list”](https://github.com/cue-lang/cue/issues/3956) (open, 2025-06-09) | high: our flattened fields may keep text but detach its subject; P15 |
config-siblings	192	comment-loss	| `comment-loss` — Simplification drops comments on otherwise empty syntax | [cue-lang/cue#3198 “cue fmt --simplify removes ellipsis comments”](https://github.com/cue-lang/cue/issues/3198) (closed, 2024-06-04); [cue-lang/cue#2423 “cmd/fmt: invalid CUE emitted when all fields are commented inside struct”](https://github.com/cue-lang/cue/issues/2423) (closed, 2023-05-28) | high: empty containers still carry source annotations; P1/P2 |
config-siblings	193	semantic-change	| `semantic-change` — Unquoting labels or embedded string expressions changes lookup behavior | [cue-lang/cue#3189 “cmd/cue: fmt -s removes quotes in keys when it shouldn't”](https://github.com/cue-lang/cue/issues/3189) (closed, 2024-06-03); [cue-lang/cue#294 “cmd/cue: cue fmt -s can break expressions in strings”](https://github.com/cue-lang/cue/issues/294) (closed, 2021-07-03) | high: quoted dotted keys and literal `${...}` are not references; P4/P5 |
config-siblings	194	parse-error-handling	| `parse-error-handling` — Formatter errors or invalid identifiers can truncate a file | [cue-lang/cue#1744 “cmd/cue: fmt truncates file”](https://github.com/cue-lang/cue/issues/1744) (closed, 2022-06-01); [cue-lang/cue#2423 “cmd/fmt: invalid CUE emitted when all fields are commented inside struct”](https://github.com/cue-lang/cue/issues/2423) (closed, 2023-05-28) | high: obtain the complete verdict before opening for mutation; P10/P12 |
config-siblings	195	include-import-analog	| `include-import-analog` — Missing imports prevent formatting or silently skip other files | [cue-lang/cue#728 “cmd/cue: fmt should not attempt to resolve imports”](https://github.com/cue-lang/cue/issues/728) (closed, 2021-07-03); [cue-lang/cue#1938 “cmd/cue: fmt silently fails to work when there are missing imports”](https://github.com/cue-lang/cue/issues/1938) (closed, 2022-09-16) | high: formatting must not depend on included resources existing; P6 |
config-siblings	196	check-exit-codes	| `check-exit-codes` — CI needs read-only check/diff and unchanged stdin output | [cue-lang/cue#363 “cmd/cue: Allow "fmt" subcommand to indicate whether any formatting changes are necessary”](https://github.com/cue-lang/cue/issues/363) (closed, 2021-07-03); [cue-lang/cue#2408 “cue fmt flags for checking formatting”](https://github.com/cue-lang/cue/issues/2408) (closed, 2023-05-17); [cue-lang/cue#3067 “cmd/cue: fmt should always "write" to stdout from stdin (unless there is a parsing error)”](https://github.com/cue-lang/cue/issues/3067) (closed, 2024-04-28) | high: separate the write decision from what diagnostics are shown; P11 |
config-siblings	197	line-width-layout	| `line-width-layout` — Lists/fields gain inconsistent excess indentation | [cue-lang/cue#1018 “cmd/cue: fmt indents too much sometimes”](https://github.com/cue-lang/cue/issues/1018) (closed, 2021-07-03); [cue-lang/cue#2314 “cue/fmt: Lists are indented too much”](https://github.com/cue-lang/cue/issues/2314) (closed, 2023-03-25) | medium: style regression examples should accompany any printer change |
config-siblings	198	performance	| `performance` — Package loading formats far more slowly than explicit file lists | [cue-lang/cue#1201 “cmd/cue: improve performance of fmt”](https://github.com/cue-lang/cue/issues/1201) (closed, 2021-08-11); [cue-lang/cue#2193 “cmd/cue: fmt is significantly slower when using a package pattern rather than a list of files”](https://github.com/cue-lang/cue/issues/2193) (closed, 2022-12-16) | medium: do not load dependency graphs to format text |
config-siblings	222	idempotence	| `idempotence` — Trivia conversion changes empty collections and parameter lists on pass two | [NixOS/nixfmt#363 “Fix empty lists/sets with comments idempotency”](https://github.com/NixOS/nixfmt/pull/363) (merged, 2025-12-30); [NixOS/nixfmt#218 “Idempotency bug for comments in attribute parameters”](https://github.com/NixOS/nixfmt/issues/218) (closed, 2024-07-11); [NixOS/nixfmt#219 “Fix non-idempotent comments in attribute parameters”](https://github.com/NixOS/nixfmt/pull/219) (merged, 2024-07-11) | high: comments are syntax-bearing even when values are absent; P2 |
config-siblings	223	semantic-change	| `semantic-change` — Whitespace between division and annotation creates a different token | [NixOS/nixfmt#386 “test: add three failing --verify regressions found by fuzzing”](https://github.com/NixOS/nixfmt/pull/386) (merged, 2026-05-04); [NixOS/nixfmt#387 “Fix idempotency regressions found on #386 ”](https://github.com/NixOS/nixfmt/pull/387) (merged, 2026-05-06) | high: a fixed point needs parse/token equivalence too; P3 |
config-siblings	224	comment-movement	| `comment-movement` — Language annotations detach when comments are hoisted | [NixOS/nixfmt#425 “fix: keep language annotations attached when hoisting application comments”](https://github.com/NixOS/nixfmt/pull/425) (merged, 2026-07-07); [NixOS/nixfmt#343 “Language annotation support”](https://github.com/NixOS/nixfmt/pull/343) (merged, 2025-09-22) | high: preserving text does not preserve its scope; P16 |
config-siblings	225	comment-movement	| `comment-movement` — Let/inherit comments gain gaps or cross structural boundaries | [NixOS/nixfmt#100 “nixfmt keeps moving comments immediately after `in`”](https://github.com/NixOS/nixfmt/issues/100) (closed, 2022-08-29); [kamadorueda/alejandra#372 “Keep comments attached to the below line while in inherit”](https://github.com/kamadorueda/alejandra/issues/372) (closed, 2023-02-03); [kamadorueda/alejandra#379 “Don't add blank lines after comments in `inherit`”](https://github.com/kamadorueda/alejandra/pull/379) (merged, 2023-02-22) | high: attach comments to their actual subject; P15 |
config-siblings	226	embedded-language	| `embedded-language` — Trailing whitespace in multiline strings is removed; escapes misparse | [kamadorueda/alejandra#196 “Trailing spaces in multiline string incorrectly stripped”](https://github.com/kamadorueda/alejandra/issues/196) (closed, 2022-02-24); [kamadorueda/alejandra#417 “Valid escapes in `''` string are parsed as an error”](https://github.com/kamadorueda/alejandra/issues/417) (open, 2024-07-17) | high: literal payload bytes require protection from ordinary whitespace cleanup; P5 |
config-siblings	227	config-ignore	| `config-ignore` — Disable directives escape from one interpolation into following code | [NixOS/nixfmt#453 “/*nixfmt:disable*/ inside a string interpolation is not scoped to it”](https://github.com/NixOS/nixfmt/issues/453) (closed, 2026-08-29); [NixOS/nixfmt#388 “feat: add /*nixfmt:disable*/ and /*nixfmt:enable*/ comment directives”](https://github.com/NixOS/nixfmt/pull/388) (merged, 2026-05-09) | medium: only applies if we add partial ignores; scope them as syntax |
config-siblings	228	whitespace-eol-encoding	| `whitespace-eol-encoding` — Locale and bare-CR comment parsing disagree with the language parser | [NixOS/nixfmt#12 “Fix handling of UTF-8 with bad locales”](https://github.com/NixOS/nixfmt/pull/12) (merged, 2019-05-26); [NixOS/nixfmt#175 “Error when carriage return used as linebreak in comment”](https://github.com/NixOS/nixfmt/issues/175) (closed, 2024-03-27) | high: use strict UTF-8 and deterministic platform behavior; P17 |
config-siblings	229	line-width-layout	| `line-width-layout` — Expansion and width heuristics produce surprisingly long/wide layouts | [kamadorueda/alejandra#53 “Max line width adherance appears inconsistent”](https://github.com/kamadorueda/alejandra/issues/53) (closed, 2022-02-10); [kamadorueda/alejandra#63 “Overly-aggressive parenthesis expansion”](https://github.com/kamadorueda/alejandra/issues/63) (closed, 2022-02-10) | medium: width is a soft layout goal, never permission to change strings |
config-siblings	230	check-exit-codes	| `check-exit-codes` — Checking historically writes; verbose UI pollutes editor/filter workflows | [kamadorueda/alejandra#251 “`-c` formats and checks, instead of only checking”](https://github.com/kamadorueda/alejandra/issues/251) (closed, 2022-03-08); [kamadorueda/alejandra#295 “quiet by default?”](https://github.com/kamadorueda/alejandra/issues/295) (closed, 2022-05-31) | high: pipe output must remain formatted text and checks must be nonmutating; P11 |
config-siblings	231	performance	| `performance` — Lazy trivia retains memory; full repository formatting can stall | [NixOS/nixfmt#350 “some improvements wrt memory behaviour (and thus time behaviour, too) ”](https://github.com/NixOS/nixfmt/pull/350) (merged, 2025-10-23); [NixOS/nixfmt#234 “[fix] remove space leaks in (,) by using strict state”](https://github.com/NixOS/nixfmt/pull/234) (merged, 2024-08-16); [kamadorueda/alejandra#452 “Formatting is stuck when formatting Nixpkgs.”](https://github.com/kamadorueda/alejandra/issues/452) (closed, 2025-04-03) | medium: benchmark large commented documents as well as ordinary config |
config-siblings	232	other	| `other` — Doc-comment normalization changes tooling meaning | [NixOS/nixfmt#200 “Breaks doc comments”](https://github.com/NixOS/nixfmt/issues/200) (closed, 2024-05-14); [kamadorueda/alejandra#390 “double-asterisk in block comment opening delimiter forced onto separate lines”](https://github.com/kamadorueda/alejandra/issues/390) (closed, 2023-05-08); [kamadorueda/alejandra#401 “add formatting for doc-comments”](https://github.com/kamadorueda/alejandra/pull/401) (merged, 2023-09-13) | high: our ordinary comment marker normalization needs explicit external-tool boundaries; P16 |
config-siblings	255	embedded-language	| `embedded-language` — Regex quantifier braces are treated as block structure | [slomkowski/nginx-config-formatter#14 “Bug: curly brackets inside strings are treated as parts of the structure”](https://github.com/slomkowski/nginx-config-formatter/issues/14) (closed, 2019-02-10); [slomkowski/nginx-config-formatter#6 “fix rewrite regex number choice "curly bracket" case.”](https://github.com/slomkowski/nginx-config-formatter/pull/6) (merged, 2018-09-10); [slomkowski/nginx-config-formatter#17 “fix https://github.com/1connect/nginx-config-formatter/issues/14”](https://github.com/slomkowski/nginx-config-formatter/pull/17) (merged, 2019-07-24) | high: include/string scanners must respect quoted delimiters; P5 |
config-siblings	256	semantic-change	| `semantic-change` — Single-quoted semicolons break an Alt-Svc value while nginx syntax still passes | [slomkowski/nginx-config-formatter#29 “Breaks add_header alt-svc”](https://github.com/slomkowski/nginx-config-formatter/issues/29) (closed, 2023-02-07); [slomkowski/nginx-config-formatter#30 “Add support for single qoutes”](https://github.com/slomkowski/nginx-config-formatter/pull/30) (merged, 2024-09-22) | high: a parse-back check is weaker than value preservation; P5 |
config-siblings	257	semantic-change	| `semantic-change` — Multiple semicolons induce incorrect separators | [slomkowski/nginx-config-formatter#7 “add_header”](https://github.com/slomkowski/nginx-config-formatter/issues/7) (closed, 2018-10-13); [slomkowski/nginx-config-formatter#12 “fix the multi_semicolon bug”](https://github.com/slomkowski/nginx-config-formatter/pull/12) (merged, 2019-01-24) | high: one-line fields need token-level boundaries; P9 |
config-siblings	258	comment-movement	| `comment-movement` — Unmatched quotes inside comments alter later indentation | [slomkowski/nginx-config-formatter#20 “unmatched single-quote in comments breaking parsing”](https://github.com/slomkowski/nginx-config-formatter/issues/20) (closed, 2020-03-23); [slomkowski/nginx-config-formatter#23 “Corrected indentation to ignore unmatched quotes inside comments”](https://github.com/slomkowski/nginx-config-formatter/pull/23) (merged, 2021-02-09) | high: prose must never change scanner quote state; P18 |
config-siblings	259	include-import-analog	| `include-import-analog` — Substitution braces/adjacent placeholders are reconstructed incorrectly | [slomkowski/nginx-config-formatter#4 “invalid variable name with $”](https://github.com/slomkowski/nginx-config-formatter/issues/4) (closed, 2017-05-31); [slomkowski/nginx-config-formatter#35 “leftover ___TEMPLATE_VARIABLE_{OPENING,CLOSING}_TAG___ after formatting”](https://github.com/slomkowski/nginx-config-formatter/issues/35) (open, 2026-07-28); [slomkowski/nginx-config-formatter#21 “No need special treatment for variable `${aaa}`”](https://github.com/slomkowski/nginx-config-formatter/issues/21) (closed, 2020-06-29) | high: same structural risk as include masking/restoration; P19 |
config-siblings	260	line-width-layout	| `line-width-layout` — Multiline log/directive values lose continuation indentation | [slomkowski/nginx-config-formatter#9 “log_format”](https://github.com/slomkowski/nginx-config-formatter/issues/9) (closed, 2018-10-15); [slomkowski/nginx-config-formatter#13 “Multiline values formatting”](https://github.com/slomkowski/nginx-config-formatter/issues/13) (closed, 2019-02-10) | medium: document legal multiline layout, not shell-like guesses |
config-siblings	261	whitespace-eol-encoding	| `whitespace-eol-encoding` — Non-ASCII comments crash and OS line endings need an explicit policy | [slomkowski/nginx-config-formatter#2 “Formatter cannot handle non-ascii characters”](https://github.com/slomkowski/nginx-config-formatter/issues/2) (closed, 2017-02-16); [slomkowski/nginx-config-formatter#31 “nginx-config-formatter will change the line endings of all files to LF and is not configurable.”](https://github.com/slomkowski/nginx-config-formatter/issues/31) (closed, 2025-03-29) | high: UTF-8 handling must agree across platforms; P17 |
config-siblings	262	semantic-change	| `semantic-change` — Same-line directives before a block insert an extra semicolon | [slomkowski/nginx-config-formatter#16 “errounous semicolon after single-line location block”](https://github.com/slomkowski/nginx-config-formatter/issues/16) (closed, 2019-04-08); [slomkowski/nginx-config-formatter#33 “Incorrect semicolon placement”](https://github.com/slomkowski/nginx-config-formatter/issues/33) (open, 2026-07-18); [slomkowski/nginx-config-formatter#34 “Fix semicolon placement”](https://github.com/slomkowski/nginx-config-formatter/pull/34) (open, 2026-07-18) | high: masking must not swallow or duplicate adjacent syntax; P9 |
config-siblings	263	config-ignore	| `config-ignore` — Users ask for EditorConfig and configurable blank-line limits (features) | [slomkowski/nginx-config-formatter#28 “Respect editorconfig”](https://github.com/slomkowski/nginx-config-formatter/issues/28) (closed, 2022-12-19); [slomkowski/nginx-config-formatter#32 “feat: make max empty lines configurable via FormatterOptions and CLI”](https://github.com/slomkowski/nginx-config-formatter/pull/32) (merged, 2026-03-09) | medium: policy discovery increases integration parity work |
config-siblings	264	comment-movement	| `comment-movement` — EOL comment placement and internal comment alignment are disputed | [slomkowski/nginx-config-formatter#10 “Comment EOL”](https://github.com/slomkowski/nginx-config-formatter/issues/10) (closed, 2018-10-15); [slomkowski/nginx-config-formatter#11 “Normalization inside comments”](https://github.com/slomkowski/nginx-config-formatter/issues/11) (closed, 2018-10-15) | medium: hocon-fmt already documents its EOL-comment normalization |
config-siblings	289	other	| `other` — IDE comment commands/documentation differ by comment spelling | [AVSystem/intellij-hocon#12 “Hotkey "Comment with Line Comment" don't work in HOCON editor”](https://github.com/AVSystem/intellij-hocon/issues/12) (closed, 2019-04-11); [AVSystem/intellij-hocon#22 “'Quick Documentation' action does not work with "//" comments”](https://github.com/AVSystem/intellij-hocon/issues/22) (closed, 2019-10-15) | medium: these are editor features, not evidence that formatting loses comments |
config-siblings	315	comment-loss	| `comment-loss` — Rust previously accepted and dropped comments; explicit comment nodes repair it | [hoconfmt/hoconfmt#1 “Preserve comments in formatted HOCON output”](https://github.com/hoconfmt/hoconfmt/pull/1) (merged, 2026-03-13); [chimpler/pyhocon#223 “Preserving comments during parsing”](https://github.com/chimpler/pyhocon/issues/223) (open, 2020-03-03) | high: the second link is cross-library evidence, not a second Rust defect; P1/P2 |
config-siblings	349	comment-loss	| `comment-loss` — Comments separated by blank lines disappear from the value model | [lightbend/config#149 “Preserve comments across newlines?”](https://github.com/lightbend/config/issues/149) (closed, 2014-03-13); [chimpler/pyhocon#223 “Preserving comments during parsing”](https://github.com/chimpler/pyhocon/issues/223) (open, 2020-03-03); [chimpler/pyhocon#336 “Use pyhocon CLI as a formatter”](https://github.com/chimpler/pyhocon/issues/336) (open, 2025-04-02) | high: already our most common upstream refusal; P1 |
config-siblings	350	parse-error-handling	| `parse-error-handling` — EOF comments without a following value historically fail parsing | [chimpler/pyhocon#102 “Parser fails if the last line is a comment”](https://github.com/chimpler/pyhocon/issues/102) (closed, 2016-10-12); [chimpler/pyhocon#109 “Fixed case where last line is a comment #102”](https://github.com/chimpler/pyhocon/pull/109) (merged, 2016-12-03) | high: EOF and comments-only files are distinct grammar cases; P1 |
config-siblings	351	idempotence	| `idempotence` — Array comment spacing grows on every parse/render cycle | [lightbend/config#87 “Config.root.render adds extra space in configs on every call”](https://github.com/lightbend/config/issues/87) (closed, 2013-09-19); [lightbend/config#867 “Keep list comment rendering stable across round trips”](https://github.com/lightbend/config/pull/867) (merged, 2026-10-02); [lightbend/config#883 “Comments inside arrays gain an extra space on every render (render is not a fixed point)”](https://github.com/lightbend/config/issues/883) (open, 2026-10-06) | high: release 1.4.9 evidence and merged fix must be distinguished; P2 |
config-siblings	352	idempotence	| `idempotence` — Unresolved merges render diagnostic banners that grow exponentially | [lightbend/config#412 “Add an option to render a merged unresolved config”](https://github.com/lightbend/config/issues/412) (open, 2016-08-04); [lightbend/config#868 “Keep unresolved merge rendering stable across round trips”](https://github.com/lightbend/config/pull/868) (open, 2026-10-02) | high: our env-override and append refusals are directly related; P20 |
config-siblings	353	comment-movement	| `comment-movement` — Multiline description/comment strings are flattened or escape the comment | [lightbend/config#239 “Description containing newline will break the rendered HOCON”](https://github.com/lightbend/config/issues/239) (closed, 2015-01-20); [lightbend/config#260 “In render, put comment char in front of every description line”](https://github.com/lightbend/config/pull/260) (merged, 2015-02-26); [SpongePowered/Configurate#74 “Comment newlines not working”](https://github.com/SpongePowered/Configurate/issues/74) (closed, 2017-01-04); [SpongePowered/Configurate#83 “Fix reading of multi-line HOCON comments”](https://github.com/SpongePowered/Configurate/pull/83) (closed, 2017-10-04) | high: inventoried words do not prove safe comment syntax; P13 |
config-siblings	354	ordering	| `ordering` — Semantic maps sort or discard author order | [lightbend/config#733 “Address long standing ordering/sorting issues.”](https://github.com/lightbend/config/issues/733) (open, 2021-06-09); [lightbend/config#35 “ConfigImpl doesn't respect key order”](https://github.com/lightbend/config/issues/35) (closed, 2012-08-24); [SpongePowered/Configurate#162 “HOCON ordering vs comments”](https://github.com/SpongePowered/Configurate/issues/162) (closed, 2020-07-25); [SpongePowered/Configurate#446 “hocon: setup vendor project, remove config sorting on write and use order preserving collections”](https://github.com/SpongePowered/Configurate/pull/446) (merged, 2023-11-08) | high: an include boundary makes order observable; P6 |
config-siblings	355	include-import-analog	| `include-import-analog` — Document editing drops required-include parentheses; merge conversion loses included fields | [lightbend/config#766 “ConfigDocument seems to break include required() statements”](https://github.com/lightbend/config/issues/766) (open, 2022-05-02); [chimpler/pyhocon#110 “Substitution with merged configs is incorrect”](https://github.com/chimpler/pyhocon/issues/110) (open, 2017-01-06) | high: even syntax-preserving editing needs include regressions; P6 |
config-siblings	356	semantic-change	| `semantic-change` — Document replacement/removal mishandles whitespace or empty ancestors | [lightbend/config#295 “Add some failing tests for ConfigDocument.removeValue”](https://github.com/lightbend/config/pull/295) (merged, 2015-03-30); [lightbend/config#309 “Fix bug with ConfigDocument.setValue”](https://github.com/lightbend/config/pull/309) (merged, 2015-04-10) | high: do not implement formatting by value replacement; P21 |
config-siblings	357	semantic-change	| `semantic-change` — Quoted dotted/substitution-looking keys are split into paths | [chimpler/pyhocon#3 “Config can't have keys with dots in them.”](https://github.com/chimpler/pyhocon/issues/3) (closed, 2015-02-03); [chimpler/pyhocon#83 “Key with dots”](https://github.com/chimpler/pyhocon/pull/83) (merged, 2016-05-06); [emqx/hocon#269 “Substitution-like strings in keys are parsed incorrectly”](https://github.com/emqx/hocon/issues/269) (closed, 2023-08-08); [emqx/hocon#270 “fix: do not split quoted key as path”](https://github.com/emqx/hocon/pull/270) (merged, 2023-08-08) | high: a literal path segment is not a dotted path; P4 |
config-siblings	358	semantic-change	| `semantic-change` — Control-character/backslash escaping changes after conversion | [chimpler/pyhocon#209 “Wrong control characters escaping”](https://github.com/chimpler/pyhocon/issues/209) (open, 2019-07-22); [chimpler/pyhocon#202 “Use std json library to fix json string escaping.”](https://github.com/chimpler/pyhocon/pull/202) (merged, 2019-02-22) | high: parseability and idempotence do not establish original string equality; P5 |
config-siblings	359	embedded-language	| `embedded-language` — Triple-quoted backslashes are interpreted as escapes or swallow the terminator | [emqx/hocon#290 “breaking: no escape at all in triple quotes”](https://github.com/emqx/hocon/pull/290) (merged, 2024-03-03); [emqx/hocon#307 “fix: prevent trailing backslash from "eating" triple quotes”](https://github.com/emqx/hocon/pull/307) (merged, 2025-04-22) | high: raw-string bytes must remain raw, even with SQL/regex payloads; P5 |
config-siblings	360	semantic-change	| `semantic-change` — Empty strings or empty collections disappear | [chimpler/pyhocon#232 “Empty strings in arrays are removed after parsing”](https://github.com/chimpler/pyhocon/issues/232) (open, 2020-06-07); [SpongePowered/Configurate#93 “HoconConfigurationLoader cannot handle empty list normally”](https://github.com/SpongePowered/Configurate/issues/93) (closed, 2018-04-14); [SpongePowered/Configurate#120 “Ensure the node type is set when loading empty lists and objects”](https://github.com/SpongePowered/Configurate/pull/120) (closed, 2018-08-02) | high: parser loss cannot be noticed by reparsing its own output; P8 |
config-siblings	361	semantic-change	| `semantic-change` — A null sentinel is printed as an implementation object | [chimpler/pyhocon#122 “HOCONConverter.to_json can't convert `null` value”](https://github.com/chimpler/pyhocon/issues/122) (closed, 2017-08-21); [chimpler/pyhocon#124 “Handle NoneValue for converting methods.”](https://github.com/chimpler/pyhocon/pull/124) (merged, 2017-08-24) | high: null, absent, empty string and empty list are different values; P8 |
config-siblings	362	semantic-change	| `semantic-change` — Substitution resolution ignores assignment override order | [chimpler/pyhocon#271 “Wrong Order in Substitution Resolution Leads to Faulty Configuration”](https://github.com/chimpler/pyhocon/issues/271) (closed, 2021-09-22); [chimpler/pyhocon#257 “#256 - Process substitution overrides in order”](https://github.com/chimpler/pyhocon/pull/257) (merged, 2021-03-13); [chimpler/pyhocon#287 “Fix broken overrides”](https://github.com/chimpler/pyhocon/pull/287) (merged, 2022-07-07) | high: keep repeated definitions and test multiple environment states; P20 |
config-siblings	363	other	| `other` — Derived writer names change across Scala/compiler/library versions (bug plus naming policy) | [pureconfig/pureconfig#782 “Scala 2.13.3 render issue with 0.12.3”](https://github.com/pureconfig/pureconfig/issues/782) (closed, 2020-06-26); [pureconfig/pureconfig#239 “CamelCase is converted to lowercase with hiphen”](https://github.com/pureconfig/pureconfig/issues/239) (closed, 2017-05-23) | medium: do not use typed round-trip writers as our source-fidelity oracle |
data-markup	27	comment-loss	- **comment-loss** — JSON/JSONC comments rejected or dropped; `.json` is parsed as JSON, so `--write` refuses the file. [#5263](https://github.com/prettier/prettier/issues/5263) "[JSON] Trailing comments are not handled" (closed, 2018-10-14); [#2378](https://github.com/prettier/prettier/issues/2378) ".json which include comments" (closed, 2017-07-03). CSS analog: [#2127](https://github.com/prettier/prettier/issues/2127) "CSS: Comment gets eaten" (closed, 2017-06-13); [#2468](https://github.com/prettier/prettier/issues/2468) "CSS comment partially eaten" (closed, 2017-07-12).
data-markup	28	comment-movement	- **comment-movement** — [#3178](https://github.com/prettier/prettier/issues/3178) "JSON comment at the top moved into object" (closed, 2017-11-07); [#4257](https://github.com/prettier/prettier/issues/4257) "markdown: multi-line comments keep moving to the right" (closed, 2018-04-04); [#19863](https://github.com/prettier/prettier/pull/19863) "fix(markdown): avoid inserting blank lines around HTML comments between list items" (closed, 2026-08-16).
data-markup	29	idempotence	- **idempotence** — a dedicated tracker: [#7055](https://github.com/prettier/prettier/issues/7055) "Idempotence testing: prettier(code) == prettier(prettier(code))" (closed, 2019-11-26); recent cases [#20052](https://github.com/prettier/prettier/issues/20052) "CSS: custom property with only `\!important\` as value is not idempotent — extra space added on every format" (closed, 2026-09-13); [#19644](https://github.com/prettier/prettier/issues/19644) "Markdown: non-idempotent indent drift (+4/run) for wrapped paragraph under a task-list item (regression in 3.9.0)" (closed, 2026-07-16).
data-markup	30	semantic-change	- **semantic-change** — Markdown line breaks can change rendering: [#3344](https://github.com/prettier/prettier/issues/3344) "Markdown: line break behaviour creates new elements and changes meaning, makes Prettier non-idempotent" (closed, 2017-11-29); [#14360](https://github.com/prettier/prettier/issues/14360) "\"SyntaxError: Unexpected token\" when adding comments to markdown code" (closed, 2023-02-14).
data-markup	31	line-width-layout	- **line-width-layout** — comments are not reflowed and may exceed the width; YAML blank lines around them are the pain: [#10922](https://github.com/prettier/prettier/issues/10922) "Yaml remove new line before last comment" (closed, 2021-05-21); [#10926](https://github.com/prettier/prettier/pull/10926) "[YAML] Allow to set amount of spaces between comments and content" (closed, 2021-05-22).
data-markup	32	whitespace-eol-encoding	- **whitespace-eol-encoding** — [#9130](https://github.com/prettier/prettier/issues/9130) "Unexpectedly doubles a blank line before a YAML comment (2.1.0 regression)" (closed, 2020-09-02), fixed by [#9143](https://github.com/prettier/prettier/pull/9143) "YAML: Fix printing doubles a blank line before a comment" (closed, 2020-09-04); [#18349](https://github.com/prettier/prettier/issues/18349) "Adding blank line after frontmatter breaks xml." (closed, 2025-11-27).
data-markup	33	parse-error-handling	- **parse-error-handling** — JSONC and commented `package.json`: [#17107](https://github.com/prettier/prettier/issues/17107) "Currently, when looking for prettier config it will try to parse `package.json` and it will fail if it contains comments. Plee open an issue for it." (closed, 2025-02-13); YAML ignore being ignored: [#7805](https://github.com/prettier/prettier/issues/7805) "Prettier ignore comment is ignored on yaml files" (closed, 2020-03-20).
data-markup	34	config-ignore	- **config-ignore** — [#8572](https://github.com/prettier/prettier/issues/8572) "Support prettier-ignore comment for specific option" (closed, 2020-06-16); [#7805](https://github.com/prettier/prettier/issues/7805) above.
data-markup	35	embedded-language	- **embedded-language** — comments in a nested language drift: [#3889](https://github.com/prettier/prettier/issues/3889) "Comment in css (in markdown) identation keeps increasing" (closed, 2018-02-05); [#8690](https://github.com/prettier/prettier/issues/8690) "Intentional align of comments in YAML within Markdown is not respected" (closed, 2020-07-01); [#11202](https://github.com/prettier/prettier/issues/11202) "HTML comments followed by list in markdown code blocks adds heading 2" (closed, 2021-07-14).
data-markup	36	crash	- **crash** — [#4306](https://github.com/prettier/prettier/issues/4306) "Code blocks in markdown list items with two or more empty lines may crash parser" (closed, 2018-04-12); [#5219](https://github.com/prettier/prettier/issues/5219) "CSS in JS crashes with variable wrapped in quotes" (closed, 2018-10-09); [#9368](https://github.com/prettier/prettier/issues/9368) "Crash in forceNextEmptyLine" (closed, 2020-10-10).
data-markup	37	check-exit-codes	- **check-exit-codes** — `--check` exits 1 on differences and prints the offenders, parse errors are hard errors (<https://prettier.io/docs/cli>); the ignored-YAML-ignore bug (#7805) makes `--check` disagree with what `--write` would do.
data-markup	80	comment-loss	- **comment-loss** — [#254](https://github.com/google/yamlfmt/issues/254) "yamlfmt removes comment from yaml with only a comment" (closed, 2025-06-10; the v0.17.1 release notes of 2025-06-19 explain the empty parse tree); [#258](https://github.com/google/yamlfmt/issues/258) "Difficult to comment out lines in a yaml file" (closed, 2025-06-18).
data-markup	81	comment-movement	- **comment-movement** — [#255](https://github.com/google/yamlfmt/issues/255) "Incorrect comment movement for groups of array items" (closed); [#301](https://github.com/google/yamlfmt/issues/301) "Comment on multiline map key is moved to value" (closed).
data-markup	82	idempotence	- **idempotence** — [#289](https://github.com/google/yamlfmt/issues/289) "Not idempotent: adds extra newline after comment before document separator on repeated runs" (closed, 2025-11-25).
data-markup	83	include-import-analog	- **include-import-analog** (anchors/aliases) — [#242](https://github.com/google/yamlfmt/issues/242) "Issue when anchor is used as a key" (closed, 2025-03-13; v0.17.0 notes: `yaml.v3` emitted an invalid document); [#102](https://github.com/google/yamlfmt/issues/102) "Anchors formatted with unexpected merge tags" (closed, 2023-03-29); [#51](https://github.com/google/yamlfmt/issues/51) "Config option to reject anchors and aliases?" (closed, 2022-09-22).
data-markup	84	whitespace-eol-encoding	- **whitespace-eol-encoding** — [#192](https://github.com/google/yamlfmt/issues/192) "New line issues with comments on Windows with CRLF EOL" (closed; v0.3.0 release notes, 2022-08-27: "Works with CRLF"); [#250](https://github.com/google/yamlfmt/issues/250) "Extra whitespace after !!merge <<: *anchor introduced in 0.17" (closed, 2025-05-26).
data-markup	85	line-width-layout	- **line-width-layout** — [#34](https://github.com/google/yamlfmt/issues/34) "yamlfmt insert blank line between commented line" (closed, 2022-08-26).
data-markup	86	config-ignore	- **config-ignore** — [#104](https://github.com/google/yamlfmt/issues/104) "feat: support multiple spaces before line comments" (closed, 2023-04-01; shipped as `pad_line_comments`); [#51](https://github.com/google/yamlfmt/issues/51) above.
data-markup	87	crash	- **crash** — [#300](https://github.com/google/yamlfmt/issues/300) "frequent crashes" (closed, 2025-12-12).
data-markup	88	other	- **other** (yamllint false positives on comments) — [#171](https://github.com/adrienverge/yamllint/issues/171) "Empty lines in comments not handled sensibly by require-starting-space" (closed, 2019-03-25); [#116](https://github.com/adrienverge/yamllint/issues/116) "comments rule with require-starting-space: true should special case shebang" (closed, 2018-05-27); [#361](https://github.com/adrienverge/yamllint/issues/361) "Rule 'comments' should ignore Cloud-Init \"#cloud-config\" similar to shebangs" (closed, 2021-02-23); [#603](https://github.com/adrienverge/yamllint/issues/603) "Wrong removal of empty lines before comments following empty or flow elements" (closed, 2023-10-20).
data-markup	89	ordering	- **ordering** (yamllint anchors) — [#88](https://github.com/adrienverge/yamllint/issues/88) "anchor references seen as duplicate key" (closed, 2017-11-30), fixed by [#90](https://github.com/adrienverge/yamllint/pull/90) "88 anchor references seen as duplicate key" (closed, 2017-12-07); [#395](https://github.com/adrienverge/yamllint/issues/395) "yamllint allows referencing a non-existant anchor" (closed, 2021-07-20); [#786](https://github.com/adrienverge/yamllint/issues/786) "Remove rule \"anchors\" from default config file" (closed, 2025-10-11).
data-markup	127	comment-loss	- **comment-loss** (structural) — [#402](https://github.com/jqlang/jq/issues/402) "Comments in Json" (closed, 2014-06-11); [#695](https://github.com/jqlang/jq/issues/695) "support comments in json" (closed, 2015-02-11); [#3041](https://github.com/jqlang/jq/issues/3041) "Ignore comments when reading JSONs" (closed, 2024-02-13).
data-markup	128	include-import-analog	- **include-import-analog** — [#3570](https://github.com/jqlang/jq/pull/3570) "Fix compile crash in transitive include chains" (closed, 2026-06-25); [#3497](https://github.com/jqlang/jq/pull/3497) "Fix crash when importing a module with errors twice" (closed, 2026-03-04).
data-markup	129	crash	- **crash** — [#1804](https://github.com/jqlang/jq/issues/1804) "Crash in jq_next calling jvp_utf8_decode_length on master 3c5b141" (closed, 2019-02-02); [#2533](https://github.com/jqlang/jq/issues/2533) "Crash on halt_error" (closed, 2023-01-30).
data-markup	130	whitespace-eol-encoding	- **whitespace-eol-encoding** — [#2276](https://github.com/jqlang/jq/issues/2276) "Multiple consecutive newlines are causing memory error and crash with --raw-input" (closed, 2021-02-25); [#2447](https://github.com/jqlang/jq/issues/2447) "Cannot read HTML comments from arguments" (closed, 2022-06-26).
data-markup	131	other	- **other** — [#2550](https://github.com/jqlang/jq/issues/2550) "organizing to release JQ 1.6.2 and JQ 1.7: Your suggestions/comments would be appreciated" (closed, 2023-03-07): the most-discussed item is the release cadence, not formatting.
data-markup	165	comment-movement	- **comment-movement** — [#3920](https://github.com/biomejs/biome/issues/3920) "🐛 Input `()` in a comment, the comment line moves strangely" (closed, 2024-09-14); [#3873](https://github.com/biomejs/biome/issues/3873) "📝 CSS Formatter inverts comma separated elements and comments" (closed, 2024-09-13); [#12058](https://github.com/biomejs/biome/pull/12058) "fix(useSortedKeys): break line after trailing line comment when sorting" (closed, 2026-10-01).
data-markup	166	idempotence	- **idempotence** — [#7912](https://github.com/biomejs/biome/issues/7912) "💅 Linter: `lint --write` is not idempotent on Astro frontmatter, while `lint` reports no issues" (closed, 2025-10-29); [#9970](https://github.com/biomejs/biome/issues/9970) "HTML `check --write` is not idempotent: embedded CSS/JS indentation grows on each pass when comments are present" (closed, 2026-04-13); [#1171](https://github.com/biomejs/biome/issues/1171) "📝 A commuted empty statement inside an arrow function leads to non-idempotent formatting" (closed, 2023-12-13).
data-markup	167	semantic-change	- **semantic-change** — comments forcing invalid output: [#10363](https://github.com/biomejs/biome/pull/10363) "fix(format/html): fix case where comments cause invalid html" (closed, 2026-05-13); CSS comma inversion [#3873](https://github.com/biomejs/biome/issues/3873) above.
data-markup	168	config-ignore	- **config-ignore** — [#9781](https://github.com/biomejs/biome/issues/9781) "🐛 [v2.4.10] format cli command tries (and fails) to format files with disabled formatting via biome ignore comment" (closed, 2026-04-02); [#6509](https://github.com/biomejs/biome/issues/6509) "🐛 Can't ignore nested biome.json configuration" (closed, 2025-06-23); [#7942](https://github.com/biomejs/biome/issues/7942) "🐛 Still can't ignore nested biome.json configuration" (closed, 2025-11-02).
data-markup	169	check-exit-codes	- **check-exit-codes** — [#1634](https://github.com/biomejs/biome/issues/1634) "🐛 UTF-16 file throws error, but exit code is 0" (closed, 2024-01-22); [#3726](https://github.com/biomejs/biome/pull/3726) "fix(cli): don't emit diagnostics in stdin mode, and exit with error code" (closed, 2024-08-27).
data-markup	170	parse-error-handling	- **parse-error-handling** — [#8451](https://github.com/biomejs/biome/issues/8451) "🐛 Parse error for JSONC files with comments in .vscode/settings.json and .cursor/settings.json" (closed, 2025-12-14); [#237](https://github.com/biomejs/biome/issues/237) "🐛 Tsconfig.json file always throw errors \"expected a property but instead found '}'\"" (closed, 2023-09-11).
data-markup	172	crash	- **crash** — [#8563](https://github.com/biomejs/biome/issues/8563) "🐛 Frequent crashes due to assertion failure: `start.raw <= end.raw`" (closed, 2025-12-23); [#1695](https://github.com/biomejs/biome/issues/1695) "💅 Consistent crash on malformed ternary" (closed, 2024-01-28); [#1950](https://github.com/biomejs/biome/issues/1950) "🐛  Biome formatter crashes on a valid typescript file with no further information" (closed, 2024-03-01).
data-markup	173	ordering	- **ordering** — [#1563](https://github.com/biomejs/biome/issues/1563) "🐛 Import sorting breaks when a copyright comment is present" (closed, 2024-01-14); [#12058](https://github.com/biomejs/biome/pull/12058) above.
data-markup	174	comment-loss	- **comment-loss** — [#8294](https://github.com/biomejs/biome/issues/8294) "📝 Astro comments aren't correctly recognized" (closed, 2025-11-27); [#6621](https://github.com/biomejs/biome/issues/6621) "💅 Squashing suppression comments causes false negatives" (closed, 2025-06-29).
data-markup	211	crash	- **crash** — [#669](https://github.com/dprint/dprint/issues/669) "Published npm package and vscode extension crash with \"thread 'tokio-runtime-worker' panicked at 'assertion failed: !result.is_null()'\"" (closed, 2023-05-02); [#877](https://github.com/dprint/dprint/issues/877) "Complex config + many CLI files = crash" (closed, 2024-07-02); [#834](https://github.com/dprint/dprint/issues/834) "plugin-prettier causes `dprint fmt` to crash on Apple M3" (closed, 2024-03-26).
data-markup	212	whitespace-eol-encoding	- **whitespace-eol-encoding** — [#601](https://github.com/dprint/dprint/issues/601) "Error if plugin text is not all whitespace and the result is empty" (closed, 2022-12-17); [#750](https://github.com/dprint/dprint/issues/750) "Error when a plugin returns an empty string for non-whitespace text with char length over certain amount" (closed, 2023-09-26); [#1084](https://github.com/dprint/dprint/issues/1084) "[dockerfile] Indentation error with comments in command chaining &&" (closed, 2026-01-28).
data-markup	213	comment-loss	- **comment-loss** — [#51](https://github.com/dprint/dprint/issues/51) "Missing comments when comment follows method in some scenarios" (closed, 2019-10-16); [#120](https://github.com/dprint/dprint/issues/120) "Fix comments inside empty braces, brackets, and parens" (closed, 2020-03-08).
data-markup	214	idempotence	- **idempotence** — [#422](https://github.com/dprint/dprint/issues/422) "Add runtime assertions that formatting is idempotent" (closed, 2021-09-30) — the only direct record, a request on the maintainer's own roadmap.
data-markup	215	config-ignore	- **config-ignore** — [#213](https://github.com/dprint/dprint/issues/213) "Flag to automatically add an ignore file comment on files that error" (closed, 2020-05-19); [#20](https://github.com/dprint/dprint/issues/20) "Ability to suppress formatting of a node with a comment" (closed, 2019-08-17).
data-markup	253	comment-loss	- **comment-loss** — [#2](https://github.com/prettier/plugin-xml/issues/2) "Preserve comments" (closed, 2019-11-13); [#13](https://github.com/prettier/plugin-xml/issues/13) "Commented elements are uncommented" (closed, 2019-11-15); [#189](https://github.com/prettier/plugin-xml/issues/189) "Comments are not preserved" (closed, 2021-06-03).
data-markup	254	whitespace-eol-encoding	- **whitespace-eol-encoding** — [#138](https://github.com/prettier/plugin-xml/issues/138) "Some significant whitespace is inserted in \"xmlWhitespaceSensitivity: ignore\" mode" (closed, 2020-11-01); [#768](https://github.com/prettier/plugin-xml/issues/768) "Whitespace formatting isn't valid and idempotent with `ignore` sensitivity" (closed, 2024-02-16); [#748](https://github.com/prettier/plugin-xml/issues/748) "Preserve whitespace in empty `<xsl:text>` nodes" (closed, 2024-01-05).
data-markup	255	semantic-change	- **semantic-change** — [#113](https://github.com/prettier/plugin-xml/issues/113) "Wrong whitespace added to csproj" (closed, 2020-08-19); [libxml2#380](https://gitlab.gnome.org/GNOME/libxml2/-/issues/380) "<![if !supportLists]>...<![endif]> turned into literal text instead of dropping  the tags (regression)" (closed, 2022-07-15).
data-markup	256	line-width-layout	- **line-width-layout** (xmllint) — [libxml2#609](https://gitlab.gnome.org/GNOME/libxml2/-/issues/609) "(innermost/terminating) indents in xmllint not enough" (closed, 2023-10-20); [libxml2#56](https://gitlab.gnome.org/GNOME/libxml2/-/issues/56) "Closing tag sometimes not indented (xmllint)" (closed, 2019-05-01); [libxml2#358](https://gitlab.gnome.org/GNOME/libxml2/-/issues/358) "xmllint --format inconsistently drops newlines" (closed, 2022-03-27); [libxml2#16](https://gitlab.gnome.org/GNOME/libxml2/-/issues/16) "xmllint failed to properly `--format` certain SVG image" (closed, 2018-08-15).
data-markup	257	include-import-analog	- **include-import-analog** (XInclude) — [libxml2#945](https://gitlab.gnome.org/GNOME/libxml2/-/issues/945) "xmllint 2.14: --path ignored and xi:include now errors without fallback" (closed, 2025-06-25); [libxml2#986](https://gitlab.gnome.org/GNOME/libxml2/-/issues/986) "xmllint --path behaviour change between 2.13.x and 2.14.x" (closed, 2025-09-16).
data-markup	258	whitespace-eol-encoding	- **whitespace-eol-encoding** (xmllint) — [libxml2#628](https://gitlab.gnome.org/GNOME/libxml2/-/issues/628) "CRLF handling after a comment" (closed, 2023-11-25); [libxml2#151](https://gitlab.gnome.org/GNOME/libxml2/-/issues/151) "Incorrect line number counting when parsing comments with empty lines with CRLF endings" (closed, 2020-03-14); [libxml2#330](https://gitlab.gnome.org/GNOME/libxml2/-/issues/330) "Too many \"Double hyphen within comment\" errors for a single pass" (closed, 2022-01-27).
data-markup	259	crash	- **crash** — [#96](https://github.com/prettier/plugin-xml/issues/96) "Crashes while formatting NativeScript XML" (closed, 2020-07-03); [#864](https://github.com/prettier/plugin-xml/pull/864) "prevent crash in locStart/locEnd when node location is undefined" (closed, 2025-04-11); [libxml2#195](https://gitlab.gnome.org/GNOME/libxml2/-/issues/195) "Segfault in Xmllint at xmllint.c:3359" (closed, 2020-10-22); [libxml2#86](https://gitlab.gnome.org/GNOME/libxml2/-/issues/86) "stack overflow in libxml2-2.9.9  due to too much recursion" (closed, 2019-08-15).
data-markup	301	comment-movement	- **comment-movement** — [llvm#46933](https://github.com/llvm/llvm-project/issues/46933) "clang-format-11: regression in aligned comments" (closed, 2020-09-20); [llvm#59635](https://github.com/llvm/llvm-project/issues/59635) "clang-format-16 `AlignTrailingComments: Kind: Leave` moves comments #2" (closed, 2022-12-21); [llvm#67906](https://github.com/llvm/llvm-project/issues/67906) "clang-format-18 Comments alligned across scopes" (closed, 2023-10-01); [llvm#208324](https://github.com/llvm/llvm-project/pull/208324) "[clang-format] Fix OverEmptyLines aligning trailing comments across block boundaries" (closed, 2026-07-08).
data-markup	302	comment-loss	- **comment-loss** (integrity/misindent) — [llvm#52649](https://github.com/llvm/llvm-project/issues/52649) "clang-format breaks comment integrity with SpacesInLineCommentPrefix" (closed, 2021-12-13); [llvm#21069](https://github.com/llvm/llvm-project/issues/21069) "clang-format c comment in preprocessor macro" (closed, 2014-08-18); [llvm#32477](https://github.com/llvm/llvm-project/issues/32477) "clang-format resets comment indentation before ifdefs" (closed, 2017-05-22); [llvm#55795](https://github.com/llvm/llvm-project/issues/55795) "[clang-format] Misindented comments inside preprocessor directives." (closed, 2022-05-31).
data-markup	303	idempotence	- **idempotence** — [llvm#51808](https://github.com/llvm/llvm-project/issues/51808) "clang-format not idempotent with long comment containing tabs" (closed, 2021-11-10); buf [#4620](https://github.com/bufbuild/buf/issues/4620) "`buf format` silently deletes a comment that is separated from the following element by a blank line inside an option aggregate (not idempotent)" (closed, 2026-07-19); [#4650](https://github.com/bufbuild/buf/issues/4650) "buf format v1.71+ regressions: non-idempotent inline block comments and stripped interior indentation" (closed, 2026-08-21); [#3148](https://github.com/bufbuild/buf/issues/3148) "buf format: Unstable results with comment after a value in an array in an option" (closed, 2024-07-10).
data-markup	304	comment-loss	- **comment-loss** (buf) — [#3322](https://github.com/bufbuild/buf/issues/3322) "Buf format deletes inline comments in some cases" (closed, 2024-09-15); [#3423](https://github.com/bufbuild/buf/issues/3423) "`buf beta lsp` formatting duplicates leading comments in file" (closed, 2024-10-28); [#4620](https://github.com/bufbuild/buf/issues/4620) above.
data-markup	305	whitespace-eol-encoding	- **whitespace-eol-encoding** — buf [#1924](https://github.com/bufbuild/buf/issues/1924) "`buf format` preserves indentation on blank lines inside block comments" (closed, 2023-03-16); [#3005](https://github.com/bufbuild/buf/issues/3005) "Buf format reported to add whitespace within commented-out lines" (closed, 2024-05-21); [#1839](https://github.com/bufbuild/buf/issues/1839) "buf format: comment whitespace is still a little wonky" (closed, 2023-02-15); [#1062](https://github.com/bufbuild/buf/issues/1062) "Format with trailing comments alignment" (closed, 2022-04-11).
data-markup	307	partial-range	- **partial-range** — [llvm#56352](https://github.com/llvm/llvm-project/issues/56352) "clang-format crash with --lines and `CompactNamespaces: true NamespaceIndentation: All`" (closed, 2022-07-02); ranges are documented as single-input only (<https://clang.llvm.org/docs/ClangFormat.html>).
data-markup	308	ordering	- **ordering** — [llvm#177326](https://github.com/llvm/llvm-project/pull/177326) "[clang-format]  Ignore imports in comments for Java import sorting" (closed, 2026-01-22); `SortIncludes` reorders includes (<https://clang.llvm.org/docs/ClangFormatStyleOptions.html>).
data-markup	309	crash	- **crash** — [llvm#50007](https://github.com/llvm/llvm-project/issues/50007) "[clang-format] Crash with Whitesmiths and labels in top-level block" (closed, 2021-06-10); [llvm#51277](https://github.com/llvm/llvm-project/issues/51277) "clang-format-13 crashes with AlignArrayOfStructures" (closed, 2021-09-22); [llvm#55493](https://github.com/llvm/llvm-project/issues/55493) "[clang-format] `AlignArrayOfStructures` crashes with trailing comment" (closed, 2022-05-16); [llvm#33293](https://github.com/llvm/llvm-project/issues/33293) "Clang-format crashes on file with UCS-2 LE BOM encoding   Assertion failed: getClient() && \"DiagnosticClient not set!\"" (closed, 2017-07-26); buf [#4028](https://github.com/bufbuild/buf/issues/4028) "Segfault when formatting file that is missing field order specifiers" (closed, 2025-09-24).
data-markup	310	performance	- **performance** — buf [#3593](https://github.com/bufbuild/buf/issues/3593) "Format very slow when `--path` not used; confusing UX for formatting multiple files" (closed, 2025-01-15).
data-markup	311	check-exit-codes	- **check-exit-codes** — buf [#1230](https://github.com/bufbuild/buf/issues/1230) "buf format and an buf lint behave inconsistently when no *.proto files discovered." (closed, 2022-06-24); `--exit-code` is the documented contract (<https://buf.build/docs/reference/cli/buf/format>).
data-markup	312	config-ignore	- **config-ignore** — [#63](https://github.com/bufbuild/buf/issues/63) "Add configuration option to enable inline comment-driven ignores" (closed, 2020-05-21); [#3048](https://github.com/bufbuild/buf/issues/3048) "`// buf:lint:ignore PROTOVALIDATE` comment ignore does not work" (closed, 2024-06-05); [#4046](https://github.com/bufbuild/buf/issues/4046) "buf lint comment ignores do not work" (closed, 2025-10-10).
data-markup	354	comment-loss	- **comment-loss** — SQLFluff [#128](https://github.com/sqlfluff/sqlfluff/issues/128) "Bug: Some comments were deleted when I ran \"sqlfluff fix --rules L016\"" (closed, 2020-01-16); [#3157](https://github.com/sqlfluff/sqlfluff/issues/3157) "Commented dash character converted to non utf-8 character" (closed, 2022-04-22); sql-formatter [#50](https://github.com/sql-formatter-org/sql-formatter/issues/50) "Formatting comments, new lines are not kept" (closed, 2018-09-23); [#899](https://github.com/sql-formatter-org/sql-formatter/issues/899) "Preserve comment lines and leading commas in SQL formatting" (closed, 2025-09-04); pgFormatter [#130](https://github.com/darold/pgFormatter/issues/130) "Not all comments are removed" (closed, 2019-08-06); [#80](https://github.com/darold/pgFormatter/issues/80) "Not all comments are removed" (closed, 2018-12-12).
data-markup	355	comment-movement	- **comment-movement** — sql-formatter [#365](https://github.com/sql-formatter-org/sql-formatter/issues/365) "[FORMATTING] Comments move their lines after formatting" (closed, 2022-08-01); [#481](https://github.com/sql-formatter-org/sql-formatter/issues/481) "First comment in file gets indented by single space" (closed, 2022-09-30); [#236](https://github.com/sql-formatter-org/sql-formatter/issues/236) "tabulateAlias true doesn't work after comment in SELECT" (closed, 2022-06-13); [#558](https://github.com/sql-formatter-org/sql-formatter/issues/558) "[FORMATTING] Extra tabs added to multiline comments " (closed, 2023-02-03); pgFormatter [#193](https://github.com/darold/pgFormatter/issues/193) "Comment integrity is compromised and indentation gets reset after comment" (closed, 2020-05-17); [#188](https://github.com/darold/pgFormatter/issues/188) "Inserting line comment before comma breaks indentation in CTE" (closed, 2020-05-12); [#57](https://github.com/darold/pgFormatter/issues/57) "Block comments indentation" (closed, 2018-09-04).
data-markup	356	semantic-change	- **semantic-change** — SQLFluff [#6801](https://github.com/sqlfluff/sqlfluff/issues/6801) "Formatting `AND` followed by blank/comment line with `binary_operation` `spacing_after=\"any\"` changes meaning of the code" (closed, 2025-04-10); pgFormatter [#194](https://github.com/darold/pgFormatter/issues/194) "Multi-line text (not a comment) starting with `---` gets corrupted upon formatting" (closed, 2020-05-18); [#76](https://github.com/darold/pgFormatter/issues/76) "comments with semi colons become statements" (closed, 2018-11-30); [#338](https://github.com/darold/pgFormatter/issues/338) "Single quotes inside /**/ comments break formatting" (closed, 2024-04-24); sql-formatter [#44](https://github.com/sql-formatter-org/sql-formatter/issues/44) "Handling comments inside SQL string" (closed, 2018-05-08).
data-markup	357	crash	- **crash** — SQLFluff [#398](https://github.com/sqlfluff/sqlfluff/issues/398) "parser crashes with comment at beginning of file" (closed, 2020-07-25); [#2994](https://github.com/sqlfluff/sqlfluff/issues/2994) "Crash while parsing dbt SQL with macro" (closed, 2022-04-04); [#6456](https://github.com/sqlfluff/sqlfluff/issues/6456) "Crash when running sqlfluff fix on query that contains JOIN with subquery" (closed, 2024-11-14); sql-formatter [#500](https://github.com/sql-formatter-org/sql-formatter/issues/500) "Crash with BETWEEN inside CASE expression" (closed, 2022-10-13); [#810](https://github.com/sql-formatter-org/sql-formatter/issues/810) "Using $action in tsql merge causes crash" (closed, 2024-12-20); pgFormatter [#302](https://github.com/darold/pgFormatter/issues/302) "Crash on uncaught exception -- use of uninitialized value" (closed, 2023-01-12); [#105](https://github.com/darold/pgFormatter/issues/105) "USING clause crash" (closed, 2019-05-01); [#242](https://github.com/darold/pgFormatter/issues/242) "crashes with \"Unmatched ) in regex\"" (closed, 2021-04-08).
data-markup	358	idempotence	- **idempotence** — pgFormatter [#321](https://github.com/darold/pgFormatter/issues/321) "Formatting is not idempotent" (closed, 2023-07-05); SQLFluff [#8068](https://github.com/sqlfluff/sqlfluff/pull/8068) "Fix LT07 non-idempotent fix for CTE brackets that become multi-line" (closed, 2026-07-04); sql-formatter [#952](https://github.com/sql-formatter-org/sql-formatter/issues/952) "fix: keep leading block comment of clause item on its own line" (closed, 2026-06-03; the release notes call it "Fix block-comment placement idempotency issue (#952)", <https://github.com/sql-formatter-org/sql-formatter/releases>).
data-markup	359	config-ignore	- **config-ignore** (noqa) — SQLFluff [#4891](https://github.com/sqlfluff/sqlfluff/issues/4891) "-- noqa ignored in multiline comment" (closed, 2023-05-30); [#1985](https://github.com/sqlfluff/sqlfluff/pull/1985) "Fix issue with inline ignores not respecting comment lines" (closed, 2021-11-26); [#5133](https://github.com/sqlfluff/sqlfluff/pull/5133) "Follow noqa in block comments" (closed, 2023-08-26); [#2493](https://github.com/sqlfluff/sqlfluff/issues/2493) "Add `inline_comment_prefixes=\"#\"` to configparser" (closed, 2022-01-27).
data-markup	360	parse-error-handling	- **parse-error-handling** — SQLFluff [#5754](https://github.com/sqlfluff/sqlfluff/issues/5754) "mysql  sql('CREATE DATABASE IF NOT EXISTS xxx CHARACTER SET \"utf8mb4\" COLLATE \"utf8mb4_bin\" COMMENT \"xxx\";') but parse,lint   can't understand right  and give error  thart  Found unparsable section: 'CHARACTER SET'" (closed, 2024-04-07); [#224](https://github.com/sqlfluff/sqlfluff/issues/224) "\"sqlfluff lint\" crashes if there are no files to process" (closed, 2020-04-09); sql-formatter refuses an unclosed `/*` (release notes, <https://github.com/sql-formatter-org/sql-formatter/releases>).
data-markup	361	line-width-layout	- **line-width-layout** — SQLFluff [#299](https://github.com/sqlfluff/sqlfluff/issues/299) "comment length greater than max_line_length results in violation" (closed, 2020-05-07); [#2554](https://github.com/sqlfluff/sqlfluff/issues/2554) "Update L016 to optionally ignore long COMMENT lines as well" (closed, 2022-02-03).
data-markup	362	ordering	- **ordering** — SQLFluff [#8296](https://github.com/sqlfluff/sqlfluff/pull/8296) "fix(ST06): don't reorder select targets when it would displace comments" (closed, 2026-08-08); pgFormatter `--vertical-align` aligns rather than reorders (<https://raw.githubusercontent.com/darold/pgFormatter/master/ChangeLog>).
data-markup	363	embedded-language	- **embedded-language** — SQLFluff [#3647](https://github.com/sqlfluff/sqlfluff/issues/3647) "Support for linting structured comments that contain SQL" (closed, 2022-07-21); [#2493](https://github.com/sqlfluff/sqlfluff/issues/2493) above.
safety-and-ux	33	idempotence	- **idempotence** — "produced different code on the second pass": the 80-comment umbrella [#1629](https://github.com/psf/black/issues/1629) "…different code on the second pass of the formatter" CLOSED 2020-08-26, [#853](https://github.com/psf/black/issues/853) "…comments and parentheses" CLOSED 2019-05-16, [#2518](https://github.com/psf/black/issues/2518) "Non idempotent input" CLOSED 2021-10-03, [#2754](https://github.com/psf/black/issues/2754) "not idempotent with comment over line length" CLOSED 2022-01-10, [#5001](https://github.com/psf/black/issues/5001) "@overload … two distinct stable formatting states" CLOSED 2026-02-22.
safety-and-ux	34	comment-loss	- **comment-loss** — [#3815](https://github.com/psf/black/issues/3815) "Comment is removed inside two pairs of parentheses" CLOSED 2023-07-26, [#2339](https://github.com/psf/black/issues/2339) "fmt: skip removes a comment-only line before it" CLOSED 2021-06-17.
safety-and-ux	35	comment-movement	- **comment-movement** — [#1355](https://github.com/psf/black/issues/1355) "Black moves comments to wrong place" CLOSED 2020-04-22, [#3924](https://github.com/psf/black/issues/3924) "Preview style unnecessarily moves comment" CLOSED 2023-10-06, [#195](https://github.com/psf/black/issues/195) "flake8 #noqa comments get moved a place where they're ignored" CLOSED 2018-05-08, [#379](https://github.com/psf/black/issues/379) "Reflows of inline comments can cause misalignment" OPEN 2018-06-26.
safety-and-ux	36	semantic-change	- **semantic-change** — [#2150](https://github.com/psf/black/issues/2150) "Latest `black` changes ASTs" CLOSED 2021-04-26, [#4683](https://github.com/psf/black/issues/4683) "black hook unexpectedly removes exception alias during pre-commit" CLOSED 2025-06-04, [#5099](https://github.com/psf/black/issues/5099) "…produced invalid code: multiple exception types must be parenthesized" CLOSED 2026-04-14.
safety-and-ux	37	parse-error-handling	- **parse-error-handling** — [#4329](https://github.com/psf/black/issues/4329) "cannot parse previously parseable file in 24.4.1" CLOSED 2024-04-24, [#1012](https://github.com/psf/black/issues/1012) "fails to tokenise files ending with a backslash" CLOSED 2019-09-10.
safety-and-ux	38	whitespace-eol-encoding	- **whitespace-eol-encoding** — [#5486](https://github.com/psf/black/issues/5486) "Removing leading blank lines can move a coding cookie onto line 1 and change how the file is decoded" CLOSED 2026-10-05, [#1537](https://github.com/psf/black/issues/1537) "crashes when … `get_gitignore` tries to use gbk encoding …" CLOSED 2020-07-07.
safety-and-ux	39	line-width-layout	- **line-width-layout** — [#1713](https://github.com/psf/black/issues/1713) "Line too long: Comments" CLOSED 2020-09-16, [#1802](https://github.com/psf/black/issues/1802) "Black Fails to Format Single String Longer Than Line Length Limit" CLOSED 2020-11-02, [#2156](https://github.com/psf/black/issues/2156) "Use optional parentheses more often" OPEN 2021-04-27.
safety-and-ux	40	check-exit-codes	- **check-exit-codes / partial-range** — [#4033](https://github.com/psf/black/issues/4033) "`--line-ranges` bad behavior and internal errors" CLOSED 2023-11-08, [#4430](https://github.com/psf/black/issues/4430) "`--line-ranges` formats lines outside of range" CLOSED 2024-08-06, [#4264](https://github.com/psf/black/issues/4264) "formats entire file when ranges are at EOF" CLOSED 2024-03-04, [#5474](https://github.com/psf/black/issues/5474) "Check passes on unformatted file after running with line ranges" CLOSED 2026-10-03.
safety-and-ux	40	partial-range	- **check-exit-codes / partial-range** — [#4033](https://github.com/psf/black/issues/4033) "`--line-ranges` bad behavior and internal errors" CLOSED 2023-11-08, [#4430](https://github.com/psf/black/issues/4430) "`--line-ranges` formats lines outside of range" CLOSED 2024-08-06, [#4264](https://github.com/psf/black/issues/4264) "formats entire file when ranges are at EOF" CLOSED 2024-03-04, [#5474](https://github.com/psf/black/issues/5474) "Check passes on unformatted file after running with line ranges" CLOSED 2026-10-03.
safety-and-ux	41	config-ignore	- **config-ignore** — [#2863](https://github.com/psf/black/issues/2863) (above), [#3040](https://github.com/psf/black/issues/3040) "black does not exclude files in git submodules" OPEN 2022-04-28, [#395](https://github.com/psf/black/issues/395) "Pre-commit-hook ignores exclude patterns" CLOSED 2018-07-05, [#2493](https://github.com/psf/black/issues/2493) "pre-commit hook fails when using `required-version`" CLOSED 2021-09-13.
safety-and-ux	42	performance	- **performance** — [#1951](https://github.com/psf/black/issues/1951) "black performance scales non-linearly with the number of files to process" CLOSED 2021-02-01, [#2314](https://github.com/psf/black/issues/2314) "string_processing: Performance regression" OPEN 2021-06-07, [#1143](https://github.com/psf/black/issues/1143) "Improve the the blib2to3 grammar caching mechanism" CLOSED 2019-11-06, [#248](https://github.com/psf/black/issues/248) "Add command line option to ignore cache" CLOSED 2018-05-22.
safety-and-ux	43	embedded-language	- **embedded-language** — [#2345](https://github.com/psf/black/issues/2345) "Jupyter notebook support" CLOSED 2021-06-22, [#2446](https://github.com/psf/black/issues/2446) "black-jupyter aborted under pre-commit" CLOSED 2021-08-26, [#774](https://github.com/psf/black/issues/774) "does not ignore jupyter magic commands within # fmt: off/on blocks" CLOSED 2019-03-20.
safety-and-ux	44	other	- **other (how bugs are found)** — fuzzing: [#1913](https://github.com/psf/black/issues/1913) "Fix Bug exposed by Fuzz Tests" CLOSED 2021-01-08, [#1749](https://github.com/psf/black/issues/1749) "Fuzz tests fail when Python3.9." CLOSED 2020-10-08, [#1960](https://github.com/psf/black/issues/1960) "Fuzzer Discovery: … multi-line strings and newlines at the EOF" CLOSED 2021-02-03; corpus ("Primer"): [#2407](https://github.com/psf/black/issues/2407) "Create/Find a repo that uses every python syntax + Add to Primer" OPEN 2021-07-28.
safety-and-ux	99	semantic-change	- **semantic-change** — [#187](https://github.com/prettier/prettier/issues/187) "Removes parentheses in expressions with mixed operators" OPEN 2017-01-14 (237 comments), [#3805](https://github.com/prettier/prettier/issues/3805) "removes parentheses around conditional in ternary expression" OPEN 2018-01-24, [#3344](https://github.com/prettier/prettier/issues/3344) "Markdown: line break behaviour creates new elements and changes meaning…" CLOSED 2017-11-29, [#20096](https://github.com/prettier/prettier/issues/20096) "TS: Statement after top-level `await` is duplicated with `typescript` parser" OPEN 2026-09-17.
safety-and-ux	100	comment-movement	- **comment-movement** — [#5411](https://github.com/prettier/prettier/issues/5411) "Formatting breaks @ts-ignore comments" OPEN 2018-11-08, [#807](https://github.com/prettier/prettier/issues/807) "Keep comments that are near an `if`'s condition closer to that condition" CLOSED 2017-02-24, [#19420](https://github.com/prettier/prettier/issues/19420) "The new oxidized flow parser breaks comments" OPEN 2026-06-23.
safety-and-ux	101	idempotence	- **idempotence** — [#2803](https://github.com/prettier/prettier/issues/2803) "Idempotency / Unstable method chain" OPEN 2017-09-13, [#18078](https://github.com/prettier/prettier/issues/18078) "prettier might require 2 passes to complete" OPEN 2025-10-15, [#11665](https://github.com/prettier/prettier/issues/11665) "Non idempotent output (comment before closing parenthesis)" OPEN 2021-10-10, [#19271](https://github.com/prettier/prettier/issues/19271) "Unstable comment around parenthesized assignment" OPEN 2026-06-02, [#20052](https://github.com/prettier/prettier/issues/20052) "CSS: … not idempotent — extra space added on every format" CLOSED 2026-09-13, [#19847](https://github.com/prettier/prettier/issues/19847) "markdown: row indented GFM table rendering idempotency" OPEN 2026-08-14.
safety-and-ux	103	check-exit-codes	- **check-exit-codes** — [#6885](https://github.com/prettier/prettier/issues/6885) (above), [#4144](https://github.com/prettier/prettier/issues/4144) "CLI: --list-different + --write = Exit status 1 if something was modified" CLOSED 2018-03-14, [#11908](https://github.com/prettier/prettier/issues/11908) "Javascript errors inside markdown should return status code 1 (currently the error is ignored)" OPEN 2021-12-02.
safety-and-ux	104	config-ignore	- **config-ignore** — [#8303](https://github.com/prettier/prettier/issues/8303) "Don't look for a configuration file outside the project directory" OPEN 2020-05-13, [#4081](https://github.com/prettier/prettier/issues/4081) "handle .prettierignore location like .gitignore" OPEN 2018-03-01, [#15438](https://github.com/prettier/prettier/issues/15438) "Cannot Force Inclusion Of Directory/Files That Are In `.gitignore` File" OPEN 2023-09-20, [#10395](https://github.com/prettier/prettier/issues/10395) "add warning about file ignored and cli flag to enforce formatting" OPEN 2021-02-22, [#15255](https://github.com/prettier/prettier/issues/15255) "Correct documentation on the `editorconfig` option." OPEN 2023-08-17.
safety-and-ux	105	embedded-language	- **embedded-language** — [#5588](https://github.com/prettier/prettier/issues/5588) "Disable embedded language formatting by default and make it configurable" OPEN 2018-12-03, [#6517](https://github.com/prettier/prettier/issues/6517) "Support Helm's template + yaml language" OPEN 2019-09-24, [#12209](https://github.com/prettier/prettier/issues/12209) "MDX 3" OPEN 2022-02-01, [#11908](https://github.com/prettier/prettier/issues/11908) (above).
safety-and-ux	106	crash	- **crash** — [#5004](https://github.com/prettier/prettier/issues/5004) "Prettier crashes on formating large files" OPEN 2018-08-22, [#4306](https://github.com/prettier/prettier/issues/4306) "Code blocks in markdown list items with two or more empty lines may crash parser" CLOSED 2018-04-12, [#15073](https://github.com/prettier/prettier/issues/15073) "Error: \"highest level\" was not printed" CLOSED 2023-07-10.
safety-and-ux	107	performance	- **performance** — [#4776](https://github.com/prettier/prettier/issues/4776) "Performance on big files" OPEN 2018-06-30, [#4980](https://github.com/prettier/prettier/issues/4980) "Feature Request: Parallel/Clustered Prettier" OPEN 2018-08-14, [#4801](https://github.com/prettier/prettier/issues/4801) "formatWithCursor performance bottleneck" OPEN 2018-07-03, [#5853](https://github.com/prettier/prettier/issues/5853) "Add cache option to avoid processing unchanged files" CLOSED 2019-02-12, [#13032](https://github.com/prettier/prettier/issues/13032) "node_modules/.cache/prettier" CLOSED 2022-06-20.
safety-and-ux	108	other	- **other (the style debate they have to live with)** — [#7475](https://github.com/prettier/prettier/issues/7475) "Change `useTabs` to `true` by default" OPEN 2020-01-30 (661 comments), [#3503](https://github.com/prettier/prettier/issues/3503) "Prettier 2.0 (old)" CLOSED 2017-12-16, [#6921](https://github.com/prettier/prettier/issues/6921) "Revisit function literal heuristic introduced in Prettier 1.19" OPEN 2019-11-11.
safety-and-ux	159	idempotence	- **idempotence** — [#6613](https://github.com/rust-lang/rustfmt/issues/6613) "Non-idempotency involving return expr in match arm, macros and long string literals" OPEN 2025-07-23, [#5193](https://github.com/rust-lang/rustfmt/issues/5193) "My code needs two passes to be formatted correctly" OPEN 2022-01-26, [#4050](https://github.com/rust-lang/rustfmt/issues/4050) "Rustfmt changes meaning of closure, also not idempotent" OPEN 2020-02-12, [#6338](https://github.com/rust-lang/rustfmt/issues/6338) "max_width makes short lines longer" OPEN 2024-09-19.
safety-and-ux	160	comment-loss	- **comment-loss** — [#5464](https://github.com/rust-lang/rustfmt/issues/5464) "Rustfmt silently removes comments after enum/struct field" OPEN 2022-07-24, [#5695](https://github.com/rust-lang/rustfmt/issues/5695) "rustfmt removes comment in macro invocation" OPEN 2023-02-17, [#4082](https://github.com/rust-lang/rustfmt/issues/4082) "removes empty newlines between blocks of module-level attributes" OPEN 2020-03-14, [#3277](https://github.com/rust-lang/rustfmt/issues/3277) "Trailing comma removed from multiline attribute" OPEN 2019-01-03, [#4668](https://github.com/rust-lang/rustfmt/issues/4668) "Exclude block-style comments in wrap_str/filter_normal_code check" OPEN 2021-01-24.
safety-and-ux	161	comment-movement	- **comment-movement** — [#3127](https://github.com/rust-lang/rustfmt/issues/3127) "Comments on `extern crates` that are reordered get misplaced" OPEN 2018-10-22, [#4120](https://github.com/rust-lang/rustfmt/issues/4120) "Incorrect comment indent inside if/else" CLOSED 2020-04-13.
safety-and-ux	162	semantic-change	- **semantic-change** — [#2479](https://github.com/rust-lang/rustfmt/issues/2479) "`cargo fmt` removes enum variants" CLOSED 2018-02-21, [#4621](https://github.com/rust-lang/rustfmt/issues/4621) "Removing empty type parameter list results in invalid Rust code" OPEN 2021-01-03, [#6159](https://github.com/rust-lang/rustfmt/issues/6159) "Type ascription builtin is silently replaced by rustfmt(?)" CLOSED 2024-05-02, [#7011](https://github.com/rust-lang/rustfmt/issues/7011) "Merge `.. .` tokens producing invalid syntax" CLOSED 2026-08-04, [#5691](https://github.com/rust-lang/rustfmt/issues/5691) "duplicating `where` clauses that contains (unused) braces" CLOSED 2023-02-16.
safety-and-ux	163	parse-error-handling	- **parse-error-handling** — [#4126](https://github.com/rust-lang/rustfmt/issues/4126) "rustfmt deletes lines instead of detecting a syntax error" CLOSED 2020-04-18, [#3779](https://github.com/rust-lang/rustfmt/issues/3779) "gracefully handle recoverable parser errors in ignored files" CLOSED 2019-09-05.
safety-and-ux	164	check-exit-codes	- **check-exit-codes** — [#3871](https://github.com/rust-lang/rustfmt/issues/3871) "`--check` silently ignored when formatting from stdin" CLOSED 2019-10-18, [#5364](https://github.com/rust-lang/rustfmt/issues/5364) "rustfmt fails on an empty file; --check's diff doesn't result in properly formatted file" OPEN 2022-06-02, [#2787](https://github.com/rust-lang/rustfmt/issues/2787) "cargo fmt --all succeeds but subsequent cargo fmt --all -- --check fails" CLOSED 2018-06-15, [#3799](https://github.com/rust-lang/rustfmt/issues/3799) "cargo fmt and cargo fmt --check don't agree on bindgen" OPEN 2019-09-17, [#2832](https://github.com/rust-lang/rustfmt/issues/2832) "regression from previous stable: cargo fmt -- --write-mode diff return 0" CLOSED 2018-07-08.
safety-and-ux	165	partial-range	- **partial-range** — [#3397](https://github.com/rust-lang/rustfmt/issues/3397) and [#5136](https://github.com/rust-lang/rustfmt/issues/5136) (above), [#1324](https://github.com/rust-lang/rustfmt/issues/1324) "Add feature to only changes that were already modified (git)" OPEN 2017-02-19.
safety-and-ux	166	config-ignore	- **config-ignore** — [#6264](https://github.com/rust-lang/rustfmt/issues/6264) "Feature Request: Ignore `rustfmt.toml`" OPEN 2024-08-04, [#4660](https://github.com/rust-lang/rustfmt/issues/4660) "Recursive `--config-path` doesn't recurse" CLOSED 2021-01-21, [#4286](https://github.com/rust-lang/rustfmt/issues/4286) "Stability Guarantee/Version Strategy" CLOSED 2020-06-29, [#5577](https://github.com/rust-lang/rustfmt/issues/5577) "Catalog `Version=Two` formatting differences" OPEN 2022-10-28, [#6954](https://github.com/rust-lang/rustfmt/issues/6954) "`rustfmt::skip` sometimes ignored when using `error_on_line_overflow` …" OPEN 2026-06-26.
safety-and-ux	167	ordering	- **ordering** — [#5083](https://github.com/rust-lang/rustfmt/issues/5083) "[unstable option] `group_imports`" OPEN 2021-11-14, [#3127](https://github.com/rust-lang/rustfmt/issues/3127) (above): reordering is where comments get lost.
safety-and-ux	168	performance	- **performance** — [#5752](https://github.com/rust-lang/rustfmt/issues/5752) "RustFmt takes entire ram when formatting simple(broken) file" OPEN 2023-04-14, [#6091](https://github.com/rust-lang/rustfmt/issues/6091) "Implement concurrent formatting" OPEN 2024-02-24.
safety-and-ux	169	crash	- **crash** — [#5465](https://github.com/rust-lang/rustfmt/issues/5465) "ExplicitBug crash on `m!(a. X::Y)`" OPEN 2022-07-25, [#7033](https://github.com/rust-lang/rustfmt/issues/7033) "[ICE]: `Request to format inverted span`" OPEN 2026-08-18, [#5876](https://github.com/rust-lang/rustfmt/issues/5876) "Unicode Character + Trailing Whitespace leads to panic in annotate-snippets dependency" CLOSED 2023-08-02.
safety-and-ux	170	other	- **other (corpus; partial application)** — [#2692](https://github.com/rust-lang/rustfmt/issues/2692) "Add corpus of crates to rustfmt's CI" CLOSED 2018-05-09, [#3008](https://github.com/rust-lang/rustfmt/issues/3008) "cargo fmt --all completely stops formatting when failing on a single file" OPEN 2018-09-10.
safety-and-ux	225	idempotence	- **idempotence** — the defining class, with regressions *per release*: [#24102](https://github.com/llvm/llvm-project/issues/24102) "Unstable format results: each format results in new output." OPEN 2015-06-02, [#51808](https://github.com/llvm/llvm-project/issues/51808) "not idempotent with long comment containing tabs" CLOSED 2021-11-10, [#107616](https://github.com/llvm/llvm-project/issues/107616) "`clang-format` is not idempotent on certain files" CLOSED 2024-09-06, [#157976](https://github.com/llvm/llvm-project/issues/157976) "not idempotent with \"comment alignment\"" OPEN 2025-09-11, [#165185](https://github.com/llvm/llvm-project/issues/165185) "not idempotent when a struct field with an all-caps typedef name wraps due to long comment" OPEN 2025-10-27, [#118334](https://github.com/llvm/llvm-project/issues/118334) "19 idempotent regression from 18 for #define within a function" CLOSED 2024-12-02, [#86550](https://github.com/llvm/llvm-project/issues/86550) "18 idempotent regression with #define within an initializer" CLOSED 2024-03-25, [#194717](https://github.com/llvm/llvm-project/issues/194717) "22 idempotent regression when using \"AlignConsecutiveDeclarations: Consecutive\"" CLOSED 2026-04-28, [#147341](https://github.com/llvm/llvm-project/issues/147341) "Non-idempotency on 20.1.7" CLOSED 2025-07-07, [#58202](https://github.com/llvm/llvm-project/issues/58202) "Running clang-format once produces different output from running it twice, on some inputs" CLOSED 2022-10-06, [#26345](https://github.com/llvm/llvm-project/issues/26345) "Formatting is not idempotent with 'MaxEmptyLinesToKeep' being 0" CLOSED 2015-12-30.
safety-and-ux	226	comment-movement	- **comment-movement (integrity)** — [#52649](https://github.com/llvm/llvm-project/issues/52649) "breaks comment integrity with SpacesInLineCommentPrefix" CLOSED 2021-12-13, [#33997](https://github.com/llvm/llvm-project/issues/33997) "messes up comment indentations" OPEN 2017-09-17, [#55487](https://github.com/llvm/llvm-project/issues/55487) "no space before trailing comment" CLOSED 2022-05-15, [#57463](https://github.com/llvm/llvm-project/issues/57463) "do not align #endif comment" CLOSED 2022-08-31.
safety-and-ux	228	partial-range	- **partial-range** — [#52993](https://github.com/llvm/llvm-project/issues/52993) "clang-format -lines removes a line outside of its range" CLOSED 2022-01-04, [#146036](https://github.com/llvm/llvm-project/issues/146036) "rejects formatting with -length=0" CLOSED 2025-06-27, [#56352](https://github.com/llvm/llvm-project/issues/56352) "crash with --lines and `CompactNamespaces: true NamespaceIndentation: All`" CLOSED 2022-07-02, [#60153](https://github.com/llvm/llvm-project/issues/60153) "git-clang-format: InsertBraces on a diff does not apply braces to entire if-else-if-else." OPEN 2023-01-19, [#32854](https://github.com/llvm/llvm-project/issues/32854) "Assertion failed: Shift >= 0 …" CLOSED 2017-06-19.
safety-and-ux	229	semantic-change	- **semantic-change** — [#45728](https://github.com/llvm/llvm-project/issues/45728) "breaks stringized macro argument" CLOSED 2020-06-18, [#35518](https://github.com/llvm/llvm-project/issues/35518) "removes space between macro name and definition in parens (thereby breaking the code)" CLOSED 2018-01-31, [#61654](https://github.com/llvm/llvm-project/issues/61654) "clang-format corrupts the code" CLOSED 2023-03-23, [#53409](https://github.com/llvm/llvm-project/issues/53409) "breaks compile with braced initialization of lambda" CLOSED 2022-01-25, [#47881](https://github.com/llvm/llvm-project/issues/47881) "Thinks Minus Is Negative" CLOSED 2020-12-17.
safety-and-ux	230	include-import-analog	- **include-import-analog (sorting)** — [#41085](https://github.com/llvm/llvm-project/issues/41085) (above), [#58284](https://github.com/llvm/llvm-project/issues/58284) "does not allow main header file to be at bottom" OPEN 2022-10-11, [#27008](https://github.com/llvm/llvm-project/issues/27008) "does not recognize full path header … as corresponding header when sorting" CLOSED 2016-02-16, [#39735](https://github.com/llvm/llvm-project/issues/39735) "main include does not work for angle bracket includes" OPEN 2019-01-21, [#38995](https://github.com/llvm/llvm-project/issues/38995) "SortIncludes should support \"@import\" lines in Objective-C" OPEN 2018-11-13, [#27416](https://github.com/llvm/llvm-project/issues/27416) "sorts includes even in files where it should be disabled completely" CLOSED 2016-03-23.
safety-and-ux	231	crash	- **crash / resource exhaustion** — [#23426](https://github.com/llvm/llvm-project/issues/23426) "fuzz clang-format" OPEN 2015-03-28 (the fuzzing request, a decade before the idempotence classes were closed), [#160313](https://github.com/llvm/llvm-project/issues/160313) "clang-format 21.1.2 out of memory" OPEN 2025-09-23, [#168317](https://github.com/llvm/llvm-project/issues/168317) "clang-format-20 was terminated by OOM-killer while formatting large c-header" OPEN 2025-11-17, [#184040](https://github.com/llvm/llvm-project/issues/184040) "LLVM ERROR: out of memory …" CLOSED 2026-03-01, [#157405](https://github.com/llvm/llvm-project/issues/157405) "clang-format segfaults with a stack dump" CLOSED 2025-09-08, [#218172](https://github.com/llvm/llvm-project/issues/218172) "`clang-format` crashes my macOS (M3 Pro; 36GB of RAM)" OPEN 2026-08-23, [#53880](https://github.com/llvm/llvm-project/issues/53880) "crashes when formatting LLVM itself" CLOSED 2022-02-16.
safety-and-ux	232	whitespace-eol-encoding	- **whitespace-eol-encoding** — [#25373](https://github.com/llvm/llvm-project/issues/25373) (above), [#34870](https://github.com/llvm/llvm-project/issues/34870) "DOS line endings (\r\n) result in incorrect output with clang-format" CLOSED 2017-12-04, [#224571](https://github.com/llvm/llvm-project/issues/224571) "[clang-format] CRLF changes wrapping around a multiline raw string at ColumnLimit" OPEN 2026-09-18.
safety-and-ux	233	config-ignore	- **config-ignore** — [#52975](https://github.com/llvm/llvm-project/issues/52975) "[clang-format] Support .clang-format-ignore file" CLOSED 2022-01-04, [#50445](https://github.com/llvm/llvm-project/issues/50445) ".editorconfig" OPEN 2021-07-15, [#167673](https://github.com/llvm/llvm-project/issues/167673) "assumes C++ language by default for .h files …" OPEN 2025-11-12, [#132832](https://github.com/llvm/llvm-project/issues/132832) (above).
safety-and-ux	234	line-width-layout	- **line-width-layout** — [#54354](https://github.com/llvm/llvm-project/issues/54354) "gives wonky indentation" OPEN 2022-03-12, [#192714](https://github.com/llvm/llvm-project/issues/192714) "UseTab = AlignWithSpaces ignored for ternary operator and/or parantheses" OPEN 2026-04-17, [#68079](https://github.com/llvm/llvm-project/issues/68079) "Formatting regression for member function pointers using aligned assignment and declaration" CLOSED 2023-10-03.
language-classics	33	comment-movement	- comment-movement: comments are rearranged inside argument and field lists — "cmd/gofmt: faulty comment re-arrangement in argument lists" ([#13113](https://github.com/golang/go/issues/13113), open 2015-10-30); "cmd/gofmt: a comment at the end of a line clings onto/prevents insertion of a newline before the next line" ([#22631](https://github.com/golang/go/issues/22631), open 2017-11-08).
language-classics	34	comment-loss	- comment-loss: `-r` rewrites and partial input eat comments — "cmd/gofmt: rewrite might eat comments when given statement" ([#6099](https://github.com/golang/go/issues/6099), closed 2013-08-10); "go/format: Inconsistent behaviour against gofmt for partial Go programs, comments are stripped" ([#5551](https://github.com/golang/go/issues/5551), closed 2013-05-24).
language-classics	35	semantic-change	- semantic-change: doc-comment prose is rewritten (smart quotes, dropped trailing newline) — "go/doc: reconsider comment rewrites of `''` to `”`" ([#54312](https://github.com/golang/go/issues/54312), closed 2022-08-06); "cmd/gofmt: don't rewrite into smart quotes" ([#76975](https://github.com/golang/go/issues/76975), closed 2025-12-23); "cmd/gofmt: trailing newline in comments is removed since 1.19" ([#54489](https://github.com/golang/go/issues/54489), open 2022-08-16).
language-classics	36	idempotence	- idempotence: a second pass changes comment layout — "cmd/gofmt: not idempotent for comments with leading space and lists" ([#73958](https://github.com/golang/go/issues/73958), open 2025-06-03); "cmd/gofmt: not idempotent on line with multiple comments" ([#24472](https://github.com/golang/go/issues/24472), open 2018-03-21); "cmd/gofmt: non-idempotent formatting of line comments" ([#13702](https://github.com/golang/go/issues/13702), closed 2015-12-21).
language-classics	37	comment-movement	- comment-movement: a comment lands after the wrong construct — "cmd/gofmt: puts `else if` comments in wrong place" ([#20562](https://github.com/golang/go/issues/20562), open 2017-06-03); "cmd/gofmt: incorrect comment placement for a comment following a function" ([#4381](https://github.com/golang/go/issues/4381), closed 2012-11-13).
language-classics	38	line-width-layout	- line-width-layout: alignment is keyed on comments, line breaks and wide runes — "cmd/gofmt: empty line doesn't reset value alignment" ([#26352](https://github.com/golang/go/issues/26352), closed 2018-07-12); "cmd/gofmt: incorrect comment alignment with double-width runes" ([#7481](https://github.com/golang/go/issues/7481), closed 2014-03-06).
language-classics	39	partial-range	- partial-range: partial programs change raw string literal values or fail at EOF — "cmd/gofmt: applying gofmt to partial programs changes raw string literal values" ([#4449](https://github.com/golang/go/issues/4449), closed 2012-11-26); "cmd/gofmt: applying gofmt to partial code fails if it ends with line comment and no newline" ([#8411](https://github.com/golang/go/issues/8411), closed 2014-07-22).
language-classics	40	whitespace-eol-encoding	- whitespace-eol-encoding: CRLF files are not honoured — "cmd/gofmt: doesn't honor line endings of Windows \r\n terminated source files" ([#16355](https://github.com/golang/go/issues/16355), closed 2016-07-13); "gofmt and gofix mangle line endings" ([#2242](https://github.com/golang/go/issues/2242), closed 2011-09-09).
language-classics	41	include-import-analog	- include-import-analog: build-constraint comments are moved or invented — "cmd/gofmt: honor build tags, especially release tags" ([#21337](https://github.com/golang/go/issues/21337), closed 2017-08-08); "`gofmt` automatically adding `go:build ` is annoying" ([#48383](https://github.com/golang/go/issues/48383), closed 2021-09-14).
language-classics	42	check-exit-codes	- check-exit-codes: `-d`/`-l` report nothing to a CI script by exit code — "cmd/gofmt: change -d to exit 1 if diffs exist" ([#46289](https://github.com/golang/go/issues/46289), closed 2021-05-20); "proposal: cmd/gofmt: also exit 1 for `-l` (list paths)" ([#76405](https://github.com/golang/go/issues/76405), open 2025-11-21).
language-classics	43	crash	- crash: panics in the printer and rewrite path — "cmd/gofmt: panic from simple rewrite rule" ([#52145](https://github.com/golang/go/issues/52145), open 2022-04-04); "cmd/gofmt: don't panic when a rewrite would build a malformed AST" ([#81231](https://github.com/golang/go/issues/81231), open 2026-08-30).
language-classics	44	other	- other: doc-comment list indentation is reflowed — "go/doc: improve headings, lists, and links" ([#51082](https://github.com/golang/go/issues/51082), closed 2022-02-08); "cmd/gofmt: indenting removed from multi-line bullet-lists inside numbered lists" ([#56072](https://github.com/golang/go/issues/56072), closed 2022-10-06).
language-classics	68	comment-loss	- comment-loss: comments disappear from lists and uses — "Rustfmt silently removes comments after enum/struct field" ([#5464](https://github.com/rust-lang/rustfmt/issues/5464), open 2022-07-24); "rustfmt deletes comments in "or" patterns" ([#6044](https://github.com/rust-lang/rustfmt/issues/6044), open 2024-01-26); "Rustfmt removes comments in `use`s" ([#3984](https://github.com/rust-lang/rustfmt/issues/3984), closed 2019-12-26).
language-classics	69	comment-movement	- comment-movement: trailing comments land on unrelated code — "rustfmt forcefully moves trailing comments to irrelevant code above (and not idempotent either)" ([#6347](https://github.com/rust-lang/rustfmt/issues/6347), open 2024-09-23); "Rustfmt puts single-line comment after wrong import when reordering imports" ([#4027](https://github.com/rust-lang/rustfmt/issues/4027), closed 2020-01-24).
language-classics	70	idempotence	- idempotence: two passes are needed on macros, strings and imports — "Non-idempotency involving return expr in match arm, macros and long string literals" ([#6613](https://github.com/rust-lang/rustfmt/issues/6613), open 2025-07-23); "rustfmt requires two runs to converge on contrived input" ([#6437](https://github.com/rust-lang/rustfmt/issues/6437), open 2025-01-06); "Group imports together with imports_granularity results in non-idempotent formatting" ([#6195](https://github.com/rust-lang/rustfmt/issues/6195), open 2024-06-14).
language-classics	71	semantic-change	- semantic-change: macro tokens are deleted, output stops compiling — "rustfmt emits non-compiling code by removing tokens from function-like macro invocations" ([#7021](https://github.com/rust-lang/rustfmt/issues/7021), closed 2026-08-10); "rustfmt removes crucial code from macro calls (regression)" ([#6424](https://github.com/rust-lang/rustfmt/issues/6424), closed 2024-12-22).
language-classics	72	semantic-change	- semantic-change: meaning changes without macros — "rustfmt joins numbers separated by dot and whitespace" ([#4807](https://github.com/rust-lang/rustfmt/issues/4807), closed 2021-04-21); "Rustfmt changes meaning of closure, also not idempotent" ([#4050](https://github.com/rust-lang/rustfmt/issues/4050), open 2020-02-12).
language-classics	73	embedded-language	- embedded-language: whitespace is injected into string literals inside macros — "Rustfmt incorrectly adds whitespace inside multiline string literals within macro calls that have curly braces" ([#5283](https://github.com/rust-lang/rustfmt/issues/5283), open 2022-03-31); "rustfmt thinks it should be able to modify string values" ([#5744](https://github.com/rust-lang/rustfmt/issues/5744), closed 2023-04-08).
language-classics	74	parse-error-handling	- parse-error-handling: lines are deleted instead of reporting a syntax error — "rustfmt deletes lines instead of detecting a syntax error" ([#4126](https://github.com/rust-lang/rustfmt/issues/4126), closed 2020-04-18); "Rustfmt command returns an error despite problematic file being ignored and hide_parse_errors is true" ([#3916](https://github.com/rust-lang/rustfmt/issues/3916), closed 2019-11-09).
language-classics	75	whitespace-eol-encoding	- whitespace-eol-encoding: trailing whitespace becomes a hard failure — "rustfmt fails with errors "left behind trailing whitespace"" ([#2896](https://github.com/rust-lang/rustfmt/issues/2896), closed 2018-08-04); "Trailing whitespace in macro causes rustfmt exit code 1" ([#6479](https://github.com/rust-lang/rustfmt/issues/6479), closed 2025-02-18).
language-classics	76	line-width-layout	- line-width-layout: `max_width` reflows lines that fit — "max_width makes short lines longer" ([#6338](https://github.com/rust-lang/rustfmt/issues/6338), open 2024-09-19); "Rustfmt breaks chained method calls that are below max_width" ([#3784](https://github.com/rust-lang/rustfmt/issues/3784), closed 2019-09-06).
language-classics	77	ordering	- ordering: import reordering deletes tokens — "rustfmt eats _ in underscore_imports (a.k.a. impl-only-use)" ([#2887](https://github.com/rust-lang/rustfmt/issues/2887), closed 2018-08-02); "`use self;` gets entirely deleted" ([#6558](https://github.com/rust-lang/rustfmt/issues/6558), closed 2025-05-09).
language-classics	78	config-ignore	- config-ignore: skip pragmas half-work or output vanishes — "`rustfmt::skip` sometimes ignored when using `error_on_line_overflow` and `error_on_unformatted`" ([#6954](https://github.com/rust-lang/rustfmt/issues/6954), open 2026-06-26); "In some cases rustfmt emits nothing on files with `#![cfg_attr(rustfmt, rustfmt_skip)]` when using `--emit=stdout`" ([#5519](https://github.com/rust-lang/rustfmt/issues/5519), closed 2022-08-27); "rustfmt using input from stdin emits empty output when using `#![rustfmt::skip]`" ([#5368](https://github.com/rust-lang/rustfmt/issues/5368), closed 2022-06-04).
language-classics	79	partial-range	- partial-range: `--file-lines` changes whitespace outside the range — "file-lines changes whitespace outside of given range" ([#5136](https://github.com/rust-lang/rustfmt/issues/5136), closed 2021-12-13); "file-lines can modify lines above the selected range" ([#6863](https://github.com/rust-lang/rustfmt/issues/6863), closed 2026-04-15).
language-classics	80	config-ignore	- config-ignore: config discovery surprises (stdin, macOS, subdirectories) — "rustfmt skips rustfmt.toml if using stdin" ([#2668](https://github.com/rust-lang/rustfmt/issues/2668), closed 2018-04-30); "Config in `rustfmt.toml` completely ignored on macOS" ([#6068](https://github.com/rust-lang/rustfmt/issues/6068), closed 2024-02-09); "`cargo fmt` ignores `rustfmt.toml` in subdirectory" ([#5814](https://github.com/rust-lang/rustfmt/issues/5814), closed 2023-07-05).
language-classics	81	check-exit-codes	- check-exit-codes: `--check` is wrong on edge inputs — "rustfmt fails on an empty file; --check's diff doesn't result in properly formatted file" ([#5364](https://github.com/rust-lang/rustfmt/issues/5364), open 2022-06-02); "rustfmt --check reports success with input piped from stdin" ([#6789](https://github.com/rust-lang/rustfmt/issues/6789), closed 2026-02-03).
language-classics	82	crash	- crash: unwrap-driven panics and segfaults — "rustfmt panic / in unwrap() we trust / good first issue" ([#7158](https://github.com/rust-lang/rustfmt/issues/7158), open 2026-10-04); "Error running rustfmt: Segmentation fault (core dumped)" ([#5126](https://github.com/rust-lang/rustfmt/issues/5126), closed 2021-12-05).
language-classics	108	comment-loss	- comment-loss: `# fmt: skip` deleted a comment-only line before it — "fmt: skip removes a comment-only line before it" ([#2339](https://github.com/psf/black/issues/2339), closed 2021-06-17); "Commented strings" ([#2441](https://github.com/psf/black/issues/2441), closed 2021-08-24). The stability policy itself admits "we have had bugs where we accidentally removed some comments" (https://black.readthedocs.io/en/stable/the_black_code_style/index.html).
language-classics	109	comment-movement	- comment-movement: comments are re-anchored where a tool no longer sees them — "flake8 #noqa comments get moved a place where they're ignored" ([#195](https://github.com/psf/black/issues/195), closed 2018-05-08); "Option to ignore in-line comments" ([#3450](https://github.com/psf/black/issues/3450), closed 2022-12-18).
language-classics	110	idempotence	- idempotence: a second pass produced different code; in 2026 the same AST still had two stable states — "INTERNAL ERROR: Black produced different code on the second pass of the formatter" ([#1629](https://github.com/psf/black/issues/1629), closed 2020-08-26); "Consecutive @overload definitions have two distinct stable formatting states for the same AST" ([#5001](https://github.com/psf/black/issues/5001), closed 2026-02-22).
language-classics	111	semantic-change	- semantic-change: `# fmt: skip` dropped a comma and turned a tuple into a call; attribute-chain flattening merged two `# type: ignore` comments — "Fix fmt: skip turning a bracketed ternary into a call" ([#5464](https://github.com/psf/black/pull/5464), merged 2026-10-01); "Preserve type ignores in attribute chains" ([#5297](https://github.com/psf/black/issues/5297), merged 2026-08-07).
language-classics	112	parse-error-handling	- parse-error-handling: valid-looking input failed outright — "Black fails when comment exists inside of list comprehension" ([#563](https://github.com/psf/black/issues/563), closed 2018-10-15); "Black fails to tokenise files ending with a backslash" ([#1012](https://github.com/psf/black/issues/1012), closed 2019-09-10).
language-classics	113	crash	- crash: internal errors found by fuzzing — "Fix Bug exposed by Fuzz Tests" ([#1913](https://github.com/psf/black/issues/1913), closed 2021-01-08); "internal error while formatting with-statement with tuple and none tuple argument" ([#4642](https://github.com/psf/black/issues/4642), closed 2025-04-02).
language-classics	114	whitespace-eol-encoding	- whitespace-eol-encoding: tabs are refused rather than formatted, and empty-line rules were inconsistent — "Tab Support Request" ([#2798](https://github.com/psf/black/issues/2798), closed 2022-01-22); "Black is inconsistent with empty lines before an inner function after code block open, with or without leading comments" ([#3300](https://github.com/psf/black/issues/3300), closed 2022-09-29).
language-classics	115	line-width-layout	- line-width-layout: long strings and the magic comma each took years to settle — "feature_request(formatting): wrap long strings" ([#182](https://github.com/psf/black/issues/182), closed 2018-04-30); "Finish "magic trailing comma" handling" ([#1288](https://github.com/psf/black/issues/1288), closed 2020-03-03).
language-classics	116	partial-range	- partial-range: `--line-ranges` leaked outside the selection, and one run poisoned the cache — "`--line-ranges` formats lines outside of range" ([#4430](https://github.com/psf/black/issues/4430), closed 2024-08-06); "Empty new line added after docstring when using `--line-ranges`" ([#5285](https://github.com/psf/black/issues/5285), closed 2026-07-31); "`--line-ranges` fails to parse when an @overload function is inside a class" ([#4818](https://github.com/psf/black/issues/4818), closed 2025-10-30).
language-classics	117	check-exit-codes	- check-exit-codes: `--check` reported success on a file a range run had left unformatted — "Check passes on unformatted file after running with line ranges" ([#5474](https://github.com/psf/black/issues/5474), closed 2026-10-03); the fix is "Fix check passing after a line ranges run" ([#5476](https://github.com/psf/black/pull/5476), merged 2026-10-05).
language-classics	118	config-ignore	- config-ignore: a file was silently unformatted when cwd was under a symlinked parent — "`black` ignores file in current folder if current folder is `git` workspace and (parent of) current folder is a symbolic link" ([#4205](https://github.com/psf/black/issues/4205), closed 2024-02-02); "Can we add a json schema to complete pyproject.toml's `[tool.black]`?" ([#4160](https://github.com/psf/black/issues/4160), closed 2024-01-20).
language-classics	119	ordering	- ordering: imports stay untouched by design, so users fight over it — "[Feature Request] Optimize imports" ([#333](https://github.com/psf/black/issues/333), closed 2018-06-10); "Unexpected incompatibility with reorder-python-imports" ([#4175](https://github.com/psf/black/issues/4175), closed 2024-01-26).
language-classics	120	other	- other: the yearly stable style is the main churn source; within a year formatted code is guaranteed unchanged — "Setting the 2024 stable style" ([#4042](https://github.com/psf/black/issues/4042), closed 2023-11-13); "Setting the 2023 stable style" ([#3407](https://github.com/psf/black/issues/3407), closed 2022-12-09).
language-classics	145	comment-loss	- comment-loss: trailing `elif` comments disappeared — "Formatter: Trailing elif comments disappear" ([#5086](https://github.com/astral-sh/ruff/issues/5086), closed 2023-06-14); "bug: lost comments during autofix" ([#3185](https://github.com/astral-sh/ruff/issues/3185), closed 2023-02-23).
language-classics	146	comment-loss	- comment-loss: several linter autofixes removed comments, some not marked unsafe — "`PLR1730`: Fix removes comments" ([#18289](https://github.com/astral-sh/ruff/issues/18289), closed 2025-05-24); "unnecessary-literal-union (PYI030) can remove comments without being marked as unsafe" ([#16317](https://github.com/astral-sh/ruff/issues/16317), closed 2025-02-22). The policy afterwards: a fix that can drop a comment must be unsafe or rejected ([#9790](https://github.com/astral-sh/ruff/issues/9790), closed 2024-02-02).
language-classics	147	comment-movement	- comment-movement: a pyright pragma moved to a position where it no longer applies — "Formatter: Bug with Pragma Comment for pyright being moved to invalid position" ([#8481](https://github.com/astral-sh/ruff/issues/8481), closed 2023-11-03); "# type:ignore is not well placed" ([#10440](https://github.com/astral-sh/ruff/issues/10440), closed 2024-03-17).
language-classics	148	idempotence	- idempotence: unstable output with a comment inside a call during attribute access — "Formatter: Unstable call arguments comment formatting" ([#6818](https://github.com/astral-sh/ruff/issues/6818), closed 2023-08-23); "Pack of fuzzer Autofix/Infinite loop errors" ([#7455](https://github.com/astral-sh/ruff/issues/7455), closed 2023-09-17).
language-classics	149	semantic-change	- semantic-change: quote changes around f-string placeholders could alter the required Python version — "Improve backport friendliness of quotes in Python 3.12 f-string placeholders" ([#11056](https://github.com/astral-sh/ruff/issues/11056), closed 2024-04-20); "Feature request: Allow Configurable Quote Styling for f-Strings in Python 3.12+" ([#14118](https://github.com/astral-sh/ruff/issues/14118), closed 2024-11-05).
language-classics	150	parse-error-handling	- parse-error-handling: parser gaps for newer syntax surface as errors before support lands — "`ruff format` error on f-strings with duplicate quotes" ([#23741](https://github.com/astral-sh/ruff/issues/23741), closed 2026-03-05); "parser needs special handling of self-documenting f-strings" ([#5970](https://github.com/astral-sh/ruff/issues/5970), closed 2023-07-22).
language-classics	151	crash	- crash: a panic on CJK input and the fuzz pack's crashes and hangs — "Server panics when code contains CJK characters" ([#13674](https://github.com/astral-sh/ruff/issues/13674), closed 2024-10-08); "Pack of fuzzer Autofix/Infinite loop errors" ([#7455](https://github.com/astral-sh/ruff/issues/7455), closed 2023-09-17).
language-classics	152	line-width-layout	- line-width-layout: method-chain layout was a long design fight — "ruff formatter: one call per line for chained method calls" ([#8598](https://github.com/astral-sh/ruff/issues/8598), closed 2023-11-10); "Allow newlines after block open (or not)" ([#9745](https://github.com/astral-sh/ruff/issues/9745), closed 2024-01-31).
language-classics	153	include-import-analog	- include-import-analog: the import-sorting rule is the closest analog to our include pass, and it lost a pragma while reordering — "I001: noqa comment lost when organizing imports" ([#28416](https://github.com/astral-sh/ruff/issues/28416), closed 2026-09-08); "Import-sorting (a `ruff` approximation of `isort`)" ([#465](https://github.com/astral-sh/ruff/issues/465), closed 2022-10-25).
language-classics	154	config-ignore	- config-ignore: config resolution surprised users — "Surprising config file resolution behavior" ([#1069](https://github.com/astral-sh/ruff/issues/1069), closed 2022-12-05); "Unable to set lineLength from nvim lua config" ([#12778](https://github.com/astral-sh/ruff/issues/12778), closed 2024-08-09).
language-classics	155	embedded-language	- embedded-language: formatting Markdown code blocks and docstring code examples, opt-in and late — "Apply `ruff` formatting to `markdown` code blocks" ([#3792](https://github.com/astral-sh/ruff/issues/3792), closed 2023-03-29); "Using ruff to format code examples in docstrings" ([#7146](https://github.com/astral-sh/ruff/issues/7146), closed 2023-09-05).
language-classics	156	performance	- performance: speed is the product; the parser was chosen for it and autoformat was a years-long epic — "Explore alternatives to RustPython for Python AST parsing" ([#286](https://github.com/astral-sh/ruff/issues/286), closed 2022-09-29); "Implement autoformat capabilities" ([#1904](https://github.com/astral-sh/ruff/issues/1904), closed 2023-01-16).
language-classics	157	other	- other: suppression blocks took about three years, and Black compatibility is a tracked ledger of deliberate deviations — "[feature request] Support ignore block of code with noqa" ([#3711](https://github.com/astral-sh/ruff/issues/3711), closed 2023-03-24); "📋 Formatter black compatibility tracking issue" ([#5828](https://github.com/astral-sh/ruff/issues/5828), closed 2023-07-17).
language-classics	158	check-exit-codes	- check-exit-codes: the documented contract is 0/1/2 (https://docs.astral.sh/ruff/formatter/), but exit codes still blur together — "`ruff format --check` uses same exit code for syntax errors in files, and usage errors" ([#27602](https://github.com/astral-sh/ruff/issues/27602), open 2026-08-08); "ruff with `--diff` exits 0 on errors with no diffs" ([#11955](https://github.com/astral-sh/ruff/issues/11955), open 2024-06-20).
language-classics	182	comment-loss	- comment-loss: a comment adjacent to rewritten tokens corrupts code — "[bug] formatting with comment on the same line breaks the code" ([#1325](https://github.com/scalameta/scalafmt/issues/1325), closed 2018-12-13); "Removing trailing comma also removes closing parens when next line starts directly with a comment" ([#1228](https://github.com/scalameta/scalafmt/issues/1228), closed 2018-06-28).
language-classics	183	comment-movement	- comment-movement: import rewrites move or drop attached comments — "formatting fails when adding import in a class with javadocs" ([#2297](https://github.com/scalameta/scalafmt/issues/2297), closed 2020-12-20); "formatting check issue for code with comments" ([#1550](https://github.com/scalameta/scalafmt/issues/1550), closed 2019-11-11); the docs say outright "The logic also moves comments attached to each import statement" (https://scalameta.org/scalafmt/docs/configuration.html).
language-classics	184	idempotence	- idempotence: output kept growing or alternating, so `--check` never converged — "`newlines.source = keep` (Scalafmt 3.7.1) and fewerBraces cause incorrect and non-idempotent formatting" ([#3448](https://github.com/scalameta/scalafmt/issues/3448), closed 2023-01-30); "New line added before //format: off in v3.8.3 on each run of formatter" ([#4368](https://github.com/scalameta/scalafmt/issues/4368), closed 2024-09-30); "non-idempotent case when `docstrings.oneline = fold`" ([#4536](https://github.com/scalameta/scalafmt/issues/4536), closed 2024-11-11).
language-classics	185	semantic-change	- semantic-change: output behaves differently or does not compile — "adds a new line after a `'` expression which changes behaviour of program" ([#3824](https://github.com/scalameta/scalafmt/issues/3824), closed 2024-03-08); "scalafmt output code results in 'illegal start of simple expression'" ([#3589](https://github.com/scalameta/scalafmt/issues/3589), closed 2023-07-19); "`RedundantBraces` rewrite removes parentheses that are required syntactically" ([#3540](https://github.com/scalameta/scalafmt/issues/3540), closed 2023-05-02).
language-classics	186	parse-error-handling	- parse-error-handling: valid source rejected or desynced — "Scalafmt 3.0.0 fails on Scala3 code starting with case statement" ([#2687](https://github.com/scalameta/scalafmt/issues/2687), closed 2021-08-19); "`PositionExceptionImpl` complaining about expected `)` when encountering valid `<-` in for comprehension" ([#3911](https://github.com/scalameta/scalafmt/issues/3911), closed 2024-04-07).
language-classics	187	whitespace-eol-encoding	- whitespace-eol-encoding: platform-dependent verdicts and whitespace intolerance — "scalafmt says there is things to format in Windows but not in macos/ununtu" ([#3462](https://github.com/scalameta/scalafmt/issues/3462), closed 2023-02-12); "Scalafmt accepts only space as whitespace in comments, trailing, and pipe" ([#1418](https://github.com/scalameta/scalafmt/issues/1418), closed 2019-05-09).
language-classics	188	line-width-layout	- line-width-layout: `maxColumn` exceeded or wrapping that ignores it — "maxColumn not respected if certain parts of the code are too long" ([#3637](https://github.com/scalameta/scalafmt/issues/3637), closed 2023-09-19); "No break when line exceeds maxColumn with comma" ([#2936](https://github.com/scalameta/scalafmt/issues/2936), closed 2021-11-30).
language-classics	189	ordering	- ordering: defaults reorder tokens users relied on — "Align case arrows by default" ([#890](https://github.com/scalameta/scalafmt/issues/890), closed 2017-04-20); "Scalafmt Import rule sorts given alphabetically." ([#3189](https://github.com/scalameta/scalafmt/issues/3189), closed 2022-04-21).
language-classics	190	include-import-analog	- include-import-analog: sorting imports can reorder program execution — "Sort imports with groups can reorder program execution" ([#2718](https://github.com/scalameta/scalafmt/issues/2718), closed 2021-09-01); "Importing toplevel packages conflicts with [Imports] sorting" ([#3240](https://github.com/scalameta/scalafmt/issues/3240), closed 2022-05-30).
language-classics	191	config-ignore	- config-ignore: settings ignored in a scope or rule — "Rewrite rules don't respect `// format: off`" ([#932](https://github.com/scalameta/scalafmt/issues/932), closed 2017-05-17); "scalafmt does not respect fileOverride with `rewrite.scala3` rules" ([#3485](https://github.com/scalameta/scalafmt/issues/3485), closed 2023-03-01); "local comment configuration does not work" ([#1861](https://github.com/scalameta/scalafmt/issues/1861), closed 2020-04-13).
language-classics	192	performance	- performance: slow or hanging on big inputs; docs admit "6x slower than Scalariform" (https://scalameta.org/scalafmt/docs/known-issues.html) — "scalafmt 2.5.1 is pretty slow." ([#1949](https://github.com/scalameta/scalafmt/issues/1949), closed 2020-05-04); "Native scalafmt hangs on macOS in git repo with many files" ([#5165](https://github.com/scalameta/scalafmt/issues/5165), closed 2026-01-14).
language-classics	193	crash	- crash: exceptions instead of a refusal — "`java.lang.StringIndexOutOfBoundsException` in various files" ([#2037](https://github.com/scalameta/scalafmt/issues/2037), closed 2020-06-19); "cats-effect: Unable to format file due to bug in scalafmt" ([#1714](https://github.com/scalameta/scalafmt/issues/1714), closed 2020-02-17).
language-classics	194	check-exit-codes	- check-exit-codes: a false positive, and one bad file suppressing the whole batch — "scalafmtCheck not accepting formatted code" ([#1231](https://github.com/scalameta/scalafmt/issues/1231), closed 2018-06-29); "`--check`: a single unparseable file suppresses formatting results for every other file in the batch" ([#5359](https://github.com/scalameta/scalafmt/issues/5359), closed 2026-07-25); "`scalafmt --check` reports '--test failed' but no indication as to why" ([#3675](https://github.com/scalameta/scalafmt/issues/3675), closed 2023-11-01).
language-classics	195	partial-range	- partial-range: only git-scoped selection exists, and line-range ratcheting was never implemented — "[FEATURE REQUEST] Apply scalafmt on diffs only" ([#1120](https://github.com/scalameta/scalafmt/issues/1120), closed 2018-03-12); "Feature: Implement git ratcheting" ([#3344](https://github.com/scalameta/scalafmt/issues/3344), closed 2022-10-11).
language-classics	196	embedded-language	- embedded-language: non-Scala dialects and shebangs mis-formatted — "Scalafmt 3.0.0 applies new Scala 3 syntax for build.sbt and meta-project files" ([#2688](https://github.com/scalameta/scalafmt/issues/2688), closed 2021-08-19); "Option to skip shebang lines for Scala shell scripts" ([#1297](https://github.com/scalameta/scalafmt/issues/1297), closed 2018-10-16).
language-classics	219	comment-movement	- comment-movement: comment formatting differs by JDK and position — "Comments are indented before case statements in enhanced switch" ([#876](https://github.com/google/google-java-format/issues/876), closed 2023-01-03); "Different formatting of block line comments with openjdk 23+37-2369" ([#1153](https://github.com/google/google-java-format/issues/1153), closed 2024-08-29); "Formatting of comments is not hermetic" ([#1221](https://github.com/google/google-java-format/issues/1221), closed 2025-03-06).
language-classics	220	idempotence	- idempotence: long comment lines and trailing tabs need two passes — "Non idempotence when applying the formatter over long comment lines" ([#1003](https://github.com/google/google-java-format/issues/1003), closed 2023-12-11); "Handling of trailing tabs in comments not idempotent" ([#422](https://github.com/google/google-java-format/issues/422), closed 2019-12-12).
language-classics	221	include-import-analog	- include-import-analog: unused-import removal is not idempotent and disagrees with check mode — "Removal of unused static import is not idempotent" ([#1005](https://github.com/google/google-java-format/issues/1005), closed 2023-12-11); "Wildcard import should return failure for dry run" ([#392](https://github.com/google/google-java-format/issues/392), closed 2019-08-07).
language-classics	222	parse-error-handling	- parse-error-handling: newer Java syntax is refused or mangled before support lands — "Code with sealed interfaces can not be formatted" ([#697](https://github.com/google/google-java-format/issues/697), closed 2021-12-14); "Support Java > 11 language features" ([#436](https://github.com/google/google-java-format/issues/436), closed 2020-01-26).
language-classics	223	crash	- crash: compiler-legal code triggers assertions and internal errors — "AssertionError for type annotations on arrays" ([#55](https://github.com/google/google-java-format/issues/55), closed 2016-07-08); "Format failed with instructions to raise a bug…" ([#1173](https://github.com/google/google-java-format/issues/1173), closed 2024-10-07).
language-classics	224	crash	- crash: JDK internals coupling via add-exports — "java.lang.IllegalAccessError: class com.google.googlejavaformat.java.JavaInput" ([#787](https://github.com/google/google-java-format/issues/787), closed 2022-05-18, 56 comments); "JDK 25 Support Issues with com.sun.tools.javac.util.Log$DeferredDiagnosticHandler" ([#1283](https://github.com/google/google-java-format/issues/1283), closed 2025-09-19).
language-classics	225	embedded-language	- embedded-language: text blocks are re-indented, risking literal content — "Issue with text blocks formatting on java 21. Defaulting to extreme left indentation" ([#1113](https://github.com/google/google-java-format/issues/1113), closed 2024-06-18); "Text block formatting bug in 1.25.0" ([#1195](https://github.com/google/google-java-format/issues/1195), closed 2024-11-21); "Automatic deindentation of long text blocks" ([#1087](https://github.com/google/google-java-format/issues/1087), closed 2024-03-20).
language-classics	226	line-width-layout	- line-width-layout: breaking rules produce absurd reflow — "Long line with string concatenation gets suspiciously short when formatted" ([#504](https://github.com/google/google-java-format/issues/504), closed 2020-07-12); "Java nested lambdas formatting is incredibly poor" ([#990](https://github.com/google/google-java-format/issues/990), closed 2023-11-15).
language-classics	227	ordering	- ordering: import policy fights IDEs — "wildcard imports are not expanded" ([#113](https://github.com/google/google-java-format/issues/113), closed 2017-01-14); "Expand wildcard imports" ([#1334](https://github.com/google/google-java-format/issues/1334), closed 2026-02-13).
language-classics	228	partial-range	- partial-range: `--lines` expanded beyond what the user asked — "--lines start:end is ignored, whole file is formatted" ([#942](https://github.com/google/google-java-format/issues/942), closed 2023-06-07); the long-standing request for a validation mode — "Validation mode to check if file is correctly formatted" ([#105](https://github.com/google/google-java-format/issues/105), closed 2016-12-12).
language-classics	229	check-exit-codes	- check-exit-codes: the check-mode surface took releases to settle and still misleads — "Wildcard import should return failure for dry run" ([#392](https://github.com/google/google-java-format/issues/392), closed 2019-08-07); "Misleading message for --dry-run with --replace" ([#1094](https://github.com/google/google-java-format/issues/1094), open 2024-04-07); the unreadable-file handling arrived in 1.7 (https://github.com/google/google-java-format/releases/tag/google-java-format-1.7). No comment-loss bug was found in the tracker — their failure mode is moving and rewriting comments, not deleting them — which is unverified as a general claim.
language-classics	252	comment-loss	- comment-loss: comments deleted on format, and around imports — "Comments deleted on format" ([#597](https://github.com/Kotlin/ktfmt/issues/597), closed 2026-02-25); "Crash when comment separate imports" ([#291](https://github.com/Kotlin/ktfmt/issues/291), closed 2022-02-17).
language-classics	253	idempotence	- idempotence: repeated runs drift, three fixes in 18 months — "Formatting isn't idempotent, and repeated invocations produce bad comment formatting" ([#438](https://github.com/Kotlin/ktfmt/issues/438), closed 2024-01-24); "Formatting is not idempotent with `only_add` trailing commas strategy" ([#610](https://github.com/Kotlin/ktfmt/issues/610), closed 2026-04-10); "Ktfmt 0.64 runs are not idempotent" ([#640](https://github.com/Kotlin/ktfmt/issues/640), closed 2026-07-08).
language-classics	254	comment-movement	- comment-movement: KDoc reflow moves tags and destroys lists and blank lines — "@sample tags should not be moved within kdoc" ([#406](https://github.com/Kotlin/ktfmt/issues/406), closed 2023-06-21); "Markdown lists not preserved in KDoc comments" ([#7](https://github.com/Kotlin/ktfmt/issues/7), closed 2019-12-27); "ktfmt removes blank lines between when clauses" ([#342](https://github.com/Kotlin/ktfmt/issues/342), closed 2022-07-23).
language-classics	255	include-import-analog	- include-import-analog: "unused" import removal deletes needed imports — "ktfmt unused imports removal incorrectly removes import with backticks" ([#532](https://github.com/Kotlin/ktfmt/issues/532), closed 2025-04-18); "Crash when comment separate imports" ([#291](https://github.com/Kotlin/ktfmt/issues/291), closed 2022-02-17).
language-classics	256	parse-error-handling	- parse-error-handling: compiler coupling breaks parsing of new syntax — "Cannot use ktfmt with Kotlin 1.6.0" ([#259](https://github.com/Kotlin/ktfmt/issues/259), closed 2021-11-17); "Kotlin compiler v2.3.20 breaks ktfmt with UNRESOLVED_REFERENCE for CONTEXT_RECEIVER_LIST" ([#605](https://github.com/Kotlin/ktfmt/issues/605), closed 2026-03-12).
language-classics	257	semantic-change	- semantic-change: tokenizer misreads compiler-valid code — "Lambdas following a statement can be treated as lambda arguments, breaking syntax" ([#459](https://github.com/Kotlin/ktfmt/issues/459), closed 2024-04-23); "ktfmt fails to parse angle brackets in certain cases" ([#51](https://github.com/Kotlin/ktfmt/issues/51), closed 2020-07-02).
language-classics	258	crash	- crash: crashes on legal code and in the IDE plugin — "KFMT_idea_plugin crashes with Intellij 2024.3" ([#523](https://github.com/Kotlin/ktfmt/issues/523), closed 2024-12-02); "Crash on legal (but non-standard) getter code" ([#241](https://github.com/Kotlin/ktfmt/issues/241), closed 2021-06-10).
language-classics	259	line-width-layout	- line-width-layout: output lines exceed the width and trailing commas block collapse — "Formatting creating lines longer than 100 characters" ([#407](https://github.com/Kotlin/ktfmt/issues/407), closed 2023-06-21); "Trailing commas disallow short lines from being collapsed" ([#338](https://github.com/Kotlin/ktfmt/issues/338), closed 2022-07-14).
language-classics	260	check-exit-codes	- check-exit-codes: range/dry-run/stdin semantics took years to answer — "Validate/dry-run mode" ([#212](https://github.com/Kotlin/ktfmt/issues/212), closed 2021-04-21); "When formatting from stdin, ktfmt prints nothing to stdout if there are no changes" ([#267](https://github.com/Kotlin/ktfmt/issues/267), closed 2021-12-28).
language-classics	261	config-ignore	- config-ignore: editorconfig arrived late and some passes ignore it — "Canonical .editorconfig" ([#158](https://github.com/Kotlin/ktfmt/issues/158), closed 2020-12-29); "Import layout ignored" ([#592](https://github.com/Kotlin/ktfmt/issues/592), closed 2026-01-29); CHANGELOG 0.60/0.61 also records "Editorconfig not found for relative paths" (https://github.com/Kotlin/ktfmt/blob/main/CHANGELOG.md).
language-classics	262	whitespace-eol-encoding	- whitespace-eol-encoding: stdin encoding is assumed, so non-UTF-8 input is mishandled — "Unicode characters through stdin not handled properly with non-standard UTF setting" ([#250](https://github.com/Kotlin/ktfmt/issues/250), closed 2021-08-09) and its duplicate ([#390](https://github.com/Kotlin/ktfmt/issues/390), closed 2023-03-03); "Can we always assume UTF8?" ([#373](https://github.com/Kotlin/ktfmt/issues/373), closed 2022-12-09).
language-classics	285	semantic-change	- semantic-change: formatting changed program meaning — "Formatting changes semantics of the code when using functions with the expression body written in the next line" ([#1064](https://github.com/ktlint/ktlint/issues/1064), closed 2021-01-20); "Double parentheses are wrongly formatted" ([#2418](https://github.com/ktlint/ktlint/issues/2418), closed 2023-12-09).
language-classics	286	comment-movement	- comment-movement: blank lines injected around comments and imports — "Comments above annotations are separated by the annotation with a blank line" ([#2416](https://github.com/ktlint/ktlint/issues/2416), closed 2023-12-05); "Ignore comments in imports when formatting" ([#2670](https://github.com/ktlint/ktlint/issues/2670), closed 2024-05-27).
language-classics	287	comment-loss	- comment-loss: comment content broken by indentation and EOL handling — "Tab indentation breaks KDoc comments" ([#850](https://github.com/ktlint/ktlint/issues/850), closed 2020-08-24); "Trailing spaces not removed in multiline comment block" ([#1197](https://github.com/ktlint/ktlint/issues/1197), closed 2021-08-05).
language-classics	288	include-import-analog	- include-import-analog: import ordering and removal churn, ending in the default being turned off — "Wildcard imports" ([#48](https://github.com/ktlint/ktlint/issues/48), closed 2017-05-30, 64 comments); "Do not run `no-unused-imports` rule by default" ([#3038](https://github.com/ktlint/ktlint/issues/3038), closed 2025-07-05).
language-classics	289	config-ignore	- config-ignore: disabled rules ignored, or config parsing breaking the run — "ktlint 1.1.0 doesn't respect disabled discouraged-comment-location rule in .editorconfig" ([#2445](https://github.com/ktlint/ktlint/issues/2445), closed 2023-12-19); ".editorconfig with empty values like from IntelliJ export breaks parsing" ([#2824](https://github.com/ktlint/ktlint/issues/2824), closed 2024-10-04).
language-classics	290	config-ignore	- config-ignore: suppression directives changed under users and misfire — "Block ktlint-disable directive not working" ([#967](https://github.com/ktlint/ktlint/issues/967), closed 2020-11-17); "[FR] "@file:Suppress" on wrong location triggers unclear "Annotations should occur immediately before the annotated construct"" ([#3334](https://github.com/ktlint/ktlint/issues/3334), closed 2026-07-02); 0.50 replaced `ktlint-disable`/`ktlint-enable` with `@Suppress` (https://github.com/ktlint/ktlint/blob/master/CHANGELOG.md).
language-classics	291	crash	- crash: internal errors during `--format` — "Nullpointer exception for if-else statement having an empty THEN block" ([#2135](https://github.com/ktlint/ktlint/issues/2135), closed 2023-07-16); "Starting a line with || causes internal error from ktlint --format" ([#1993](https://github.com/ktlint/ktlint/issues/1993), closed 2023-05-05).
language-classics	292	parse-error-handling	- parse-error-handling: compiler upgrades break the parser — "Kotlin 1.5.0 breaks ktlint" ([#1142](https://github.com/ktlint/ktlint/issues/1142), closed 2021-05-06); "Context (parameter) keyword causes unexpected formatting of the function parameters" ([#3120](https://github.com/ktlint/ktlint/issues/3120), closed 2025-09-08).
language-classics	293	whitespace-eol-encoding	- whitespace-eol-encoding: CRLF converted to LF on Windows — "Ktlint 1.3.* converts crlf to lf on Windows" ([#2747](https://github.com/ktlint/ktlint/issues/2747), closed 2024-07-20); "File should not start with whitespace" ([#1563](https://github.com/ktlint/ktlint/issues/1563), closed 2022-07-31).
language-classics	294	line-width-layout	- line-width-layout: the width rule cannot be escaped and fights strings — "The maximum line length of 120 has been exceeded. The rule cannot be modified or disabled." ([#1496](https://github.com/ktlint/ktlint/issues/1496), closed 2022-06-15); "Ignore line length in string literals" ([#659](https://github.com/ktlint/ktlint/issues/659), closed 2019-11-26); "Conflict between `binary-expression-wrapping` and `ktlint_standard_range-spacing`" ([#2766](https://github.com/ktlint/ktlint/issues/2766), closed 2024-08-11).
language-classics	295	idempotence	- idempotence: admitted by design — the docs say some violations remain for the next run and reruns "might result in an endless loop" (https://github.com/ktlint/ktlint/blob/master/documentation/release-latest/docs/install/cli.md); "Function Signature flip-flops between violations with long expression body" ([#1897](https://github.com/ktlint/ktlint/issues/1897), closed 2023-03-29); "Formatting enum class with member definition and missing trailing commas causes rule violations on first run" ([#1786](https://github.com/ktlint/ktlint/issues/1786), closed 2023-01-23).
language-classics	296	other	- other: the opinionation backlash — "ktlint has become too opinionated" ([#2703](https://github.com/ktlint/ktlint/issues/2703), closed 2024-06-17); "Annotation wrapping before explicit constructor (ktlint_official)" ([#2138](https://github.com/ktlint/ktlint/issues/2138), closed 2023-07-20, 53 comments).
language-classics	321	comment-loss	- comment-loss: comments deleted or truncated — "[Formatter] Slash of last `//` comment of indented code deleted" ([#53799](https://github.com/llvm/llvm-project/issues/53799), closed 2022-02-13); "[clang-format] When processing constexpr inline, the middle macro will be deleted" ([#80579](https://github.com/llvm/llvm-project/issues/80579), closed 2024-02-04); "[clang-format] BreakConstructorInitializers doesn't preserve NOLINT comments" ([#41128](https://github.com/llvm/llvm-project/issues/41128), closed 2019-05-07).
language-classics	322	comment-movement	- comment-movement: comments re-anchored to other lines — "Comments in macros moved to different lines" ([#15529](https://github.com/llvm/llvm-project/issues/15529), closed 2013-02-05); "[clang-format] Fail to reindent standalone comments when `AlignTrailingComments.Kind: Leave`" ([#196663](https://github.com/llvm/llvm-project/issues/196663), closed 2026-05-08); "[clang-format] `SeparateDefinitionBlocks: Always` separates trailing block comments (relevant for `// NOLINTEND`)" ([#189384](https://github.com/llvm/llvm-project/issues/189384), closed 2026-03-30).
language-classics	323	idempotence	- idempotence: a second run differs or oscillates — "clang-format not idempotent with long comment containing tabs" ([#51808](https://github.com/llvm/llvm-project/issues/51808), closed 2021-11-10); "`clang-format` is not idempotent on certain files" ([#107616](https://github.com/llvm/llvm-project/issues/107616), closed 2024-09-06); "[clang-format] OneLineFormatOffRegex causes comment above matched line to oscillate indentation" ([#200521](https://github.com/llvm/llvm-project/issues/200521), closed 2026-05-29).
language-classics	324	semantic-change	- semantic-change: include sorting breaks builds — "[clang-format] Google-Style on sorting Includes moves them into comment & breaks code" ([#97539](https://github.com/llvm/llvm-project/issues/97539), closed 2024-07-03); "Clang-format might cause compilation errors if a local library header is included with angle brackets" ([#58300](https://github.com/llvm/llvm-project/issues/58300), closed 2022-10-11); "[clang-format] RemoveSemicolon deletes the semicolon terminating an Objective-C block literal with a generic return type" ([#219713](https://github.com/llvm/llvm-project/issues/219713), closed 2026-08-29).
language-classics	325	parse-error-handling	- parse-error-handling: language misdetection instead of refusal — "[clang-format] Fix breaking change in 20.1.0 by automatically falling back to Cpp formatting if C formatting fails" ([#132832](https://github.com/llvm/llvm-project/issues/132832), closed 2025-03-24); "[clang-format] bug in c formatting when "switch" appears as a token" ([#114408](https://github.com/llvm/llvm-project/issues/114408), closed 2024-10-31).
language-classics	326	whitespace-eol-encoding	- whitespace-eol-encoding: CRLF and BOM rewritten — "clang-format -i replaces LF by CRLF" ([#25373](https://github.com/llvm/llvm-project/issues/25373), closed 2015-09-30); "DOS line endings (\r\n) result in incorrect output with clang-format" ([#34870](https://github.com/llvm/llvm-project/issues/34870), closed 2017-12-04); "Clang adds initial newline for files that start with UTF-8 BOM." ([#18127](https://github.com/llvm/llvm-project/issues/18127), closed 2013-10-31).
language-classics	327	line-width-layout	- line-width-layout: wrapping wrong even at the limits — "clang-format ColumnLimit=0 produces very long condition lines" ([#23201](https://github.com/llvm/llvm-project/issues/23201), closed 2015-03-06); "[clang-format] Bug - clang-format keeps appending `\` when `ReflowComments: Never` and `ColumnLimit: 0`" ([#164282](https://github.com/llvm/llvm-project/issues/164282), closed 2025-10-20).
language-classics	328	config-ignore	- config-ignore: ignore mechanisms quietly ineffective — "[clang-format] does not respect .clang-format-ignore (version 18.1.8)" ([#108337](https://github.com/llvm/llvm-project/issues/108337), closed 2024-09-12); "[clang-format] QualifierOrder ignores `// clang-format off`" ([#53643](https://github.com/llvm/llvm-project/issues/53643), closed 2022-02-07); "clang-format: Disabling Formatting on a one line" ([#54334](https://github.com/llvm/llvm-project/issues/54334), closed 2022-03-11).
language-classics	329	performance	- performance: pathologically slow inputs — "clang-format: /**/ before macro removes line breaks and runs 200x slower" ([#40828](https://github.com/llvm/llvm-project/issues/40828), closed 2019-04-12); "[clang-format] LLVM ERROR: out of memory when formatting ext/nlohmann/json.hpp (clang-format-20)" ([#184040](https://github.com/llvm/llvm-project/issues/184040), closed 2026-03-01).
language-classics	330	crash	- crash: assertions and crashes in macro reconstruction — "Assertion failed: Shift >= 0, file ...WhitespaceManager.cpp, line 245" ([#32854](https://github.com/llvm/llvm-project/issues/32854), closed 2017-06-19); "[clang-format] crashes upon expanding function macros with missing closing paren" ([#131157](https://github.com/llvm/llvm-project/issues/131157), closed 2025-03-13).
language-classics	331	check-exit-codes	- check-exit-codes: `--dry-run` disagrees with formatting — "`clang-format` and `clang-format --dry-run -Werror` disagree regarding inline namespace" ([#82246](https://github.com/llvm/llvm-project/issues/82246), closed 2024-02-19); "Clang format: Dry-run fails without expected changes" ([#61048](https://github.com/llvm/llvm-project/issues/61048), closed 2023-02-28).
language-classics	332	partial-range	- partial-range: ranges leak outside the selection or are ignored — "clang-format -lines removes a line outside of its range" ([#52993](https://github.com/llvm/llvm-project/issues/52993), closed 2022-01-04); "[clang-format] command line parameter -lines ignored when using QualifierAlignment" ([#54888](https://github.com/llvm/llvm-project/issues/54888), closed 2022-04-13).
language-classics	333	embedded-language	- embedded-language: macro bodies and string-like spans parsed as C++ — "preprocessor directives indentation" ([#17736](https://github.com/llvm/llvm-project/issues/17736), closed 2013-09-25); "clang-format c comment in preprocessor macro" ([#21069](https://github.com/llvm/llvm-project/issues/21069), closed 2014-08-18).
language-classics	334	crash	- crash: check mode alone crashes on odd bytes — "[clang-format] --dry-run crashes on C file containing embedded NUL byte, but works fine without --dry-run flag" ([#188500](https://github.com/llvm/llvm-project/issues/188500), closed 2026-03-25); "clang-format --dry-run segfault on a binary file" ([#44786](https://github.com/llvm/llvm-project/issues/44786), open 2020-04-06).
language-classics	358	comment-loss	- comment-loss: comment-only blocks removed by import sorting, and comments deleted by a lint rule — "Comment-only code blocks are removed when OrderedImports is enabled" ([#1080](https://github.com/swiftlang/swift-format/issues/1080), closed 2025-10-25); "`NoCasesWithOnlyFallthrough` silently deletes a comment trailing the `case` label" ([#1274](https://github.com/swiftlang/swift-format/issues/1274), open 2026-08-25).
language-classics	359	comment-movement	- comment-movement: imports jump over headers and comments duplicate — "`OrderedImports` sometimes moves import before file header" ([#772](https://github.com/swiftlang/swift-format/issues/772), closed 2024-07-18); "swift-format Incorrectly duplicates comments to subsequent lines" ([#843](https://github.com/swiftlang/swift-format/issues/843), open 2024-10-10); "Formatting results in duplicated top-level documentation" ([#741](https://github.com/swiftlang/swift-format/issues/741), open 2024-05-11).
language-classics	360	idempotence	- idempotence: no issue matches "idempotent", the nearest being output that changes between versions and duplicated comments — "602.0.0 and 603.0.0 produce different output with the same configuration" ([#1242](https://github.com/swiftlang/swift-format/issues/1242), open 2026-07-09); "swift-format Incorrectly duplicates comments to subsequent lines" ([#843](https://github.com/swiftlang/swift-format/issues/843), open 2024-10-10). This absence of reports is unverified, not proof.
language-classics	361	semantic-change	- semantic-change: shebang lines and unsafe expressions are broken — "Shebang syntax is broken by swift-format 6.3" ([#1194](https://github.com/swiftlang/swift-format/issues/1194), closed 2026-04-27); "swift-format still can't treat `unsafe` expressions correctly in some cases" ([#977](https://github.com/swiftlang/swift-format/issues/977), closed 2025-04-05).
language-classics	362	parse-error-handling	- parse-error-handling: crashes instead of a refusal — "[SR-11101] swift-format crashes on empty file or file with only comments" ([#1155](https://github.com/swiftlang/swift-format/issues/1155), closed 2019-07-11); "Incorrect formatting when disabling #if indentation in a postfix expression" ([#944](https://github.com/swiftlang/swift-format/issues/944), open 2025-02-21); "swift-format-ignore in conditionally-compiled code results in an assertion failure in PrettyPrint.swift" ([#1079](https://github.com/swiftlang/swift-format/issues/1079), closed 2025-10-22).
language-classics	363	whitespace-eol-encoding	- whitespace-eol-encoding: trailing-whitespace and Windows empty-line changes — "add configuration option to trim trailing whitespaces" ([#1097](https://github.com/swiftlang/swift-format/issues/1097), closed 2025-11-19); "Extra empty line between import on Windows" ([#1250](https://github.com/swiftlang/swift-format/issues/1250), closed 2026-07-17); "TrailingWhitespace is giving a false positive" ([#997](https://github.com/swiftlang/swift-format/issues/997), closed 2025-04-17).
language-classics	364	line-width-layout	- line-width-layout: assignments and operators break although the line fits — "Assignment RHS is moved to new line even when assignment fits max line length" ([#1300](https://github.com/swiftlang/swift-format/issues/1300), open 2026-09-18); "Line break incorrectly inserted before infix operator when trying to limit line length" ([#1141](https://github.com/swiftlang/swift-format/issues/1141), open 2026-01-04); "`lineLength` with `multilineTrailingCommaBehavior : alwaysUsed` seems broken" ([#1219](https://github.com/swiftlang/swift-format/issues/1219), open 2026-06-21).
language-classics	365	ordering	- ordering: import sorting has open correctness bugs — "[SR-15565] Swift Format OrderedImports incorrectly sorts uppercased imports" ([#301](https://github.com/swiftlang/swift-format/issues/301), open 2021-12-06); "OrderedImports should create separate groups for different access levels" ([#703](https://github.com/swiftlang/swift-format/issues/703), open 2024-03-15).
language-classics	366	config-ignore	- config-ignore: ignores that don't apply, or config that changes defaults silently — "Ignoring a rule on a variable declaration doesn't work" ([#771](https://github.com/swiftlang/swift-format/issues/771), open 2024-07-18); "False reports and/or `// swift-format-ignore: DontRepeatTypeInStaticProperties` doesn't work." ([#816](https://github.com/swiftlang/swift-format/issues/816), closed 2024-09-24); "specifying `rules` in `.swift-format` file seems to change the default value for some rules" ([#1168](https://github.com/swiftlang/swift-format/issues/1168), open 2026-03-15).
language-classics	367	performance	- performance: formatting is slow, parallel mode slower and once segfaulting — "formatting + linting is too slow" ([#468](https://github.com/swiftlang/swift-format/issues/468), open 2023-01-06); "swift-format lint is slower when run with the parallel option" ([#1069](https://github.com/swiftlang/swift-format/issues/1069), open 2025-10-02); "[SR-14852] Parallel mode segfaults" ([#308](https://github.com/swiftlang/swift-format/issues/308), closed 2021-06-29).
language-classics	368	crash	- crash: crashes tied to the ignore pragma — "Crash when swift-format-ignore precedes a statement inside a switch case" ([#1301](https://github.com/swiftlang/swift-format/issues/1301), open 2026-09-18); "[SR-14529] swift-format-ignore inside switch causes linter to crash" ([#309](https://github.com/swiftlang/swift-format/issues/309), open 2021-04-26).
language-classics	369	check-exit-codes	- check-exit-codes: lint exited 0 after finding violations, and reports were inconsistent — "[SR-12785] swift-format -m lint has zero exit code after identifying style violations" ([#327](https://github.com/swiftlang/swift-format/issues/327), closed 2020-05-11); "Lint is inconsistent on how source paths are reported" ([#818](https://github.com/swiftlang/swift-format/issues/818), closed 2024-09-24).
language-classics	370	embedded-language	- embedded-language: multi-line strings and interpolation are re-indented wrongly — "Interpolation wrapping breaks multi-line string indentation" ([#1226](https://github.com/swiftlang/swift-format/issues/1226), open 2026-06-25); "Re-indenting multiline string literal with multiline tertiary expression fails" ([#783](https://github.com/swiftlang/swift-format/issues/783), open 2024-07-26).
