file	source	licence	expectation	actual	verdict	owner
017.conf	https://github.com/lightbend/config	Apache-2.0	Accepted: same values and comment multiplicity, no include loss, fixed point; otherwise refusal leaves bytes intact. File check/write exits 1/0 for changes, 0/0 for clean/refused; stdin 0 accepted, 1 refused.	separator :: check=0, write=0, second=0, check-after=0, stdin=1; actual.json#017.conf; 	refused as designed	sconfig
017.conf	https://github.com/lightbend/config	Apache-2.0	Accepted: same values and comment multiplicity, no include loss, fixed point; otherwise refusal leaves bytes intact. File check/write exits 1/0 for changes, 0/0 for clean/refused; stdin 0 accepted, 1 refused.	separator =: check=0, write=0, second=0, check-after=0, stdin=1; actual.json#017.conf; 	refused as designed	sconfig
018.conf	https://github.com/lightbend/config	Apache-2.0	Accepted: same values and comment multiplicity, no include loss, fixed point; otherwise refusal leaves bytes intact. File check/write exits 1/0 for changes, 0/0 for clean/refused; stdin 0 accepted, 1 refused.	separator :: check=0, write=0, second=0, check-after=0, stdin=1; actual.json#018.conf; 	refused as designed	sconfig
018.conf	https://github.com/lightbend/config	Apache-2.0	Accepted: same values and comment multiplicity, no include loss, fixed point; otherwise refusal leaves bytes intact. File check/write exits 1/0 for changes, 0/0 for clean/refused; stdin 0 accepted, 1 refused.	separator =: check=0, write=0, second=0, check-after=0, stdin=1; actual.json#018.conf; 	refused as designed	sconfig
019.conf	https://github.com/lightbend/config	Apache-2.0	Accepted: same values and comment multiplicity, no include loss, fixed point; otherwise refusal leaves bytes intact. File check/write exits 1/0 for changes, 0/0 for clean/refused; stdin 0 accepted, 1 refused.	separator :: check=1, write=0, second=0, check-after=0, stdin=0; actual.json#019.conf; 	ok	shared
019.conf	https://github.com/lightbend/config	Apache-2.0	Accepted: same values and comment multiplicity, no include loss, fixed point; otherwise refusal leaves bytes intact. File check/write exits 1/0 for changes, 0/0 for clean/refused; stdin 0 accepted, 1 refused.	separator =: check=1, write=0, second=0, check-after=0, stdin=0; actual.json#019.conf; 	ok	shared
020.conf	https://github.com/lightbend/config	Apache-2.0	Accepted: same values and comment multiplicity, no include loss, fixed point; otherwise refusal leaves bytes intact. File check/write exits 1/0 for changes, 0/0 for clean/refused; stdin 0 accepted, 1 refused.	separator :: check=1, write=0, second=0, check-after=0, stdin=0; actual.json#020.conf; 	ok	shared
020.conf	https://github.com/lightbend/config	Apache-2.0	Accepted: same values and comment multiplicity, no include loss, fixed point; otherwise refusal leaves bytes intact. File check/write exits 1/0 for changes, 0/0 for clean/refused; stdin 0 accepted, 1 refused.	separator =: check=1, write=0, second=0, check-after=0, stdin=0; actual.json#020.conf; 	ok	shared
021.conf	https://github.com/lightbend/config	Apache-2.0	Accepted: same values and comment multiplicity, no include loss, fixed point; otherwise refusal leaves bytes intact. File check/write exits 1/0 for changes, 0/0 for clean/refused; stdin 0 accepted, 1 refused.	separator :: check=1, write=0, second=0, check-after=0, stdin=0; actual.json#021.conf; 	ok	shared
021.conf	https://github.com/lightbend/config	Apache-2.0	Accepted: same values and comment multiplicity, no include loss, fixed point; otherwise refusal leaves bytes intact. File check/write exits 1/0 for changes, 0/0 for clean/refused; stdin 0 accepted, 1 refused.	separator =: check=1, write=0, second=0, check-after=0, stdin=0; actual.json#021.conf; 	ok	shared
022.conf	https://github.com/lightbend/config	Apache-2.0	Accepted: same values and comment multiplicity, no include loss, fixed point; otherwise refusal leaves bytes intact. File check/write exits 1/0 for changes, 0/0 for clean/refused; stdin 0 accepted, 1 refused.	separator :: check=0, write=0, second=0, check-after=0, stdin=1; actual.json#022.conf; 	refused as designed	sconfig
022.conf	https://github.com/lightbend/config	Apache-2.0	Accepted: same values and comment multiplicity, no include loss, fixed point; otherwise refusal leaves bytes intact. File check/write exits 1/0 for changes, 0/0 for clean/refused; stdin 0 accepted, 1 refused.	separator =: check=0, write=0, second=0, check-after=0, stdin=1; actual.json#022.conf; 	refused as designed	sconfig
023.conf	https://github.com/lightbend/config	Apache-2.0	Accepted: same values and comment multiplicity, no include loss, fixed point; otherwise refusal leaves bytes intact. File check/write exits 1/0 for changes, 0/0 for clean/refused; stdin 0 accepted, 1 refused.	separator :: check=1, write=0, second=0, check-after=0, stdin=0; actual.json#023.conf; 	ok	shared
023.conf	https://github.com/lightbend/config	Apache-2.0	Accepted: same values and comment multiplicity, no include loss, fixed point; otherwise refusal leaves bytes intact. File check/write exits 1/0 for changes, 0/0 for clean/refused; stdin 0 accepted, 1 refused.	separator =: check=1, write=0, second=0, check-after=0, stdin=0; actual.json#023.conf; 	ok	shared
024.conf	https://github.com/lightbend/config	Apache-2.0	Accepted: same values and comment multiplicity, no include loss, fixed point; otherwise refusal leaves bytes intact. File check/write exits 1/0 for changes, 0/0 for clean/refused; stdin 0 accepted, 1 refused.	separator :: check=0, write=0, second=0, check-after=0, stdin=1; actual.json#024.conf; 	refused as designed	sconfig
024.conf	https://github.com/lightbend/config	Apache-2.0	Accepted: same values and comment multiplicity, no include loss, fixed point; otherwise refusal leaves bytes intact. File check/write exits 1/0 for changes, 0/0 for clean/refused; stdin 0 accepted, 1 refused.	separator =: check=0, write=0, second=0, check-after=0, stdin=1; actual.json#024.conf; 	refused as designed	sconfig
025.conf	https://github.com/lightbend/config	Apache-2.0	Accepted: same values and comment multiplicity, no include loss, fixed point; otherwise refusal leaves bytes intact. File check/write exits 1/0 for changes, 0/0 for clean/refused; stdin 0 accepted, 1 refused.	separator :: check=1, write=0, second=0, check-after=0, stdin=0; actual.json#025.conf; 	ok	shared
025.conf	https://github.com/lightbend/config	Apache-2.0	Accepted: same values and comment multiplicity, no include loss, fixed point; otherwise refusal leaves bytes intact. File check/write exits 1/0 for changes, 0/0 for clean/refused; stdin 0 accepted, 1 refused.	separator =: check=1, write=0, second=0, check-after=0, stdin=0; actual.json#025.conf; 	ok	shared
026.conf	https://github.com/lightbend/config	Apache-2.0	Accepted: same values and comment multiplicity, no include loss, fixed point; otherwise refusal leaves bytes intact. File check/write exits 1/0 for changes, 0/0 for clean/refused; stdin 0 accepted, 1 refused.	separator :: check=1, write=0, second=0, check-after=0, stdin=0; actual.json#026.conf; 	ok	shared
026.conf	https://github.com/lightbend/config	Apache-2.0	Accepted: same values and comment multiplicity, no include loss, fixed point; otherwise refusal leaves bytes intact. File check/write exits 1/0 for changes, 0/0 for clean/refused; stdin 0 accepted, 1 refused.	separator =: check=1, write=0, second=0, check-after=0, stdin=0; actual.json#026.conf; 	ok	shared
027.conf	https://github.com/lightbend/config	Apache-2.0	Accepted: same values and comment multiplicity, no include loss, fixed point; otherwise refusal leaves bytes intact. File check/write exits 1/0 for changes, 0/0 for clean/refused; stdin 0 accepted, 1 refused.	separator :: check=1, write=0, second=0, check-after=0, stdin=0; actual.json#027.conf; 	ok	shared
027.conf	https://github.com/lightbend/config	Apache-2.0	Accepted: same values and comment multiplicity, no include loss, fixed point; otherwise refusal leaves bytes intact. File check/write exits 1/0 for changes, 0/0 for clean/refused; stdin 0 accepted, 1 refused.	separator =: check=0, write=0, second=0, check-after=0, stdin=0; actual.json#027.conf; 	ok	shared
028.conf	https://github.com/lightbend/config	Apache-2.0	Accepted: same values and comment multiplicity, no include loss, fixed point; otherwise refusal leaves bytes intact. File check/write exits 1/0 for changes, 0/0 for clean/refused; stdin 0 accepted, 1 refused.	separator :: check=1, write=0, second=0, check-after=0, stdin=0; actual.json#028.conf; 	ok	shared
028.conf	https://github.com/lightbend/config	Apache-2.0	Accepted: same values and comment multiplicity, no include loss, fixed point; otherwise refusal leaves bytes intact. File check/write exits 1/0 for changes, 0/0 for clean/refused; stdin 0 accepted, 1 refused.	separator =: check=1, write=0, second=0, check-after=0, stdin=0; actual.json#028.conf; 	ok	shared
029.conf	https://github.com/chimpler/pyhocon	Apache-2.0	Accepted: same values and comment multiplicity, no include loss, fixed point; otherwise refusal leaves bytes intact. File check/write exits 1/0 for changes, 0/0 for clean/refused; stdin 0 accepted, 1 refused.	separator :: check=1, write=0, second=0, check-after=0, stdin=0; actual.json#029.conf; 	ok	shared
029.conf	https://github.com/chimpler/pyhocon	Apache-2.0	Accepted: same values and comment multiplicity, no include loss, fixed point; otherwise refusal leaves bytes intact. File check/write exits 1/0 for changes, 0/0 for clean/refused; stdin 0 accepted, 1 refused.	separator =: check=1, write=0, second=0, check-after=0, stdin=0; actual.json#029.conf; 	ok	shared
030.conf	https://github.com/chimpler/pyhocon	Apache-2.0	Accepted: same values and comment multiplicity, no include loss, fixed point; otherwise refusal leaves bytes intact. File check/write exits 1/0 for changes, 0/0 for clean/refused; stdin 0 accepted, 1 refused.	separator :: check=1, write=0, second=0, check-after=0, stdin=0; actual.json#030.conf; 	ok	shared
030.conf	https://github.com/chimpler/pyhocon	Apache-2.0	Accepted: same values and comment multiplicity, no include loss, fixed point; otherwise refusal leaves bytes intact. File check/write exits 1/0 for changes, 0/0 for clean/refused; stdin 0 accepted, 1 refused.	separator =: check=1, write=0, second=0, check-after=0, stdin=0; actual.json#030.conf; 	ok	shared
031.conf	https://github.com/chimpler/pyhocon	Apache-2.0	Accepted: same values and comment multiplicity, no include loss, fixed point; otherwise refusal leaves bytes intact. File check/write exits 1/0 for changes, 0/0 for clean/refused; stdin 0 accepted, 1 refused.	separator :: check=1, write=0, second=0, check-after=0, stdin=0; actual.json#031.conf; 	ok	shared
031.conf	https://github.com/chimpler/pyhocon	Apache-2.0	Accepted: same values and comment multiplicity, no include loss, fixed point; otherwise refusal leaves bytes intact. File check/write exits 1/0 for changes, 0/0 for clean/refused; stdin 0 accepted, 1 refused.	separator =: check=1, write=0, second=0, check-after=0, stdin=0; actual.json#031.conf; 	ok	shared
032.conf	https://github.com/chimpler/pyhocon	Apache-2.0	Accepted: same values and comment multiplicity, no include loss, fixed point; otherwise refusal leaves bytes intact. File check/write exits 1/0 for changes, 0/0 for clean/refused; stdin 0 accepted, 1 refused.	separator :: check=0, write=0, second=0, check-after=0, stdin=1; actual.json#032.conf; 	refused as designed	sconfig
032.conf	https://github.com/chimpler/pyhocon	Apache-2.0	Accepted: same values and comment multiplicity, no include loss, fixed point; otherwise refusal leaves bytes intact. File check/write exits 1/0 for changes, 0/0 for clean/refused; stdin 0 accepted, 1 refused.	separator =: check=0, write=0, second=0, check-after=0, stdin=1; actual.json#032.conf; 	refused as designed	sconfig
033.conf	https://github.com/chimpler/pyhocon	Apache-2.0	Accepted: same values and comment multiplicity, no include loss, fixed point; otherwise refusal leaves bytes intact. File check/write exits 1/0 for changes, 0/0 for clean/refused; stdin 0 accepted, 1 refused.	separator :: check=1, write=0, second=0, check-after=0, stdin=0; actual.json#033.conf; 	ok	shared
033.conf	https://github.com/chimpler/pyhocon	Apache-2.0	Accepted: same values and comment multiplicity, no include loss, fixed point; otherwise refusal leaves bytes intact. File check/write exits 1/0 for changes, 0/0 for clean/refused; stdin 0 accepted, 1 refused.	separator =: check=1, write=0, second=0, check-after=0, stdin=0; actual.json#033.conf; 	ok	shared
034.conf	https://github.com/chimpler/pyhocon	Apache-2.0	Accepted: same values and comment multiplicity, no include loss, fixed point; otherwise refusal leaves bytes intact. File check/write exits 1/0 for changes, 0/0 for clean/refused; stdin 0 accepted, 1 refused.	separator :: check=1, write=0, second=0, check-after=0, stdin=0; actual.json#034.conf; 	ok	shared
034.conf	https://github.com/chimpler/pyhocon	Apache-2.0	Accepted: same values and comment multiplicity, no include loss, fixed point; otherwise refusal leaves bytes intact. File check/write exits 1/0 for changes, 0/0 for clean/refused; stdin 0 accepted, 1 refused.	separator =: check=1, write=0, second=0, check-after=0, stdin=0; actual.json#034.conf; 	ok	shared
035.conf	https://github.com/chimpler/pyhocon	Apache-2.0	Accepted: same values and comment multiplicity, no include loss, fixed point; otherwise refusal leaves bytes intact. File check/write exits 1/0 for changes, 0/0 for clean/refused; stdin 0 accepted, 1 refused.	separator :: check=1, write=0, second=0, check-after=0, stdin=0; actual.json#035.conf; 	ok	shared
035.conf	https://github.com/chimpler/pyhocon	Apache-2.0	Accepted: same values and comment multiplicity, no include loss, fixed point; otherwise refusal leaves bytes intact. File check/write exits 1/0 for changes, 0/0 for clean/refused; stdin 0 accepted, 1 refused.	separator =: check=1, write=0, second=0, check-after=0, stdin=0; actual.json#035.conf; 	ok	shared
036.conf	https://github.com/chimpler/pyhocon	Apache-2.0	Accepted: same values and comment multiplicity, no include loss, fixed point; otherwise refusal leaves bytes intact. File check/write exits 1/0 for changes, 0/0 for clean/refused; stdin 0 accepted, 1 refused.	separator :: check=0, write=0, second=0, check-after=0, stdin=1; actual.json#036.conf; 	refused as designed	sconfig
036.conf	https://github.com/chimpler/pyhocon	Apache-2.0	Accepted: same values and comment multiplicity, no include loss, fixed point; otherwise refusal leaves bytes intact. File check/write exits 1/0 for changes, 0/0 for clean/refused; stdin 0 accepted, 1 refused.	separator =: check=0, write=0, second=0, check-after=0, stdin=1; actual.json#036.conf; 	refused as designed	sconfig
037.conf	https://github.com/chimpler/pyhocon	Apache-2.0	Accepted: same values and comment multiplicity, no include loss, fixed point; otherwise refusal leaves bytes intact. File check/write exits 1/0 for changes, 0/0 for clean/refused; stdin 0 accepted, 1 refused.	separator :: check=1, write=0, second=0, check-after=0, stdin=0; actual.json#037.conf; 	ok	shared
037.conf	https://github.com/chimpler/pyhocon	Apache-2.0	Accepted: same values and comment multiplicity, no include loss, fixed point; otherwise refusal leaves bytes intact. File check/write exits 1/0 for changes, 0/0 for clean/refused; stdin 0 accepted, 1 refused.	separator =: check=1, write=0, second=0, check-after=0, stdin=0; actual.json#037.conf; 	ok	shared
038.conf	https://github.com/chimpler/pyhocon	Apache-2.0	Accepted: same values and comment multiplicity, no include loss, fixed point; otherwise refusal leaves bytes intact. File check/write exits 1/0 for changes, 0/0 for clean/refused; stdin 0 accepted, 1 refused.	separator :: check=1, write=0, second=0, check-after=0, stdin=0; actual.json#038.conf; 	ok	shared
038.conf	https://github.com/chimpler/pyhocon	Apache-2.0	Accepted: same values and comment multiplicity, no include loss, fixed point; otherwise refusal leaves bytes intact. File check/write exits 1/0 for changes, 0/0 for clean/refused; stdin 0 accepted, 1 refused.	separator =: check=1, write=0, second=0, check-after=0, stdin=0; actual.json#038.conf; 	ok	shared
039.conf	https://github.com/AVSystem/intellij-hocon	Apache-2.0	Accepted: same values and comment multiplicity, no include loss, fixed point; otherwise refusal leaves bytes intact. File check/write exits 1/0 for changes, 0/0 for clean/refused; stdin 0 accepted, 1 refused.	separator :: check=0, write=0, second=0, check-after=0, stdin=1; actual.json#039.conf; 	refused as designed	sconfig
039.conf	https://github.com/AVSystem/intellij-hocon	Apache-2.0	Accepted: same values and comment multiplicity, no include loss, fixed point; otherwise refusal leaves bytes intact. File check/write exits 1/0 for changes, 0/0 for clean/refused; stdin 0 accepted, 1 refused.	separator =: check=0, write=0, second=0, check-after=0, stdin=1; actual.json#039.conf; 	refused as designed	sconfig
040.conf	https://github.com/AVSystem/intellij-hocon	Apache-2.0	Accepted: same values and comment multiplicity, no include loss, fixed point; otherwise refusal leaves bytes intact. File check/write exits 1/0 for changes, 0/0 for clean/refused; stdin 0 accepted, 1 refused.	separator :: check=1, write=0, second=0, check-after=0, stdin=0; actual.json#040.conf; 	ok	shared
040.conf	https://github.com/AVSystem/intellij-hocon	Apache-2.0	Accepted: same values and comment multiplicity, no include loss, fixed point; otherwise refusal leaves bytes intact. File check/write exits 1/0 for changes, 0/0 for clean/refused; stdin 0 accepted, 1 refused.	separator =: check=1, write=0, second=0, check-after=0, stdin=0; actual.json#040.conf; 	ok	shared
041.conf	https://github.com/AVSystem/intellij-hocon	Apache-2.0	Accepted: same values and comment multiplicity, no include loss, fixed point; otherwise refusal leaves bytes intact. File check/write exits 1/0 for changes, 0/0 for clean/refused; stdin 0 accepted, 1 refused.	separator :: check=1, write=0, second=0, check-after=0, stdin=0; actual.json#041.conf; 	ok	shared
041.conf	https://github.com/AVSystem/intellij-hocon	Apache-2.0	Accepted: same values and comment multiplicity, no include loss, fixed point; otherwise refusal leaves bytes intact. File check/write exits 1/0 for changes, 0/0 for clean/refused; stdin 0 accepted, 1 refused.	separator =: check=1, write=0, second=0, check-after=0, stdin=0; actual.json#041.conf; 	ok	shared
042.conf	https://github.com/AVSystem/intellij-hocon	Apache-2.0	Accepted: same values and comment multiplicity, no include loss, fixed point; otherwise refusal leaves bytes intact. File check/write exits 1/0 for changes, 0/0 for clean/refused; stdin 0 accepted, 1 refused.	separator :: check=1, write=0, second=0, check-after=0, stdin=0; actual.json#042.conf; 	ok	shared
042.conf	https://github.com/AVSystem/intellij-hocon	Apache-2.0	Accepted: same values and comment multiplicity, no include loss, fixed point; otherwise refusal leaves bytes intact. File check/write exits 1/0 for changes, 0/0 for clean/refused; stdin 0 accepted, 1 refused.	separator =: check=1, write=0, second=0, check-after=0, stdin=0; actual.json#042.conf; 	ok	shared
043.conf	https://github.com/AVSystem/intellij-hocon	Apache-2.0	Accepted: same values and comment multiplicity, no include loss, fixed point; otherwise refusal leaves bytes intact. File check/write exits 1/0 for changes, 0/0 for clean/refused; stdin 0 accepted, 1 refused.	separator :: check=1, write=0, second=0, check-after=0, stdin=0; actual.json#043.conf; 	ok	shared
043.conf	https://github.com/AVSystem/intellij-hocon	Apache-2.0	Accepted: same values and comment multiplicity, no include loss, fixed point; otherwise refusal leaves bytes intact. File check/write exits 1/0 for changes, 0/0 for clean/refused; stdin 0 accepted, 1 refused.	separator =: check=1, write=0, second=0, check-after=0, stdin=0; actual.json#043.conf; 	ok	shared
044.conf	https://github.com/AVSystem/intellij-hocon	Apache-2.0	Accepted: same values and comment multiplicity, no include loss, fixed point; otherwise refusal leaves bytes intact. File check/write exits 1/0 for changes, 0/0 for clean/refused; stdin 0 accepted, 1 refused.	separator :: check=1, write=0, second=0, check-after=0, stdin=0; actual.json#044.conf; 	ok	shared
044.conf	https://github.com/AVSystem/intellij-hocon	Apache-2.0	Accepted: same values and comment multiplicity, no include loss, fixed point; otherwise refusal leaves bytes intact. File check/write exits 1/0 for changes, 0/0 for clean/refused; stdin 0 accepted, 1 refused.	separator =: check=1, write=0, second=0, check-after=0, stdin=0; actual.json#044.conf; 	ok	shared
045.conf	https://github.com/AVSystem/intellij-hocon	Apache-2.0	Accepted: same values and comment multiplicity, no include loss, fixed point; otherwise refusal leaves bytes intact. File check/write exits 1/0 for changes, 0/0 for clean/refused; stdin 0 accepted, 1 refused.	separator :: check=0, write=0, second=0, check-after=0, stdin=1; actual.json#045.conf; 	refused as designed	shared
045.conf	https://github.com/AVSystem/intellij-hocon	Apache-2.0	Accepted: same values and comment multiplicity, no include loss, fixed point; otherwise refusal leaves bytes intact. File check/write exits 1/0 for changes, 0/0 for clean/refused; stdin 0 accepted, 1 refused.	separator =: check=0, write=0, second=0, check-after=0, stdin=1; actual.json#045.conf; 	refused as designed	shared
046.conf	https://github.com/AVSystem/intellij-hocon	Apache-2.0	Accepted: same values and comment multiplicity, no include loss, fixed point; otherwise refusal leaves bytes intact. File check/write exits 1/0 for changes, 0/0 for clean/refused; stdin 0 accepted, 1 refused.	separator :: check=1, write=0, second=0, check-after=0, stdin=0; actual.json#046.conf; 	ok	shared
046.conf	https://github.com/AVSystem/intellij-hocon	Apache-2.0	Accepted: same values and comment multiplicity, no include loss, fixed point; otherwise refusal leaves bytes intact. File check/write exits 1/0 for changes, 0/0 for clean/refused; stdin 0 accepted, 1 refused.	separator =: check=0, write=0, second=0, check-after=0, stdin=0; actual.json#046.conf; 	ok	shared
047.conf	https://github.com/AVSystem/intellij-hocon	Apache-2.0	Accepted: same values and comment multiplicity, no include loss, fixed point; otherwise refusal leaves bytes intact. File check/write exits 1/0 for changes, 0/0 for clean/refused; stdin 0 accepted, 1 refused.	separator :: check=0, write=0, second=0, check-after=0, stdin=1; actual.json#047.conf; 	refused as designed	sconfig
047.conf	https://github.com/AVSystem/intellij-hocon	Apache-2.0	Accepted: same values and comment multiplicity, no include loss, fixed point; otherwise refusal leaves bytes intact. File check/write exits 1/0 for changes, 0/0 for clean/refused; stdin 0 accepted, 1 refused.	separator =: check=0, write=0, second=0, check-after=0, stdin=1; actual.json#047.conf; 	refused as designed	sconfig
048.conf	https://github.com/AVSystem/intellij-hocon	Apache-2.0	Accepted: same values and comment multiplicity, no include loss, fixed point; otherwise refusal leaves bytes intact. File check/write exits 1/0 for changes, 0/0 for clean/refused; stdin 0 accepted, 1 refused.	separator :: check=0, write=0, second=0, check-after=0, stdin=1; actual.json#048.conf; 	refused as designed	shared
048.conf	https://github.com/AVSystem/intellij-hocon	Apache-2.0	Accepted: same values and comment multiplicity, no include loss, fixed point; otherwise refusal leaves bytes intact. File check/write exits 1/0 for changes, 0/0 for clean/refused; stdin 0 accepted, 1 refused.	separator =: check=0, write=0, second=0, check-after=0, stdin=1; actual.json#048.conf; 	refused as designed	shared
049.conf	https://github.com/hashicorp/hcl	MPL-2.0	Accepted: same values and comment multiplicity, no include loss, fixed point; otherwise refusal leaves bytes intact. File check/write exits 1/0 for changes, 0/0 for clean/refused; stdin 0 accepted, 1 refused.	separator :: check=0, write=0, second=0, check-after=0, stdin=0; actual.json#049.conf; 	ok	shared
049.conf	https://github.com/hashicorp/hcl	MPL-2.0	Accepted: same values and comment multiplicity, no include loss, fixed point; otherwise refusal leaves bytes intact. File check/write exits 1/0 for changes, 0/0 for clean/refused; stdin 0 accepted, 1 refused.	separator =: check=0, write=0, second=0, check-after=0, stdin=0; actual.json#049.conf; 	ok	shared
050.conf	https://github.com/hashicorp/hcl	MPL-2.0	Accepted: same values and comment multiplicity, no include loss, fixed point; otherwise refusal leaves bytes intact. File check/write exits 1/0 for changes, 0/0 for clean/refused; stdin 0 accepted, 1 refused.	separator :: check=1, write=0, second=0, check-after=0, stdin=0; actual.json#050.conf; 	ok	shared
050.conf	https://github.com/hashicorp/hcl	MPL-2.0	Accepted: same values and comment multiplicity, no include loss, fixed point; otherwise refusal leaves bytes intact. File check/write exits 1/0 for changes, 0/0 for clean/refused; stdin 0 accepted, 1 refused.	separator =: check=0, write=0, second=0, check-after=0, stdin=0; actual.json#050.conf; 	ok	shared
051.conf	https://github.com/hashicorp/hcl	MPL-2.0	Accepted: same values and comment multiplicity, no include loss, fixed point; otherwise refusal leaves bytes intact. File check/write exits 1/0 for changes, 0/0 for clean/refused; stdin 0 accepted, 1 refused.	separator :: check=1, write=0, second=0, check-after=0, stdin=0; actual.json#051.conf; 	ok	shared
051.conf	https://github.com/hashicorp/hcl	MPL-2.0	Accepted: same values and comment multiplicity, no include loss, fixed point; otherwise refusal leaves bytes intact. File check/write exits 1/0 for changes, 0/0 for clean/refused; stdin 0 accepted, 1 refused.	separator =: check=1, write=0, second=0, check-after=0, stdin=0; actual.json#051.conf; 	ok	shared
052.conf	https://github.com/hashicorp/hcl	MPL-2.0	Accepted: same values and comment multiplicity, no include loss, fixed point; otherwise refusal leaves bytes intact. File check/write exits 1/0 for changes, 0/0 for clean/refused; stdin 0 accepted, 1 refused.	separator :: check=0, write=0, second=0, check-after=0, stdin=1; actual.json#052.conf; 	refused as designed	sconfig
052.conf	https://github.com/hashicorp/hcl	MPL-2.0	Accepted: same values and comment multiplicity, no include loss, fixed point; otherwise refusal leaves bytes intact. File check/write exits 1/0 for changes, 0/0 for clean/refused; stdin 0 accepted, 1 refused.	separator =: check=0, write=0, second=0, check-after=0, stdin=1; actual.json#052.conf; 	refused as designed	sconfig
053.conf	https://github.com/hashicorp/hcl	MPL-2.0	Accepted: same values and comment multiplicity, no include loss, fixed point; otherwise refusal leaves bytes intact. File check/write exits 1/0 for changes, 0/0 for clean/refused; stdin 0 accepted, 1 refused.	separator :: check=1, write=0, second=0, check-after=0, stdin=0; actual.json#053.conf; 	ok	shared
053.conf	https://github.com/hashicorp/hcl	MPL-2.0	Accepted: same values and comment multiplicity, no include loss, fixed point; otherwise refusal leaves bytes intact. File check/write exits 1/0 for changes, 0/0 for clean/refused; stdin 0 accepted, 1 refused.	separator =: check=0, write=0, second=0, check-after=0, stdin=0; actual.json#053.conf; 	ok	shared
054.conf	https://github.com/hashicorp/hcl	MPL-2.0	Accepted: same values and comment multiplicity, no include loss, fixed point; otherwise refusal leaves bytes intact. File check/write exits 1/0 for changes, 0/0 for clean/refused; stdin 0 accepted, 1 refused.	separator :: check=1, write=0, second=0, check-after=0, stdin=0; actual.json#054.conf; 	ok	shared
054.conf	https://github.com/hashicorp/hcl	MPL-2.0	Accepted: same values and comment multiplicity, no include loss, fixed point; otherwise refusal leaves bytes intact. File check/write exits 1/0 for changes, 0/0 for clean/refused; stdin 0 accepted, 1 refused.	separator =: check=1, write=0, second=0, check-after=0, stdin=0; actual.json#054.conf; 	ok	shared
055.conf	https://github.com/hashicorp/hcl	MPL-2.0	Accepted: same values and comment multiplicity, no include loss, fixed point; otherwise refusal leaves bytes intact. File check/write exits 1/0 for changes, 0/0 for clean/refused; stdin 0 accepted, 1 refused.	separator :: check=1, write=0, second=0, check-after=0, stdin=0; actual.json#055.conf; 	ok	shared
055.conf	https://github.com/hashicorp/hcl	MPL-2.0	Accepted: same values and comment multiplicity, no include loss, fixed point; otherwise refusal leaves bytes intact. File check/write exits 1/0 for changes, 0/0 for clean/refused; stdin 0 accepted, 1 refused.	separator =: check=0, write=0, second=0, check-after=0, stdin=0; actual.json#055.conf; 	ok	shared
056.conf	https://github.com/hashicorp/hcl	MPL-2.0	Accepted: same values and comment multiplicity, no include loss, fixed point; otherwise refusal leaves bytes intact. File check/write exits 1/0 for changes, 0/0 for clean/refused; stdin 0 accepted, 1 refused.	separator :: check=1, write=0, second=0, check-after=0, stdin=0; actual.json#056.conf; 	ok	shared
056.conf	https://github.com/hashicorp/hcl	MPL-2.0	Accepted: same values and comment multiplicity, no include loss, fixed point; otherwise refusal leaves bytes intact. File check/write exits 1/0 for changes, 0/0 for clean/refused; stdin 0 accepted, 1 refused.	separator =: check=1, write=0, second=0, check-after=0, stdin=0; actual.json#056.conf; 	ok	shared
057.conf	https://github.com/hashicorp/hcl	MPL-2.0	Accepted: same values and comment multiplicity, no include loss, fixed point; otherwise refusal leaves bytes intact. File check/write exits 1/0 for changes, 0/0 for clean/refused; stdin 0 accepted, 1 refused.	separator :: check=1, write=0, second=0, check-after=0, stdin=0; actual.json#057.conf; 	ok	shared
057.conf	https://github.com/hashicorp/hcl	MPL-2.0	Accepted: same values and comment multiplicity, no include loss, fixed point; otherwise refusal leaves bytes intact. File check/write exits 1/0 for changes, 0/0 for clean/refused; stdin 0 accepted, 1 refused.	separator =: check=0, write=0, second=0, check-after=0, stdin=0; actual.json#057.conf; 	ok	shared
058.conf	https://github.com/hashicorp/hcl	MPL-2.0	Accepted: same values and comment multiplicity, no include loss, fixed point; otherwise refusal leaves bytes intact. File check/write exits 1/0 for changes, 0/0 for clean/refused; stdin 0 accepted, 1 refused.	separator :: check=1, write=0, second=0, check-after=0, stdin=0; actual.json#058.conf; 	ok	shared
058.conf	https://github.com/hashicorp/hcl	MPL-2.0	Accepted: same values and comment multiplicity, no include loss, fixed point; otherwise refusal leaves bytes intact. File check/write exits 1/0 for changes, 0/0 for clean/refused; stdin 0 accepted, 1 refused.	separator =: check=1, write=0, second=0, check-after=0, stdin=0; actual.json#058.conf; 	ok	shared
059.conf	https://github.com/hashicorp/hcl	MPL-2.0	Accepted: same values and comment multiplicity, no include loss, fixed point; otherwise refusal leaves bytes intact. File check/write exits 1/0 for changes, 0/0 for clean/refused; stdin 0 accepted, 1 refused.	separator :: check=1, write=0, second=0, check-after=0, stdin=0; actual.json#059.conf; 	ok	shared
059.conf	https://github.com/hashicorp/hcl	MPL-2.0	Accepted: same values and comment multiplicity, no include loss, fixed point; otherwise refusal leaves bytes intact. File check/write exits 1/0 for changes, 0/0 for clean/refused; stdin 0 accepted, 1 refused.	separator =: check=1, write=0, second=0, check-after=0, stdin=0; actual.json#059.conf; 	ok	shared
060.conf	https://github.com/tamasfe/taplo	MIT	Accepted: same values and comment multiplicity, no include loss, fixed point; otherwise refusal leaves bytes intact. File check/write exits 1/0 for changes, 0/0 for clean/refused; stdin 0 accepted, 1 refused.	separator :: check=1, write=0, second=0, check-after=0, stdin=0; actual.json#060.conf; 	ok	shared
060.conf	https://github.com/tamasfe/taplo	MIT	Accepted: same values and comment multiplicity, no include loss, fixed point; otherwise refusal leaves bytes intact. File check/write exits 1/0 for changes, 0/0 for clean/refused; stdin 0 accepted, 1 refused.	separator =: check=1, write=0, second=0, check-after=0, stdin=0; actual.json#060.conf; 	ok	shared
061.conf	https://github.com/tamasfe/taplo	MIT	Accepted: same values and comment multiplicity, no include loss, fixed point; otherwise refusal leaves bytes intact. File check/write exits 1/0 for changes, 0/0 for clean/refused; stdin 0 accepted, 1 refused.	separator :: check=1, write=0, second=0, check-after=0, stdin=0; actual.json#061.conf; 	ok	shared
061.conf	https://github.com/tamasfe/taplo	MIT	Accepted: same values and comment multiplicity, no include loss, fixed point; otherwise refusal leaves bytes intact. File check/write exits 1/0 for changes, 0/0 for clean/refused; stdin 0 accepted, 1 refused.	separator =: check=1, write=0, second=0, check-after=0, stdin=0; actual.json#061.conf; 	ok	shared
062.conf	https://github.com/tamasfe/taplo	MIT	Accepted: same values and comment multiplicity, no include loss, fixed point; otherwise refusal leaves bytes intact. File check/write exits 1/0 for changes, 0/0 for clean/refused; stdin 0 accepted, 1 refused.	separator :: check=1, write=0, second=0, check-after=0, stdin=0; actual.json#062.conf; 	ok	shared
062.conf	https://github.com/tamasfe/taplo	MIT	Accepted: same values and comment multiplicity, no include loss, fixed point; otherwise refusal leaves bytes intact. File check/write exits 1/0 for changes, 0/0 for clean/refused; stdin 0 accepted, 1 refused.	separator =: check=0, write=0, second=0, check-after=0, stdin=0; actual.json#062.conf; 	ok	shared
063.conf	https://github.com/tamasfe/taplo	MIT	Accepted: same values and comment multiplicity, no include loss, fixed point; otherwise refusal leaves bytes intact. File check/write exits 1/0 for changes, 0/0 for clean/refused; stdin 0 accepted, 1 refused.	separator :: check=1, write=0, second=0, check-after=0, stdin=0; actual.json#063.conf; 	ok	shared
063.conf	https://github.com/tamasfe/taplo	MIT	Accepted: same values and comment multiplicity, no include loss, fixed point; otherwise refusal leaves bytes intact. File check/write exits 1/0 for changes, 0/0 for clean/refused; stdin 0 accepted, 1 refused.	separator =: check=1, write=0, second=0, check-after=0, stdin=0; actual.json#063.conf; 	ok	shared
064.conf	https://github.com/tamasfe/taplo	MIT	Accepted: same values and comment multiplicity, no include loss, fixed point; otherwise refusal leaves bytes intact. File check/write exits 1/0 for changes, 0/0 for clean/refused; stdin 0 accepted, 1 refused.	separator :: check=1, write=0, second=0, check-after=0, stdin=0; actual.json#064.conf; 	ok	shared
064.conf	https://github.com/tamasfe/taplo	MIT	Accepted: same values and comment multiplicity, no include loss, fixed point; otherwise refusal leaves bytes intact. File check/write exits 1/0 for changes, 0/0 for clean/refused; stdin 0 accepted, 1 refused.	separator =: check=1, write=0, second=0, check-after=0, stdin=0; actual.json#064.conf; 	ok	shared
065.conf	https://github.com/tamasfe/taplo	MIT	Accepted: same values and comment multiplicity, no include loss, fixed point; otherwise refusal leaves bytes intact. File check/write exits 1/0 for changes, 0/0 for clean/refused; stdin 0 accepted, 1 refused.	separator :: check=1, write=0, second=0, check-after=0, stdin=0; actual.json#065.conf; 	ok	shared
065.conf	https://github.com/tamasfe/taplo	MIT	Accepted: same values and comment multiplicity, no include loss, fixed point; otherwise refusal leaves bytes intact. File check/write exits 1/0 for changes, 0/0 for clean/refused; stdin 0 accepted, 1 refused.	separator =: check=1, write=0, second=0, check-after=0, stdin=0; actual.json#065.conf; 	ok	shared
066.conf	https://github.com/tamasfe/taplo	MIT	Accepted: same values and comment multiplicity, no include loss, fixed point; otherwise refusal leaves bytes intact. File check/write exits 1/0 for changes, 0/0 for clean/refused; stdin 0 accepted, 1 refused.	separator :: check=1, write=0, second=0, check-after=0, stdin=0; actual.json#066.conf; 	ok	shared
066.conf	https://github.com/tamasfe/taplo	MIT	Accepted: same values and comment multiplicity, no include loss, fixed point; otherwise refusal leaves bytes intact. File check/write exits 1/0 for changes, 0/0 for clean/refused; stdin 0 accepted, 1 refused.	separator =: check=1, write=0, second=0, check-after=0, stdin=0; actual.json#066.conf; 	ok	shared
067.conf	https://github.com/tamasfe/taplo	MIT	Accepted: same values and comment multiplicity, no include loss, fixed point; otherwise refusal leaves bytes intact. File check/write exits 1/0 for changes, 0/0 for clean/refused; stdin 0 accepted, 1 refused.	separator :: check=1, write=0, second=0, check-after=0, stdin=0; actual.json#067.conf; 	ok	shared
067.conf	https://github.com/tamasfe/taplo	MIT	Accepted: same values and comment multiplicity, no include loss, fixed point; otherwise refusal leaves bytes intact. File check/write exits 1/0 for changes, 0/0 for clean/refused; stdin 0 accepted, 1 refused.	separator =: check=0, write=0, second=0, check-after=0, stdin=0; actual.json#067.conf; 	ok	shared
068.conf	https://github.com/google/go-jsonnet	Apache-2.0	Accepted: same values and comment multiplicity, no include loss, fixed point; otherwise refusal leaves bytes intact. File check/write exits 1/0 for changes, 0/0 for clean/refused; stdin 0 accepted, 1 refused.	separator :: check=1, write=0, second=0, check-after=0, stdin=0; actual.json#068.conf; 	ok	shared
068.conf	https://github.com/google/go-jsonnet	Apache-2.0	Accepted: same values and comment multiplicity, no include loss, fixed point; otherwise refusal leaves bytes intact. File check/write exits 1/0 for changes, 0/0 for clean/refused; stdin 0 accepted, 1 refused.	separator =: check=1, write=0, second=0, check-after=0, stdin=0; actual.json#068.conf; 	ok	shared
069.conf	https://github.com/google/go-jsonnet	Apache-2.0	Accepted: same values and comment multiplicity, no include loss, fixed point; otherwise refusal leaves bytes intact. File check/write exits 1/0 for changes, 0/0 for clean/refused; stdin 0 accepted, 1 refused.	separator :: check=0, write=0, second=0, check-after=0, stdin=1; actual.json#069.conf; 	refused as designed	sconfig
069.conf	https://github.com/google/go-jsonnet	Apache-2.0	Accepted: same values and comment multiplicity, no include loss, fixed point; otherwise refusal leaves bytes intact. File check/write exits 1/0 for changes, 0/0 for clean/refused; stdin 0 accepted, 1 refused.	separator =: check=0, write=0, second=0, check-after=0, stdin=1; actual.json#069.conf; 	refused as designed	sconfig
070.conf	https://github.com/google/go-jsonnet	Apache-2.0	Accepted: same values and comment multiplicity, no include loss, fixed point; otherwise refusal leaves bytes intact. File check/write exits 1/0 for changes, 0/0 for clean/refused; stdin 0 accepted, 1 refused.	separator :: check=1, write=0, second=0, check-after=0, stdin=0; actual.json#070.conf; 	ok	shared
070.conf	https://github.com/google/go-jsonnet	Apache-2.0	Accepted: same values and comment multiplicity, no include loss, fixed point; otherwise refusal leaves bytes intact. File check/write exits 1/0 for changes, 0/0 for clean/refused; stdin 0 accepted, 1 refused.	separator =: check=0, write=0, second=0, check-after=0, stdin=0; actual.json#070.conf; 	ok	shared
071.conf	https://github.com/google/go-jsonnet	Apache-2.0	Accepted: same values and comment multiplicity, no include loss, fixed point; otherwise refusal leaves bytes intact. File check/write exits 1/0 for changes, 0/0 for clean/refused; stdin 0 accepted, 1 refused.	separator :: check=0, write=0, second=0, check-after=0, stdin=1; actual.json#071.conf; 	refused as designed	shared
071.conf	https://github.com/google/go-jsonnet	Apache-2.0	Accepted: same values and comment multiplicity, no include loss, fixed point; otherwise refusal leaves bytes intact. File check/write exits 1/0 for changes, 0/0 for clean/refused; stdin 0 accepted, 1 refused.	separator =: check=0, write=0, second=0, check-after=0, stdin=1; actual.json#071.conf; 	refused as designed	shared
072.conf	https://github.com/cue-lang/cue	Apache-2.0	Accepted: same values and comment multiplicity, no include loss, fixed point; otherwise refusal leaves bytes intact. File check/write exits 1/0 for changes, 0/0 for clean/refused; stdin 0 accepted, 1 refused.	separator :: check=1, write=0, second=0, check-after=0, stdin=0; actual.json#072.conf; 	ok	shared
072.conf	https://github.com/cue-lang/cue	Apache-2.0	Accepted: same values and comment multiplicity, no include loss, fixed point; otherwise refusal leaves bytes intact. File check/write exits 1/0 for changes, 0/0 for clean/refused; stdin 0 accepted, 1 refused.	separator =: check=1, write=0, second=0, check-after=0, stdin=0; actual.json#072.conf; 	ok	shared
073.conf	https://github.com/cue-lang/cue	Apache-2.0	Accepted: same values and comment multiplicity, no include loss, fixed point; otherwise refusal leaves bytes intact. File check/write exits 1/0 for changes, 0/0 for clean/refused; stdin 0 accepted, 1 refused.	separator :: check=0, write=0, second=0, check-after=0, stdin=1; actual.json#073.conf; 	refused as designed	sconfig
073.conf	https://github.com/cue-lang/cue	Apache-2.0	Accepted: same values and comment multiplicity, no include loss, fixed point; otherwise refusal leaves bytes intact. File check/write exits 1/0 for changes, 0/0 for clean/refused; stdin 0 accepted, 1 refused.	separator =: check=0, write=0, second=0, check-after=0, stdin=1; actual.json#073.conf; 	refused as designed	sconfig
074.conf	https://github.com/cue-lang/cue	Apache-2.0	Accepted: same values and comment multiplicity, no include loss, fixed point; otherwise refusal leaves bytes intact. File check/write exits 1/0 for changes, 0/0 for clean/refused; stdin 0 accepted, 1 refused.	separator :: check=1, write=0, second=0, check-after=0, stdin=0; actual.json#074.conf; 	ok	shared
074.conf	https://github.com/cue-lang/cue	Apache-2.0	Accepted: same values and comment multiplicity, no include loss, fixed point; otherwise refusal leaves bytes intact. File check/write exits 1/0 for changes, 0/0 for clean/refused; stdin 0 accepted, 1 refused.	separator =: check=1, write=0, second=0, check-after=0, stdin=0; actual.json#074.conf; 	ok	shared
075.conf	https://github.com/cue-lang/cue	Apache-2.0	Accepted: same values and comment multiplicity, no include loss, fixed point; otherwise refusal leaves bytes intact. File check/write exits 1/0 for changes, 0/0 for clean/refused; stdin 0 accepted, 1 refused.	separator :: check=0, write=0, second=0, check-after=0, stdin=1; actual.json#075.conf; 	refused as designed	shared
075.conf	https://github.com/cue-lang/cue	Apache-2.0	Accepted: same values and comment multiplicity, no include loss, fixed point; otherwise refusal leaves bytes intact. File check/write exits 1/0 for changes, 0/0 for clean/refused; stdin 0 accepted, 1 refused.	separator =: check=0, write=0, second=0, check-after=0, stdin=1; actual.json#075.conf; 	refused as designed	shared
076.conf	https://github.com/cue-lang/cue	Apache-2.0	Accepted: same values and comment multiplicity, no include loss, fixed point; otherwise refusal leaves bytes intact. File check/write exits 1/0 for changes, 0/0 for clean/refused; stdin 0 accepted, 1 refused.	separator :: check=1, write=0, second=0, check-after=0, stdin=0; actual.json#076.conf; 	ok	shared
076.conf	https://github.com/cue-lang/cue	Apache-2.0	Accepted: same values and comment multiplicity, no include loss, fixed point; otherwise refusal leaves bytes intact. File check/write exits 1/0 for changes, 0/0 for clean/refused; stdin 0 accepted, 1 refused.	separator =: check=1, write=0, second=0, check-after=0, stdin=0; actual.json#076.conf; 	ok	shared
077.conf	https://github.com/cue-lang/cue	Apache-2.0	Accepted: same values and comment multiplicity, no include loss, fixed point; otherwise refusal leaves bytes intact. File check/write exits 1/0 for changes, 0/0 for clean/refused; stdin 0 accepted, 1 refused.	separator :: check=0, write=0, second=0, check-after=0, stdin=1; actual.json#077.conf; 	refused as designed	sconfig
077.conf	https://github.com/cue-lang/cue	Apache-2.0	Accepted: same values and comment multiplicity, no include loss, fixed point; otherwise refusal leaves bytes intact. File check/write exits 1/0 for changes, 0/0 for clean/refused; stdin 0 accepted, 1 refused.	separator =: check=0, write=0, second=0, check-after=0, stdin=1; actual.json#077.conf; 	refused as designed	sconfig
078.conf	https://github.com/cue-lang/cue	Apache-2.0	Accepted: same values and comment multiplicity, no include loss, fixed point; otherwise refusal leaves bytes intact. File check/write exits 1/0 for changes, 0/0 for clean/refused; stdin 0 accepted, 1 refused.	separator :: check=1, write=0, second=0, check-after=0, stdin=0; actual.json#078.conf; 	ok	shared
078.conf	https://github.com/cue-lang/cue	Apache-2.0	Accepted: same values and comment multiplicity, no include loss, fixed point; otherwise refusal leaves bytes intact. File check/write exits 1/0 for changes, 0/0 for clean/refused; stdin 0 accepted, 1 refused.	separator =: check=1, write=0, second=0, check-after=0, stdin=0; actual.json#078.conf; 	ok	shared
079.conf	https://github.com/cue-lang/cue	Apache-2.0	Accepted: same values and comment multiplicity, no include loss, fixed point; otherwise refusal leaves bytes intact. File check/write exits 1/0 for changes, 0/0 for clean/refused; stdin 0 accepted, 1 refused.	separator :: check=1, write=0, second=0, check-after=0, stdin=0; actual.json#079.conf; 	ok	shared
079.conf	https://github.com/cue-lang/cue	Apache-2.0	Accepted: same values and comment multiplicity, no include loss, fixed point; otherwise refusal leaves bytes intact. File check/write exits 1/0 for changes, 0/0 for clean/refused; stdin 0 accepted, 1 refused.	separator =: check=0, write=0, second=0, check-after=0, stdin=0; actual.json#079.conf; 	ok	shared
080.conf	https://github.com/NixOS/nixfmt	MPL-2.0	Accepted: same values and comment multiplicity, no include loss, fixed point; otherwise refusal leaves bytes intact. File check/write exits 1/0 for changes, 0/0 for clean/refused; stdin 0 accepted, 1 refused.	separator :: check=0, write=0, second=0, check-after=0, stdin=1; actual.json#080.conf; 	refused as designed	shared
080.conf	https://github.com/NixOS/nixfmt	MPL-2.0	Accepted: same values and comment multiplicity, no include loss, fixed point; otherwise refusal leaves bytes intact. File check/write exits 1/0 for changes, 0/0 for clean/refused; stdin 0 accepted, 1 refused.	separator =: check=0, write=0, second=0, check-after=0, stdin=1; actual.json#080.conf; 	refused as designed	shared
081.conf	https://github.com/NixOS/nixfmt	MPL-2.0	Accepted: same values and comment multiplicity, no include loss, fixed point; otherwise refusal leaves bytes intact. File check/write exits 1/0 for changes, 0/0 for clean/refused; stdin 0 accepted, 1 refused.	separator :: check=0, write=0, second=0, check-after=0, stdin=1; actual.json#081.conf; 	refused as designed	shared
081.conf	https://github.com/NixOS/nixfmt	MPL-2.0	Accepted: same values and comment multiplicity, no include loss, fixed point; otherwise refusal leaves bytes intact. File check/write exits 1/0 for changes, 0/0 for clean/refused; stdin 0 accepted, 1 refused.	separator =: check=0, write=0, second=0, check-after=0, stdin=1; actual.json#081.conf; 	refused as designed	shared
082.conf	https://github.com/NixOS/nixfmt	MPL-2.0	Accepted: same values and comment multiplicity, no include loss, fixed point; otherwise refusal leaves bytes intact. File check/write exits 1/0 for changes, 0/0 for clean/refused; stdin 0 accepted, 1 refused.	separator :: check=0, write=0, second=0, check-after=0, stdin=1; actual.json#082.conf; 	refused as designed	sconfig
082.conf	https://github.com/NixOS/nixfmt	MPL-2.0	Accepted: same values and comment multiplicity, no include loss, fixed point; otherwise refusal leaves bytes intact. File check/write exits 1/0 for changes, 0/0 for clean/refused; stdin 0 accepted, 1 refused.	separator =: check=0, write=0, second=0, check-after=0, stdin=1; actual.json#082.conf; 	refused as designed	sconfig
083.conf	https://github.com/NixOS/nixfmt	MPL-2.0	Accepted: same values and comment multiplicity, no include loss, fixed point; otherwise refusal leaves bytes intact. File check/write exits 1/0 for changes, 0/0 for clean/refused; stdin 0 accepted, 1 refused.	separator :: check=0, write=0, second=0, check-after=0, stdin=1; actual.json#083.conf; 	refused as designed	sconfig
083.conf	https://github.com/NixOS/nixfmt	MPL-2.0	Accepted: same values and comment multiplicity, no include loss, fixed point; otherwise refusal leaves bytes intact. File check/write exits 1/0 for changes, 0/0 for clean/refused; stdin 0 accepted, 1 refused.	separator =: check=0, write=0, second=0, check-after=0, stdin=1; actual.json#083.conf; 	refused as designed	sconfig
085.conf	https://github.com/NixOS/nixfmt	MPL-2.0	Accepted: same values and comment multiplicity, no include loss, fixed point; otherwise refusal leaves bytes intact. File check/write exits 1/0 for changes, 0/0 for clean/refused; stdin 0 accepted, 1 refused.	separator :: check=1, write=0, second=0, check-after=0, stdin=0; actual.json#085.conf; 	ok	shared
085.conf	https://github.com/NixOS/nixfmt	MPL-2.0	Accepted: same values and comment multiplicity, no include loss, fixed point; otherwise refusal leaves bytes intact. File check/write exits 1/0 for changes, 0/0 for clean/refused; stdin 0 accepted, 1 refused.	separator =: check=1, write=0, second=0, check-after=0, stdin=0; actual.json#085.conf; 	ok	shared
086.conf	https://github.com/NixOS/nixfmt	MPL-2.0	Accepted: same values and comment multiplicity, no include loss, fixed point; otherwise refusal leaves bytes intact. File check/write exits 1/0 for changes, 0/0 for clean/refused; stdin 0 accepted, 1 refused.	separator :: check=1, write=0, second=0, check-after=0, stdin=0; actual.json#086.conf; 	ok	shared
086.conf	https://github.com/NixOS/nixfmt	MPL-2.0	Accepted: same values and comment multiplicity, no include loss, fixed point; otherwise refusal leaves bytes intact. File check/write exits 1/0 for changes, 0/0 for clean/refused; stdin 0 accepted, 1 refused.	separator =: check=1, write=0, second=0, check-after=0, stdin=0; actual.json#086.conf; 	ok	shared
087.conf	https://github.com/NixOS/nixfmt	MPL-2.0	Accepted: same values and comment multiplicity, no include loss, fixed point; otherwise refusal leaves bytes intact. File check/write exits 1/0 for changes, 0/0 for clean/refused; stdin 0 accepted, 1 refused.	separator :: check=1, write=0, second=0, check-after=0, stdin=0; actual.json#087.conf; 	ok	shared
087.conf	https://github.com/NixOS/nixfmt	MPL-2.0	Accepted: same values and comment multiplicity, no include loss, fixed point; otherwise refusal leaves bytes intact. File check/write exits 1/0 for changes, 0/0 for clean/refused; stdin 0 accepted, 1 refused.	separator =: check=1, write=0, second=0, check-after=0, stdin=0; actual.json#087.conf; 	ok	shared
088.conf	https://github.com/NixOS/nixfmt	MPL-2.0	Accepted: same values and comment multiplicity, no include loss, fixed point; otherwise refusal leaves bytes intact. File check/write exits 1/0 for changes, 0/0 for clean/refused; stdin 0 accepted, 1 refused.	separator :: check=0, write=0, second=0, check-after=0, stdin=1; actual.json#088.conf; 	refused as designed	shared
088.conf	https://github.com/NixOS/nixfmt	MPL-2.0	Accepted: same values and comment multiplicity, no include loss, fixed point; otherwise refusal leaves bytes intact. File check/write exits 1/0 for changes, 0/0 for clean/refused; stdin 0 accepted, 1 refused.	separator =: check=0, write=0, second=0, check-after=0, stdin=1; actual.json#088.conf; 	refused as designed	shared
089.conf	https://github.com/kastoestoramadus/hocon-fmt	GPL-3.0-only (new HOCON analogue)	Accepted: same values and comment multiplicity, no include loss, fixed point; otherwise refusal leaves bytes intact. File check/write exits 1/0 for changes, 0/0 for clean/refused; stdin 0 accepted, 1 refused.	separator :: check=0, write=0, second=0, check-after=0, stdin=1; actual.json#089.conf; 	refused as designed	sconfig
089.conf	https://github.com/kastoestoramadus/hocon-fmt	GPL-3.0-only (new HOCON analogue)	Accepted: same values and comment multiplicity, no include loss, fixed point; otherwise refusal leaves bytes intact. File check/write exits 1/0 for changes, 0/0 for clean/refused; stdin 0 accepted, 1 refused.	separator =: check=0, write=0, second=0, check-after=0, stdin=1; actual.json#089.conf; 	refused as designed	sconfig
090.conf	https://github.com/kastoestoramadus/hocon-fmt	GPL-3.0-only (new HOCON analogue)	Accepted: same values and comment multiplicity, no include loss, fixed point; otherwise refusal leaves bytes intact. File check/write exits 1/0 for changes, 0/0 for clean/refused; stdin 0 accepted, 1 refused.	separator :: check=0, write=0, second=0, check-after=0, stdin=1; actual.json#090.conf; 	refused as designed	sconfig
090.conf	https://github.com/kastoestoramadus/hocon-fmt	GPL-3.0-only (new HOCON analogue)	Accepted: same values and comment multiplicity, no include loss, fixed point; otherwise refusal leaves bytes intact. File check/write exits 1/0 for changes, 0/0 for clean/refused; stdin 0 accepted, 1 refused.	separator =: check=0, write=0, second=0, check-after=0, stdin=1; actual.json#090.conf; 	refused as designed	sconfig
091.conf	https://github.com/kastoestoramadus/hocon-fmt	GPL-3.0-only (new HOCON analogue)	Accepted: same values and comment multiplicity, no include loss, fixed point; otherwise refusal leaves bytes intact. File check/write exits 1/0 for changes, 0/0 for clean/refused; stdin 0 accepted, 1 refused.	separator :: check=0, write=0, second=0, check-after=0, stdin=1; actual.json#091.conf; 	refused as designed	sconfig
091.conf	https://github.com/kastoestoramadus/hocon-fmt	GPL-3.0-only (new HOCON analogue)	Accepted: same values and comment multiplicity, no include loss, fixed point; otherwise refusal leaves bytes intact. File check/write exits 1/0 for changes, 0/0 for clean/refused; stdin 0 accepted, 1 refused.	separator =: check=0, write=0, second=0, check-after=0, stdin=1; actual.json#091.conf; 	refused as designed	sconfig
092.conf	https://github.com/kastoestoramadus/hocon-fmt	GPL-3.0-only (new HOCON analogue)	Accepted: same values and comment multiplicity, no include loss, fixed point; otherwise refusal leaves bytes intact. File check/write exits 1/0 for changes, 0/0 for clean/refused; stdin 0 accepted, 1 refused.	separator :: check=1, write=0, second=0, check-after=0, stdin=0; actual.json#092.conf; 	ok	shared
092.conf	https://github.com/kastoestoramadus/hocon-fmt	GPL-3.0-only (new HOCON analogue)	Accepted: same values and comment multiplicity, no include loss, fixed point; otherwise refusal leaves bytes intact. File check/write exits 1/0 for changes, 0/0 for clean/refused; stdin 0 accepted, 1 refused.	separator =: check=1, write=0, second=0, check-after=0, stdin=0; actual.json#092.conf; 	ok	shared
093.conf	https://github.com/kastoestoramadus/hocon-fmt	GPL-3.0-only (new HOCON analogue)	Accepted: same values and comment multiplicity, no include loss, fixed point; otherwise refusal leaves bytes intact. File check/write exits 1/0 for changes, 0/0 for clean/refused; stdin 0 accepted, 1 refused.	separator :: check=1, write=0, second=0, check-after=0, stdin=0; actual.json#093.conf; 	ok	shared
093.conf	https://github.com/kastoestoramadus/hocon-fmt	GPL-3.0-only (new HOCON analogue)	Accepted: same values and comment multiplicity, no include loss, fixed point; otherwise refusal leaves bytes intact. File check/write exits 1/0 for changes, 0/0 for clean/refused; stdin 0 accepted, 1 refused.	separator =: check=1, write=0, second=0, check-after=0, stdin=0; actual.json#093.conf; 	ok	shared
094.conf	https://github.com/kastoestoramadus/hocon-fmt	GPL-3.0-only (new HOCON analogue)	Accepted: same values and comment multiplicity, no include loss, fixed point; otherwise refusal leaves bytes intact. File check/write exits 1/0 for changes, 0/0 for clean/refused; stdin 0 accepted, 1 refused.	separator :: check=1, write=0, second=0, check-after=0, stdin=0; actual.json#094.conf; 	ok	shared
094.conf	https://github.com/kastoestoramadus/hocon-fmt	GPL-3.0-only (new HOCON analogue)	Accepted: same values and comment multiplicity, no include loss, fixed point; otherwise refusal leaves bytes intact. File check/write exits 1/0 for changes, 0/0 for clean/refused; stdin 0 accepted, 1 refused.	separator =: check=1, write=0, second=0, check-after=0, stdin=0; actual.json#094.conf; 	ok	shared
095.conf	https://github.com/kastoestoramadus/hocon-fmt	GPL-3.0-only (new HOCON analogue)	Accepted: same values and comment multiplicity, no include loss, fixed point; otherwise refusal leaves bytes intact. File check/write exits 1/0 for changes, 0/0 for clean/refused; stdin 0 accepted, 1 refused.	separator :: check=1, write=0, second=0, check-after=0, stdin=0; actual.json#095.conf; 	ok	shared
095.conf	https://github.com/kastoestoramadus/hocon-fmt	GPL-3.0-only (new HOCON analogue)	Accepted: same values and comment multiplicity, no include loss, fixed point; otherwise refusal leaves bytes intact. File check/write exits 1/0 for changes, 0/0 for clean/refused; stdin 0 accepted, 1 refused.	separator =: check=1, write=0, second=0, check-after=0, stdin=0; actual.json#095.conf; 	ok	shared
096.conf	https://github.com/kastoestoramadus/hocon-fmt	GPL-3.0-only (new HOCON analogue)	Accepted: same values and comment multiplicity, no include loss, fixed point; otherwise refusal leaves bytes intact. File check/write exits 1/0 for changes, 0/0 for clean/refused; stdin 0 accepted, 1 refused.	separator :: check=1, write=0, second=0, check-after=0, stdin=0; actual.json#096.conf; 	ok	shared
096.conf	https://github.com/kastoestoramadus/hocon-fmt	GPL-3.0-only (new HOCON analogue)	Accepted: same values and comment multiplicity, no include loss, fixed point; otherwise refusal leaves bytes intact. File check/write exits 1/0 for changes, 0/0 for clean/refused; stdin 0 accepted, 1 refused.	separator =: check=1, write=0, second=0, check-after=0, stdin=0; actual.json#096.conf; 	ok	shared
097.conf	https://github.com/kastoestoramadus/hocon-fmt	GPL-3.0-only (new HOCON analogue)	Accepted: same values and comment multiplicity, no include loss, fixed point; otherwise refusal leaves bytes intact. File check/write exits 1/0 for changes, 0/0 for clean/refused; stdin 0 accepted, 1 refused.	separator :: check=0, write=0, second=0, check-after=0, stdin=1; actual.json#097.conf; 	refused as designed	shared
097.conf	https://github.com/kastoestoramadus/hocon-fmt	GPL-3.0-only (new HOCON analogue)	Accepted: same values and comment multiplicity, no include loss, fixed point; otherwise refusal leaves bytes intact. File check/write exits 1/0 for changes, 0/0 for clean/refused; stdin 0 accepted, 1 refused.	separator =: check=0, write=0, second=0, check-after=0, stdin=1; actual.json#097.conf; 	refused as designed	shared
098.conf	https://github.com/kastoestoramadus/hocon-fmt	GPL-3.0-only (new HOCON analogue)	Accepted: same values and comment multiplicity, no include loss, fixed point; otherwise refusal leaves bytes intact. File check/write exits 1/0 for changes, 0/0 for clean/refused; stdin 0 accepted, 1 refused.	separator :: check=0, write=0, second=0, check-after=0, stdin=1; actual.json#098.conf; 	refused as designed	shared
098.conf	https://github.com/kastoestoramadus/hocon-fmt	GPL-3.0-only (new HOCON analogue)	Accepted: same values and comment multiplicity, no include loss, fixed point; otherwise refusal leaves bytes intact. File check/write exits 1/0 for changes, 0/0 for clean/refused; stdin 0 accepted, 1 refused.	separator =: check=0, write=0, second=0, check-after=0, stdin=1; actual.json#098.conf; 	refused as designed	shared
099.conf	https://github.com/kastoestoramadus/hocon-fmt	GPL-3.0-only (new HOCON analogue)	Accepted: same values and comment multiplicity, no include loss, fixed point; otherwise refusal leaves bytes intact. File check/write exits 1/0 for changes, 0/0 for clean/refused; stdin 0 accepted, 1 refused.	separator :: check=0, write=0, second=0, check-after=0, stdin=1; actual.json#099.conf; 	refused as designed	shared
099.conf	https://github.com/kastoestoramadus/hocon-fmt	GPL-3.0-only (new HOCON analogue)	Accepted: same values and comment multiplicity, no include loss, fixed point; otherwise refusal leaves bytes intact. File check/write exits 1/0 for changes, 0/0 for clean/refused; stdin 0 accepted, 1 refused.	separator =: check=0, write=0, second=0, check-after=0, stdin=1; actual.json#099.conf; 	refused as designed	shared
101.conf	https://github.com/kastoestoramadus/hocon-fmt	GPL-3.0-only (new HOCON analogue)	Accepted: same values and comment multiplicity, no include loss, fixed point; otherwise refusal leaves bytes intact. File check/write exits 1/0 for changes, 0/0 for clean/refused; stdin 0 accepted, 1 refused.	separator :: check=1, write=0, second=0, check-after=0, stdin=0; actual.json#101.conf; 	ok	shared
101.conf	https://github.com/kastoestoramadus/hocon-fmt	GPL-3.0-only (new HOCON analogue)	Accepted: same values and comment multiplicity, no include loss, fixed point; otherwise refusal leaves bytes intact. File check/write exits 1/0 for changes, 0/0 for clean/refused; stdin 0 accepted, 1 refused.	separator =: check=1, write=0, second=0, check-after=0, stdin=0; actual.json#101.conf; 	ok	shared
102.conf	https://github.com/kastoestoramadus/hocon-fmt	GPL-3.0-only (new HOCON analogue)	Accepted: same values and comment multiplicity, no include loss, fixed point; otherwise refusal leaves bytes intact. File check/write exits 1/0 for changes, 0/0 for clean/refused; stdin 0 accepted, 1 refused.	separator :: check=0, write=0, second=0, check-after=0, stdin=1; actual.json#102.conf; 	refused as designed	shared
102.conf	https://github.com/kastoestoramadus/hocon-fmt	GPL-3.0-only (new HOCON analogue)	Accepted: same values and comment multiplicity, no include loss, fixed point; otherwise refusal leaves bytes intact. File check/write exits 1/0 for changes, 0/0 for clean/refused; stdin 0 accepted, 1 refused.	separator =: check=0, write=0, second=0, check-after=0, stdin=1; actual.json#102.conf; 	refused as designed	shared
103.conf	https://github.com/kastoestoramadus/hocon-fmt	GPL-3.0-only (new HOCON analogue)	Accepted: same values and comment multiplicity, no include loss, fixed point; otherwise refusal leaves bytes intact. File check/write exits 1/0 for changes, 0/0 for clean/refused; stdin 0 accepted, 1 refused.	separator :: check=0, write=0, second=0, check-after=0, stdin=1; actual.json#103.conf; 	refused as designed	shared
103.conf	https://github.com/kastoestoramadus/hocon-fmt	GPL-3.0-only (new HOCON analogue)	Accepted: same values and comment multiplicity, no include loss, fixed point; otherwise refusal leaves bytes intact. File check/write exits 1/0 for changes, 0/0 for clean/refused; stdin 0 accepted, 1 refused.	separator =: check=0, write=0, second=0, check-after=0, stdin=1; actual.json#103.conf; 	refused as designed	shared
104.conf	https://github.com/kastoestoramadus/hocon-fmt	GPL-3.0-only (new HOCON analogue)	Accepted: same values and comment multiplicity, no include loss, fixed point; otherwise refusal leaves bytes intact. File check/write exits 1/0 for changes, 0/0 for clean/refused; stdin 0 accepted, 1 refused.	separator :: check=1, write=0, second=0, check-after=0, stdin=0; actual.json#104.conf; 	ok	shared
104.conf	https://github.com/kastoestoramadus/hocon-fmt	GPL-3.0-only (new HOCON analogue)	Accepted: same values and comment multiplicity, no include loss, fixed point; otherwise refusal leaves bytes intact. File check/write exits 1/0 for changes, 0/0 for clean/refused; stdin 0 accepted, 1 refused.	separator =: check=1, write=0, second=0, check-after=0, stdin=0; actual.json#104.conf; 	ok	shared
106.conf	https://github.com/kastoestoramadus/hocon-fmt	GPL-3.0-only (new HOCON analogue)	Accepted: same values and comment multiplicity, no include loss, fixed point; otherwise refusal leaves bytes intact. File check/write exits 1/0 for changes, 0/0 for clean/refused; stdin 0 accepted, 1 refused.	separator :: check=1, write=0, second=0, check-after=0, stdin=0; actual.json#106.conf; 	ok	shared
106.conf	https://github.com/kastoestoramadus/hocon-fmt	GPL-3.0-only (new HOCON analogue)	Accepted: same values and comment multiplicity, no include loss, fixed point; otherwise refusal leaves bytes intact. File check/write exits 1/0 for changes, 0/0 for clean/refused; stdin 0 accepted, 1 refused.	separator =: check=1, write=0, second=0, check-after=0, stdin=0; actual.json#106.conf; 	ok	shared
107.conf	https://github.com/kastoestoramadus/hocon-fmt	GPL-3.0-only (new HOCON analogue)	Accepted: same values and comment multiplicity, no include loss, fixed point; otherwise refusal leaves bytes intact. File check/write exits 1/0 for changes, 0/0 for clean/refused; stdin 0 accepted, 1 refused.	separator :: check=1, write=0, second=0, check-after=0, stdin=0; actual.json#107.conf; 	ok	shared
107.conf	https://github.com/kastoestoramadus/hocon-fmt	GPL-3.0-only (new HOCON analogue)	Accepted: same values and comment multiplicity, no include loss, fixed point; otherwise refusal leaves bytes intact. File check/write exits 1/0 for changes, 0/0 for clean/refused; stdin 0 accepted, 1 refused.	separator =: check=1, write=0, second=0, check-after=0, stdin=0; actual.json#107.conf; 	ok	shared
109.conf	https://github.com/kastoestoramadus/hocon-fmt	GPL-3.0-only (new HOCON analogue)	Accepted: same values and comment multiplicity, no include loss, fixed point; otherwise refusal leaves bytes intact. File check/write exits 1/0 for changes, 0/0 for clean/refused; stdin 0 accepted, 1 refused.	separator :: check=1, write=0, second=0, check-after=0, stdin=0; actual.json#109.conf; 	ok	shared
109.conf	https://github.com/kastoestoramadus/hocon-fmt	GPL-3.0-only (new HOCON analogue)	Accepted: same values and comment multiplicity, no include loss, fixed point; otherwise refusal leaves bytes intact. File check/write exits 1/0 for changes, 0/0 for clean/refused; stdin 0 accepted, 1 refused.	separator =: check=1, write=0, second=0, check-after=0, stdin=0; actual.json#109.conf; 	ok	shared
110.conf	https://github.com/kastoestoramadus/hocon-fmt	GPL-3.0-only (new HOCON analogue)	Accepted: same values and comment multiplicity, no include loss, fixed point; otherwise refusal leaves bytes intact. File check/write exits 1/0 for changes, 0/0 for clean/refused; stdin 0 accepted, 1 refused.	separator :: check=1, write=0, second=0, check-after=0, stdin=0; actual.json#110.conf; 	ok	shared
110.conf	https://github.com/kastoestoramadus/hocon-fmt	GPL-3.0-only (new HOCON analogue)	Accepted: same values and comment multiplicity, no include loss, fixed point; otherwise refusal leaves bytes intact. File check/write exits 1/0 for changes, 0/0 for clean/refused; stdin 0 accepted, 1 refused.	separator =: check=1, write=0, second=0, check-after=0, stdin=0; actual.json#110.conf; 	ok	shared
111.conf	https://github.com/kastoestoramadus/hocon-fmt	GPL-3.0-only (new HOCON analogue)	Accepted: same values and comment multiplicity, no include loss, fixed point; otherwise refusal leaves bytes intact. File check/write exits 1/0 for changes, 0/0 for clean/refused; stdin 0 accepted, 1 refused.	separator :: check=1, write=0, second=0, check-after=0, stdin=0; actual.json#111.conf; 	ok	shared
111.conf	https://github.com/kastoestoramadus/hocon-fmt	GPL-3.0-only (new HOCON analogue)	Accepted: same values and comment multiplicity, no include loss, fixed point; otherwise refusal leaves bytes intact. File check/write exits 1/0 for changes, 0/0 for clean/refused; stdin 0 accepted, 1 refused.	separator =: check=1, write=0, second=0, check-after=0, stdin=0; actual.json#111.conf; 	ok	shared
112.conf	https://github.com/kastoestoramadus/hocon-fmt	GPL-3.0-only (new HOCON analogue)	Accepted: same values and comment multiplicity, no include loss, fixed point; otherwise refusal leaves bytes intact. File check/write exits 1/0 for changes, 0/0 for clean/refused; stdin 0 accepted, 1 refused.	separator :: check=1, write=0, second=0, check-after=0, stdin=0; actual.json#112.conf; 	ok	shared
112.conf	https://github.com/kastoestoramadus/hocon-fmt	GPL-3.0-only (new HOCON analogue)	Accepted: same values and comment multiplicity, no include loss, fixed point; otherwise refusal leaves bytes intact. File check/write exits 1/0 for changes, 0/0 for clean/refused; stdin 0 accepted, 1 refused.	separator =: check=1, write=0, second=0, check-after=0, stdin=0; actual.json#112.conf; 	ok	shared
115.conf	https://github.com/kastoestoramadus/hocon-fmt	GPL-3.0-only (new HOCON analogue)	Accepted: same values and comment multiplicity, no include loss, fixed point; otherwise refusal leaves bytes intact. File check/write exits 1/0 for changes, 0/0 for clean/refused; stdin 0 accepted, 1 refused.	separator :: check=1, write=0, second=0, check-after=0, stdin=0; actual.json#115.conf; 	ok	shared
115.conf	https://github.com/kastoestoramadus/hocon-fmt	GPL-3.0-only (new HOCON analogue)	Accepted: same values and comment multiplicity, no include loss, fixed point; otherwise refusal leaves bytes intact. File check/write exits 1/0 for changes, 0/0 for clean/refused; stdin 0 accepted, 1 refused.	separator =: check=1, write=0, second=0, check-after=0, stdin=0; actual.json#115.conf; 	ok	shared
116.conf	https://github.com/kastoestoramadus/hocon-fmt	GPL-3.0-only (new HOCON analogue)	Accepted: same values and comment multiplicity, no include loss, fixed point; otherwise refusal leaves bytes intact. File check/write exits 1/0 for changes, 0/0 for clean/refused; stdin 0 accepted, 1 refused.	separator :: check=1, write=0, second=0, check-after=0, stdin=0; actual.json#116.conf; 	ok	shared
116.conf	https://github.com/kastoestoramadus/hocon-fmt	GPL-3.0-only (new HOCON analogue)	Accepted: same values and comment multiplicity, no include loss, fixed point; otherwise refusal leaves bytes intact. File check/write exits 1/0 for changes, 0/0 for clean/refused; stdin 0 accepted, 1 refused.	separator =: check=1, write=0, second=0, check-after=0, stdin=0; actual.json#116.conf; 	ok	shared
117.conf	https://github.com/kastoestoramadus/hocon-fmt	GPL-3.0-only (new HOCON analogue)	Accepted: same values and comment multiplicity, no include loss, fixed point; otherwise refusal leaves bytes intact. File check/write exits 1/0 for changes, 0/0 for clean/refused; stdin 0 accepted, 1 refused.	separator :: check=1, write=0, second=0, check-after=0, stdin=0; actual.json#117.conf; 	ok	shared
117.conf	https://github.com/kastoestoramadus/hocon-fmt	GPL-3.0-only (new HOCON analogue)	Accepted: same values and comment multiplicity, no include loss, fixed point; otherwise refusal leaves bytes intact. File check/write exits 1/0 for changes, 0/0 for clean/refused; stdin 0 accepted, 1 refused.	separator =: check=1, write=0, second=0, check-after=0, stdin=0; actual.json#117.conf; 	ok	shared
118.conf	https://github.com/kastoestoramadus/hocon-fmt	GPL-3.0-only (new HOCON analogue)	Accepted: same values and comment multiplicity, no include loss, fixed point; otherwise refusal leaves bytes intact. File check/write exits 1/0 for changes, 0/0 for clean/refused; stdin 0 accepted, 1 refused.	separator :: check=1, write=0, second=0, check-after=0, stdin=0; actual.json#118.conf; 	ok	shared
118.conf	https://github.com/kastoestoramadus/hocon-fmt	GPL-3.0-only (new HOCON analogue)	Accepted: same values and comment multiplicity, no include loss, fixed point; otherwise refusal leaves bytes intact. File check/write exits 1/0 for changes, 0/0 for clean/refused; stdin 0 accepted, 1 refused.	separator =: check=1, write=0, second=0, check-after=0, stdin=0; actual.json#118.conf; 	ok	shared
119.conf	https://github.com/kastoestoramadus/hocon-fmt	GPL-3.0-only (new HOCON analogue)	Accepted: same values and comment multiplicity, no include loss, fixed point; otherwise refusal leaves bytes intact. File check/write exits 1/0 for changes, 0/0 for clean/refused; stdin 0 accepted, 1 refused.	separator :: check=1, write=0, second=0, check-after=0, stdin=0; actual.json#119.conf; 	ok	shared
119.conf	https://github.com/kastoestoramadus/hocon-fmt	GPL-3.0-only (new HOCON analogue)	Accepted: same values and comment multiplicity, no include loss, fixed point; otherwise refusal leaves bytes intact. File check/write exits 1/0 for changes, 0/0 for clean/refused; stdin 0 accepted, 1 refused.	separator =: check=1, write=0, second=0, check-after=0, stdin=0; actual.json#119.conf; 	ok	shared
120.conf	https://github.com/kastoestoramadus/hocon-fmt	GPL-3.0-only (new HOCON analogue)	Accepted: same values and comment multiplicity, no include loss, fixed point; otherwise refusal leaves bytes intact. File check/write exits 1/0 for changes, 0/0 for clean/refused; stdin 0 accepted, 1 refused.	separator :: check=1, write=0, second=0, check-after=0, stdin=0; actual.json#120.conf; 	ok	shared
120.conf	https://github.com/kastoestoramadus/hocon-fmt	GPL-3.0-only (new HOCON analogue)	Accepted: same values and comment multiplicity, no include loss, fixed point; otherwise refusal leaves bytes intact. File check/write exits 1/0 for changes, 0/0 for clean/refused; stdin 0 accepted, 1 refused.	separator =: check=1, write=0, second=0, check-after=0, stdin=0; actual.json#120.conf; 	ok	shared
121.conf	https://github.com/kastoestoramadus/hocon-fmt	GPL-3.0-only (new HOCON analogue)	Accepted: same values and comment multiplicity, no include loss, fixed point; otherwise refusal leaves bytes intact. File check/write exits 1/0 for changes, 0/0 for clean/refused; stdin 0 accepted, 1 refused.	separator :: check=0, write=0, second=0, check-after=0, stdin=1; actual.json#121.conf; 	refused as designed	sconfig
121.conf	https://github.com/kastoestoramadus/hocon-fmt	GPL-3.0-only (new HOCON analogue)	Accepted: same values and comment multiplicity, no include loss, fixed point; otherwise refusal leaves bytes intact. File check/write exits 1/0 for changes, 0/0 for clean/refused; stdin 0 accepted, 1 refused.	separator =: check=0, write=0, second=0, check-after=0, stdin=1; actual.json#121.conf; 	refused as designed	sconfig
123.conf	https://github.com/kastoestoramadus/hocon-fmt	GPL-3.0-only (new HOCON analogue)	Accepted: same values and comment multiplicity, no include loss, fixed point; otherwise refusal leaves bytes intact. File check/write exits 1/0 for changes, 0/0 for clean/refused; stdin 0 accepted, 1 refused.	separator :: check=1, write=0, second=0, check-after=0, stdin=0; actual.json#123.conf; 	ok	shared
123.conf	https://github.com/kastoestoramadus/hocon-fmt	GPL-3.0-only (new HOCON analogue)	Accepted: same values and comment multiplicity, no include loss, fixed point; otherwise refusal leaves bytes intact. File check/write exits 1/0 for changes, 0/0 for clean/refused; stdin 0 accepted, 1 refused.	separator =: check=1, write=0, second=0, check-after=0, stdin=0; actual.json#123.conf; 	ok	shared
124.conf	https://github.com/kastoestoramadus/hocon-fmt	GPL-3.0-only (new HOCON analogue)	Accepted: same values and comment multiplicity, no include loss, fixed point; otherwise refusal leaves bytes intact. File check/write exits 1/0 for changes, 0/0 for clean/refused; stdin 0 accepted, 1 refused.	separator :: check=1, write=0, second=0, check-after=0, stdin=0; actual.json#124.conf; 	ok	shared
124.conf	https://github.com/kastoestoramadus/hocon-fmt	GPL-3.0-only (new HOCON analogue)	Accepted: same values and comment multiplicity, no include loss, fixed point; otherwise refusal leaves bytes intact. File check/write exits 1/0 for changes, 0/0 for clean/refused; stdin 0 accepted, 1 refused.	separator =: check=1, write=0, second=0, check-after=0, stdin=0; actual.json#124.conf; 	ok	shared
126.conf	https://github.com/kastoestoramadus/hocon-fmt	GPL-3.0-only (new HOCON analogue)	Accepted: same values and comment multiplicity, no include loss, fixed point; otherwise refusal leaves bytes intact. File check/write exits 1/0 for changes, 0/0 for clean/refused; stdin 0 accepted, 1 refused.	separator :: check=1, write=0, second=0, check-after=0, stdin=0; actual.json#126.conf; 	ok	shared
126.conf	https://github.com/kastoestoramadus/hocon-fmt	GPL-3.0-only (new HOCON analogue)	Accepted: same values and comment multiplicity, no include loss, fixed point; otherwise refusal leaves bytes intact. File check/write exits 1/0 for changes, 0/0 for clean/refused; stdin 0 accepted, 1 refused.	separator =: check=1, write=0, second=0, check-after=0, stdin=0; actual.json#126.conf; 	ok	shared
127.conf	https://github.com/kastoestoramadus/hocon-fmt	GPL-3.0-only (new HOCON analogue)	Accepted: same values and comment multiplicity, no include loss, fixed point; otherwise refusal leaves bytes intact. File check/write exits 1/0 for changes, 0/0 for clean/refused; stdin 0 accepted, 1 refused.	separator :: check=1, write=0, second=0, check-after=0, stdin=0; actual.json#127.conf; 	ok	shared
127.conf	https://github.com/kastoestoramadus/hocon-fmt	GPL-3.0-only (new HOCON analogue)	Accepted: same values and comment multiplicity, no include loss, fixed point; otherwise refusal leaves bytes intact. File check/write exits 1/0 for changes, 0/0 for clean/refused; stdin 0 accepted, 1 refused.	separator =: check=1, write=0, second=0, check-after=0, stdin=0; actual.json#127.conf; 	ok	shared
128.conf	https://github.com/kastoestoramadus/hocon-fmt	GPL-3.0-only (new HOCON analogue)	Accepted: same values and comment multiplicity, no include loss, fixed point; otherwise refusal leaves bytes intact. File check/write exits 1/0 for changes, 0/0 for clean/refused; stdin 0 accepted, 1 refused.	separator :: check=1, write=0, second=0, check-after=0, stdin=0; actual.json#128.conf; 	ok	shared
128.conf	https://github.com/kastoestoramadus/hocon-fmt	GPL-3.0-only (new HOCON analogue)	Accepted: same values and comment multiplicity, no include loss, fixed point; otherwise refusal leaves bytes intact. File check/write exits 1/0 for changes, 0/0 for clean/refused; stdin 0 accepted, 1 refused.	separator =: check=1, write=0, second=0, check-after=0, stdin=0; actual.json#128.conf; 	ok	shared
129.conf	https://github.com/kastoestoramadus/hocon-fmt	GPL-3.0-only (new HOCON analogue)	Accepted: same values and comment multiplicity, no include loss, fixed point; otherwise refusal leaves bytes intact. File check/write exits 1/0 for changes, 0/0 for clean/refused; stdin 0 accepted, 1 refused.	separator :: check=1, write=0, second=0, check-after=0, stdin=0; actual.json#129.conf; 	ok	shared
129.conf	https://github.com/kastoestoramadus/hocon-fmt	GPL-3.0-only (new HOCON analogue)	Accepted: same values and comment multiplicity, no include loss, fixed point; otherwise refusal leaves bytes intact. File check/write exits 1/0 for changes, 0/0 for clean/refused; stdin 0 accepted, 1 refused.	separator =: check=1, write=0, second=0, check-after=0, stdin=0; actual.json#129.conf; 	ok	shared
130.conf	https://github.com/kastoestoramadus/hocon-fmt	GPL-3.0-only (new HOCON analogue)	Accepted: same values and comment multiplicity, no include loss, fixed point; otherwise refusal leaves bytes intact. File check/write exits 1/0 for changes, 0/0 for clean/refused; stdin 0 accepted, 1 refused.	separator :: check=1, write=0, second=0, check-after=0, stdin=0; actual.json#130.conf; 	ok	shared
130.conf	https://github.com/kastoestoramadus/hocon-fmt	GPL-3.0-only (new HOCON analogue)	Accepted: same values and comment multiplicity, no include loss, fixed point; otherwise refusal leaves bytes intact. File check/write exits 1/0 for changes, 0/0 for clean/refused; stdin 0 accepted, 1 refused.	separator =: check=1, write=0, second=0, check-after=0, stdin=0; actual.json#130.conf; 	ok	shared
133.conf	https://github.com/kastoestoramadus/hocon-fmt	GPL-3.0-only (new HOCON analogue)	Accepted: same values and comment multiplicity, no include loss, fixed point; otherwise refusal leaves bytes intact. File check/write exits 1/0 for changes, 0/0 for clean/refused; stdin 0 accepted, 1 refused.	separator :: check=0, write=0, second=0, check-after=0, stdin=1; actual.json#133.conf; 	refused as designed	sconfig
133.conf	https://github.com/kastoestoramadus/hocon-fmt	GPL-3.0-only (new HOCON analogue)	Accepted: same values and comment multiplicity, no include loss, fixed point; otherwise refusal leaves bytes intact. File check/write exits 1/0 for changes, 0/0 for clean/refused; stdin 0 accepted, 1 refused.	separator =: check=0, write=0, second=0, check-after=0, stdin=1; actual.json#133.conf; 	refused as designed	sconfig
136.conf	https://github.com/kastoestoramadus/hocon-fmt	GPL-3.0-only (new HOCON analogue)	Accepted: same values and comment multiplicity, no include loss, fixed point; otherwise refusal leaves bytes intact. File check/write exits 1/0 for changes, 0/0 for clean/refused; stdin 0 accepted, 1 refused.	separator :: check=1, write=0, second=0, check-after=0, stdin=0; actual.json#136.conf; 	ok	shared
136.conf	https://github.com/kastoestoramadus/hocon-fmt	GPL-3.0-only (new HOCON analogue)	Accepted: same values and comment multiplicity, no include loss, fixed point; otherwise refusal leaves bytes intact. File check/write exits 1/0 for changes, 0/0 for clean/refused; stdin 0 accepted, 1 refused.	separator =: check=1, write=0, second=0, check-after=0, stdin=0; actual.json#136.conf; 	ok	shared
137.conf	https://github.com/kastoestoramadus/hocon-fmt	GPL-3.0-only (new HOCON analogue)	Accepted: same values and comment multiplicity, no include loss, fixed point; otherwise refusal leaves bytes intact. File check/write exits 1/0 for changes, 0/0 for clean/refused; stdin 0 accepted, 1 refused.	separator :: check=1, write=0, second=0, check-after=0, stdin=0; actual.json#137.conf; 	ok	shared
137.conf	https://github.com/kastoestoramadus/hocon-fmt	GPL-3.0-only (new HOCON analogue)	Accepted: same values and comment multiplicity, no include loss, fixed point; otherwise refusal leaves bytes intact. File check/write exits 1/0 for changes, 0/0 for clean/refused; stdin 0 accepted, 1 refused.	separator =: check=1, write=0, second=0, check-after=0, stdin=0; actual.json#137.conf; 	ok	shared
138.conf	https://github.com/kastoestoramadus/hocon-fmt	GPL-3.0-only (new HOCON analogue)	Accepted: same values and comment multiplicity, no include loss, fixed point; otherwise refusal leaves bytes intact. File check/write exits 1/0 for changes, 0/0 for clean/refused; stdin 0 accepted, 1 refused.	separator :: check=1, write=0, second=0, check-after=0, stdin=0; actual.json#138.conf; 	ok	shared
138.conf	https://github.com/kastoestoramadus/hocon-fmt	GPL-3.0-only (new HOCON analogue)	Accepted: same values and comment multiplicity, no include loss, fixed point; otherwise refusal leaves bytes intact. File check/write exits 1/0 for changes, 0/0 for clean/refused; stdin 0 accepted, 1 refused.	separator =: check=1, write=0, second=0, check-after=0, stdin=0; actual.json#138.conf; 	ok	shared
139.conf	https://github.com/kastoestoramadus/hocon-fmt	GPL-3.0-only (new HOCON analogue)	Accepted: same values and comment multiplicity, no include loss, fixed point; otherwise refusal leaves bytes intact. File check/write exits 1/0 for changes, 0/0 for clean/refused; stdin 0 accepted, 1 refused.	separator :: check=1, write=0, second=0, check-after=0, stdin=0; actual.json#139.conf; 	ok	shared
139.conf	https://github.com/kastoestoramadus/hocon-fmt	GPL-3.0-only (new HOCON analogue)	Accepted: same values and comment multiplicity, no include loss, fixed point; otherwise refusal leaves bytes intact. File check/write exits 1/0 for changes, 0/0 for clean/refused; stdin 0 accepted, 1 refused.	separator =: check=1, write=0, second=0, check-after=0, stdin=0; actual.json#139.conf; 	ok	shared
143.conf	https://github.com/kastoestoramadus/hocon-fmt	GPL-3.0-only (new HOCON analogue)	Accepted: same values and comment multiplicity, no include loss, fixed point; otherwise refusal leaves bytes intact. File check/write exits 1/0 for changes, 0/0 for clean/refused; stdin 0 accepted, 1 refused.	separator :: check=1, write=0, second=0, check-after=0, stdin=0; actual.json#143.conf; 	ok	shared
143.conf	https://github.com/kastoestoramadus/hocon-fmt	GPL-3.0-only (new HOCON analogue)	Accepted: same values and comment multiplicity, no include loss, fixed point; otherwise refusal leaves bytes intact. File check/write exits 1/0 for changes, 0/0 for clean/refused; stdin 0 accepted, 1 refused.	separator =: check=1, write=0, second=0, check-after=0, stdin=0; actual.json#143.conf; 	ok	shared
144.conf	https://github.com/kastoestoramadus/hocon-fmt	GPL-3.0-only (new HOCON analogue)	Accepted: same values and comment multiplicity, no include loss, fixed point; otherwise refusal leaves bytes intact. File check/write exits 1/0 for changes, 0/0 for clean/refused; stdin 0 accepted, 1 refused.	separator :: check=0, write=0, second=0, check-after=0, stdin=1; actual.json#144.conf; 	refused as designed	sconfig
144.conf	https://github.com/kastoestoramadus/hocon-fmt	GPL-3.0-only (new HOCON analogue)	Accepted: same values and comment multiplicity, no include loss, fixed point; otherwise refusal leaves bytes intact. File check/write exits 1/0 for changes, 0/0 for clean/refused; stdin 0 accepted, 1 refused.	separator =: check=0, write=0, second=0, check-after=0, stdin=1; actual.json#144.conf; 	refused as designed	sconfig
147.conf	https://github.com/kastoestoramadus/hocon-fmt	GPL-3.0-only (new HOCON analogue)	Accepted: same values and comment multiplicity, no include loss, fixed point; otherwise refusal leaves bytes intact. File check/write exits 1/0 for changes, 0/0 for clean/refused; stdin 0 accepted, 1 refused.	separator :: check=0, write=0, second=0, check-after=0, stdin=1; actual.json#147.conf; 	refused as designed	shared
147.conf	https://github.com/kastoestoramadus/hocon-fmt	GPL-3.0-only (new HOCON analogue)	Accepted: same values and comment multiplicity, no include loss, fixed point; otherwise refusal leaves bytes intact. File check/write exits 1/0 for changes, 0/0 for clean/refused; stdin 0 accepted, 1 refused.	separator =: check=0, write=0, second=0, check-after=0, stdin=1; actual.json#147.conf; 	refused as designed	shared
148.conf	https://github.com/kastoestoramadus/hocon-fmt	GPL-3.0-only (new HOCON analogue)	Accepted: same values and comment multiplicity, no include loss, fixed point; otherwise refusal leaves bytes intact. File check/write exits 1/0 for changes, 0/0 for clean/refused; stdin 0 accepted, 1 refused.	separator :: check=1, write=0, second=0, check-after=0, stdin=0; actual.json#148.conf; 	ok	shared
148.conf	https://github.com/kastoestoramadus/hocon-fmt	GPL-3.0-only (new HOCON analogue)	Accepted: same values and comment multiplicity, no include loss, fixed point; otherwise refusal leaves bytes intact. File check/write exits 1/0 for changes, 0/0 for clean/refused; stdin 0 accepted, 1 refused.	separator =: check=1, write=0, second=0, check-after=0, stdin=0; actual.json#148.conf; 	ok	shared
149.conf	https://github.com/kastoestoramadus/hocon-fmt	GPL-3.0-only (new HOCON analogue)	Accepted: same values and comment multiplicity, no include loss, fixed point; otherwise refusal leaves bytes intact. File check/write exits 1/0 for changes, 0/0 for clean/refused; stdin 0 accepted, 1 refused.	separator :: check=1, write=0, second=0, check-after=0, stdin=0; actual.json#149.conf; 	ok	shared
149.conf	https://github.com/kastoestoramadus/hocon-fmt	GPL-3.0-only (new HOCON analogue)	Accepted: same values and comment multiplicity, no include loss, fixed point; otherwise refusal leaves bytes intact. File check/write exits 1/0 for changes, 0/0 for clean/refused; stdin 0 accepted, 1 refused.	separator =: check=0, write=0, second=0, check-after=0, stdin=0; actual.json#149.conf; 	ok	shared
151.conf	https://github.com/kastoestoramadus/hocon-fmt	GPL-3.0-only (new HOCON analogue)	Accepted: same values and comment multiplicity, no include loss, fixed point; otherwise refusal leaves bytes intact. File check/write exits 1/0 for changes, 0/0 for clean/refused; stdin 0 accepted, 1 refused.	separator :: check=1, write=0, second=0, check-after=0, stdin=0; actual.json#151.conf; 	ok	shared
151.conf	https://github.com/kastoestoramadus/hocon-fmt	GPL-3.0-only (new HOCON analogue)	Accepted: same values and comment multiplicity, no include loss, fixed point; otherwise refusal leaves bytes intact. File check/write exits 1/0 for changes, 0/0 for clean/refused; stdin 0 accepted, 1 refused.	separator =: check=1, write=0, second=0, check-after=0, stdin=0; actual.json#151.conf; 	ok	shared
152.conf	https://github.com/kastoestoramadus/hocon-fmt	GPL-3.0-only (new HOCON analogue)	Accepted: same values and comment multiplicity, no include loss, fixed point; otherwise refusal leaves bytes intact. File check/write exits 1/0 for changes, 0/0 for clean/refused; stdin 0 accepted, 1 refused.	separator :: check=1, write=0, second=0, check-after=0, stdin=0; actual.json#152.conf; 	ok	shared
152.conf	https://github.com/kastoestoramadus/hocon-fmt	GPL-3.0-only (new HOCON analogue)	Accepted: same values and comment multiplicity, no include loss, fixed point; otherwise refusal leaves bytes intact. File check/write exits 1/0 for changes, 0/0 for clean/refused; stdin 0 accepted, 1 refused.	separator =: check=1, write=0, second=0, check-after=0, stdin=0; actual.json#152.conf; 	ok	shared
153.conf	https://github.com/kastoestoramadus/hocon-fmt	GPL-3.0-only (new HOCON analogue)	Accepted: same values and comment multiplicity, no include loss, fixed point; otherwise refusal leaves bytes intact. File check/write exits 1/0 for changes, 0/0 for clean/refused; stdin 0 accepted, 1 refused.	separator :: check=1, write=0, second=0, check-after=0, stdin=0; actual.json#153.conf; 	ok	shared
153.conf	https://github.com/kastoestoramadus/hocon-fmt	GPL-3.0-only (new HOCON analogue)	Accepted: same values and comment multiplicity, no include loss, fixed point; otherwise refusal leaves bytes intact. File check/write exits 1/0 for changes, 0/0 for clean/refused; stdin 0 accepted, 1 refused.	separator =: check=1, write=0, second=0, check-after=0, stdin=0; actual.json#153.conf; 	ok	shared
154.conf	https://github.com/kastoestoramadus/hocon-fmt	GPL-3.0-only (new HOCON analogue)	Accepted: same values and comment multiplicity, no include loss, fixed point; otherwise refusal leaves bytes intact. File check/write exits 1/0 for changes, 0/0 for clean/refused; stdin 0 accepted, 1 refused.	separator :: check=1, write=0, second=0, check-after=0, stdin=0; actual.json#154.conf; 	ok	shared
154.conf	https://github.com/kastoestoramadus/hocon-fmt	GPL-3.0-only (new HOCON analogue)	Accepted: same values and comment multiplicity, no include loss, fixed point; otherwise refusal leaves bytes intact. File check/write exits 1/0 for changes, 0/0 for clean/refused; stdin 0 accepted, 1 refused.	separator =: check=1, write=0, second=0, check-after=0, stdin=0; actual.json#154.conf; 	ok	shared
155.conf	https://github.com/kastoestoramadus/hocon-fmt	GPL-3.0-only (new HOCON analogue)	Accepted: same values and comment multiplicity, no include loss, fixed point; otherwise refusal leaves bytes intact. File check/write exits 1/0 for changes, 0/0 for clean/refused; stdin 0 accepted, 1 refused.	separator :: check=1, write=0, second=0, check-after=0, stdin=0; actual.json#155.conf; 	ok	shared
155.conf	https://github.com/kastoestoramadus/hocon-fmt	GPL-3.0-only (new HOCON analogue)	Accepted: same values and comment multiplicity, no include loss, fixed point; otherwise refusal leaves bytes intact. File check/write exits 1/0 for changes, 0/0 for clean/refused; stdin 0 accepted, 1 refused.	separator =: check=1, write=0, second=0, check-after=0, stdin=0; actual.json#155.conf; 	ok	shared
158.conf	https://github.com/kastoestoramadus/hocon-fmt	GPL-3.0-only (new HOCON analogue)	Accepted: same values and comment multiplicity, no include loss, fixed point; otherwise refusal leaves bytes intact. File check/write exits 1/0 for changes, 0/0 for clean/refused; stdin 0 accepted, 1 refused.	separator :: check=1, write=0, second=0, check-after=0, stdin=0; actual.json#158.conf; 	ok	shared
158.conf	https://github.com/kastoestoramadus/hocon-fmt	GPL-3.0-only (new HOCON analogue)	Accepted: same values and comment multiplicity, no include loss, fixed point; otherwise refusal leaves bytes intact. File check/write exits 1/0 for changes, 0/0 for clean/refused; stdin 0 accepted, 1 refused.	separator =: check=1, write=0, second=0, check-after=0, stdin=0; actual.json#158.conf; 	ok	shared
159.conf	https://github.com/kastoestoramadus/hocon-fmt	GPL-3.0-only (new HOCON analogue)	Accepted: same values and comment multiplicity, no include loss, fixed point; otherwise refusal leaves bytes intact. File check/write exits 1/0 for changes, 0/0 for clean/refused; stdin 0 accepted, 1 refused.	separator :: check=1, write=0, second=0, check-after=0, stdin=0; actual.json#159.conf; 	ok	shared
159.conf	https://github.com/kastoestoramadus/hocon-fmt	GPL-3.0-only (new HOCON analogue)	Accepted: same values and comment multiplicity, no include loss, fixed point; otherwise refusal leaves bytes intact. File check/write exits 1/0 for changes, 0/0 for clean/refused; stdin 0 accepted, 1 refused.	separator =: check=1, write=0, second=0, check-after=0, stdin=0; actual.json#159.conf; 	ok	shared
161.conf	https://github.com/kastoestoramadus/hocon-fmt	GPL-3.0-only (new HOCON analogue)	Accepted: same values and comment multiplicity, no include loss, fixed point; otherwise refusal leaves bytes intact. File check/write exits 1/0 for changes, 0/0 for clean/refused; stdin 0 accepted, 1 refused.	separator :: check=1, write=0, second=0, check-after=0, stdin=0; actual.json#161.conf; 	ok	shared
161.conf	https://github.com/kastoestoramadus/hocon-fmt	GPL-3.0-only (new HOCON analogue)	Accepted: same values and comment multiplicity, no include loss, fixed point; otherwise refusal leaves bytes intact. File check/write exits 1/0 for changes, 0/0 for clean/refused; stdin 0 accepted, 1 refused.	separator =: check=1, write=0, second=0, check-after=0, stdin=0; actual.json#161.conf; 	ok	shared
162.conf	https://github.com/kastoestoramadus/hocon-fmt	GPL-3.0-only (new HOCON analogue)	Accepted: same values and comment multiplicity, no include loss, fixed point; otherwise refusal leaves bytes intact. File check/write exits 1/0 for changes, 0/0 for clean/refused; stdin 0 accepted, 1 refused.	separator :: check=0, write=0, second=0, check-after=0, stdin=1; actual.json#162.conf; 	refused as designed	sconfig
162.conf	https://github.com/kastoestoramadus/hocon-fmt	GPL-3.0-only (new HOCON analogue)	Accepted: same values and comment multiplicity, no include loss, fixed point; otherwise refusal leaves bytes intact. File check/write exits 1/0 for changes, 0/0 for clean/refused; stdin 0 accepted, 1 refused.	separator =: check=0, write=0, second=0, check-after=0, stdin=1; actual.json#162.conf; 	refused as designed	sconfig
164.conf	https://github.com/kastoestoramadus/hocon-fmt	GPL-3.0-only (new HOCON analogue)	Accepted: same values and comment multiplicity, no include loss, fixed point; otherwise refusal leaves bytes intact. File check/write exits 1/0 for changes, 0/0 for clean/refused; stdin 0 accepted, 1 refused.	separator :: check=0, write=0, second=0, check-after=0, stdin=1; actual.json#164.conf; 	refused as designed	sconfig
164.conf	https://github.com/kastoestoramadus/hocon-fmt	GPL-3.0-only (new HOCON analogue)	Accepted: same values and comment multiplicity, no include loss, fixed point; otherwise refusal leaves bytes intact. File check/write exits 1/0 for changes, 0/0 for clean/refused; stdin 0 accepted, 1 refused.	separator =: check=0, write=0, second=0, check-after=0, stdin=1; actual.json#164.conf; 	refused as designed	sconfig
165.conf	https://github.com/kastoestoramadus/hocon-fmt	GPL-3.0-only (new HOCON analogue)	Accepted: same values and comment multiplicity, no include loss, fixed point; otherwise refusal leaves bytes intact. File check/write exits 1/0 for changes, 0/0 for clean/refused; stdin 0 accepted, 1 refused.	separator :: check=1, write=0, second=0, check-after=0, stdin=0; actual.json#165.conf; 	ok	shared
165.conf	https://github.com/kastoestoramadus/hocon-fmt	GPL-3.0-only (new HOCON analogue)	Accepted: same values and comment multiplicity, no include loss, fixed point; otherwise refusal leaves bytes intact. File check/write exits 1/0 for changes, 0/0 for clean/refused; stdin 0 accepted, 1 refused.	separator =: check=1, write=0, second=0, check-after=0, stdin=0; actual.json#165.conf; 	ok	shared
166.conf	https://github.com/kastoestoramadus/hocon-fmt	GPL-3.0-only (new HOCON analogue)	Accepted: same values and comment multiplicity, no include loss, fixed point; otherwise refusal leaves bytes intact. File check/write exits 1/0 for changes, 0/0 for clean/refused; stdin 0 accepted, 1 refused.	separator :: check=0, write=0, second=0, check-after=0, stdin=1; actual.json#166.conf; 	refused as designed	sconfig
166.conf	https://github.com/kastoestoramadus/hocon-fmt	GPL-3.0-only (new HOCON analogue)	Accepted: same values and comment multiplicity, no include loss, fixed point; otherwise refusal leaves bytes intact. File check/write exits 1/0 for changes, 0/0 for clean/refused; stdin 0 accepted, 1 refused.	separator =: check=0, write=0, second=0, check-after=0, stdin=1; actual.json#166.conf; 	refused as designed	sconfig
167.conf	https://github.com/kastoestoramadus/hocon-fmt	GPL-3.0-only (new HOCON analogue)	Accepted: same values and comment multiplicity, no include loss, fixed point; otherwise refusal leaves bytes intact. File check/write exits 1/0 for changes, 0/0 for clean/refused; stdin 0 accepted, 1 refused.	separator :: check=0, write=0, second=0, check-after=0, stdin=1; actual.json#167.conf; 	refused as designed	sconfig
167.conf	https://github.com/kastoestoramadus/hocon-fmt	GPL-3.0-only (new HOCON analogue)	Accepted: same values and comment multiplicity, no include loss, fixed point; otherwise refusal leaves bytes intact. File check/write exits 1/0 for changes, 0/0 for clean/refused; stdin 0 accepted, 1 refused.	separator =: check=0, write=0, second=0, check-after=0, stdin=1; actual.json#167.conf; 	refused as designed	sconfig
168.conf	https://github.com/kastoestoramadus/hocon-fmt	GPL-3.0-only (new HOCON analogue)	Accepted: same values and comment multiplicity, no include loss, fixed point; otherwise refusal leaves bytes intact. File check/write exits 1/0 for changes, 0/0 for clean/refused; stdin 0 accepted, 1 refused.	separator :: check=1, write=0, second=0, check-after=0, stdin=0; actual.json#168.conf; 	ok	shared
168.conf	https://github.com/kastoestoramadus/hocon-fmt	GPL-3.0-only (new HOCON analogue)	Accepted: same values and comment multiplicity, no include loss, fixed point; otherwise refusal leaves bytes intact. File check/write exits 1/0 for changes, 0/0 for clean/refused; stdin 0 accepted, 1 refused.	separator =: check=1, write=0, second=0, check-after=0, stdin=0; actual.json#168.conf; 	ok	shared
169.conf	https://github.com/kastoestoramadus/hocon-fmt	GPL-3.0-only (new HOCON analogue)	Accepted: same values and comment multiplicity, no include loss, fixed point; otherwise refusal leaves bytes intact. File check/write exits 1/0 for changes, 0/0 for clean/refused; stdin 0 accepted, 1 refused.	separator :: check=1, write=0, second=0, check-after=0, stdin=0; actual.json#169.conf; 	ok	shared
169.conf	https://github.com/kastoestoramadus/hocon-fmt	GPL-3.0-only (new HOCON analogue)	Accepted: same values and comment multiplicity, no include loss, fixed point; otherwise refusal leaves bytes intact. File check/write exits 1/0 for changes, 0/0 for clean/refused; stdin 0 accepted, 1 refused.	separator =: check=1, write=0, second=0, check-after=0, stdin=0; actual.json#169.conf; 	ok	shared
170.conf	https://github.com/kastoestoramadus/hocon-fmt	GPL-3.0-only (new HOCON analogue)	Accepted: same values and comment multiplicity, no include loss, fixed point; otherwise refusal leaves bytes intact. File check/write exits 1/0 for changes, 0/0 for clean/refused; stdin 0 accepted, 1 refused.	separator :: check=0, write=0, second=0, check-after=0, stdin=1; actual.json#170.conf; 	refused as designed	shared
170.conf	https://github.com/kastoestoramadus/hocon-fmt	GPL-3.0-only (new HOCON analogue)	Accepted: same values and comment multiplicity, no include loss, fixed point; otherwise refusal leaves bytes intact. File check/write exits 1/0 for changes, 0/0 for clean/refused; stdin 0 accepted, 1 refused.	separator =: check=0, write=0, second=0, check-after=0, stdin=1; actual.json#170.conf; 	refused as designed	shared
172.conf	https://github.com/kastoestoramadus/hocon-fmt	GPL-3.0-only (new HOCON analogue)	Accepted: same values and comment multiplicity, no include loss, fixed point; otherwise refusal leaves bytes intact. File check/write exits 1/0 for changes, 0/0 for clean/refused; stdin 0 accepted, 1 refused.	separator :: check=1, write=0, second=0, check-after=0, stdin=0; actual.json#172.conf; 	ok	shared
172.conf	https://github.com/kastoestoramadus/hocon-fmt	GPL-3.0-only (new HOCON analogue)	Accepted: same values and comment multiplicity, no include loss, fixed point; otherwise refusal leaves bytes intact. File check/write exits 1/0 for changes, 0/0 for clean/refused; stdin 0 accepted, 1 refused.	separator =: check=1, write=0, second=0, check-after=0, stdin=0; actual.json#172.conf; 	ok	shared
196.conf	https://github.com/golang/go	BSD-3-Clause	Accepted: same values and comment multiplicity, no include loss, fixed point; otherwise refusal leaves bytes intact. File check/write exits 1/0 for changes, 0/0 for clean/refused; stdin 0 accepted, 1 refused.	separator :: check=0, write=0, second=0, check-after=0, stdin=1; actual.json#196.conf; 	refused as designed	sconfig
196.conf	https://github.com/golang/go	BSD-3-Clause	Accepted: same values and comment multiplicity, no include loss, fixed point; otherwise refusal leaves bytes intact. File check/write exits 1/0 for changes, 0/0 for clean/refused; stdin 0 accepted, 1 refused.	separator =: check=0, write=0, second=0, check-after=0, stdin=1; actual.json#196.conf; 	refused as designed	sconfig
197.conf	https://github.com/golang/go	BSD-3-Clause	Accepted: same values and comment multiplicity, no include loss, fixed point; otherwise refusal leaves bytes intact. File check/write exits 1/0 for changes, 0/0 for clean/refused; stdin 0 accepted, 1 refused.	separator :: check=0, write=0, second=0, check-after=0, stdin=1; actual.json#197.conf; 	refused as designed	sconfig
197.conf	https://github.com/golang/go	BSD-3-Clause	Accepted: same values and comment multiplicity, no include loss, fixed point; otherwise refusal leaves bytes intact. File check/write exits 1/0 for changes, 0/0 for clean/refused; stdin 0 accepted, 1 refused.	separator =: check=0, write=0, second=0, check-after=0, stdin=1; actual.json#197.conf; 	refused as designed	sconfig
198.conf	https://github.com/golang/go	BSD-3-Clause	Accepted: same values and comment multiplicity, no include loss, fixed point; otherwise refusal leaves bytes intact. File check/write exits 1/0 for changes, 0/0 for clean/refused; stdin 0 accepted, 1 refused.	separator :: check=1, write=0, second=0, check-after=0, stdin=0; actual.json#198.conf; 	ok	shared
198.conf	https://github.com/golang/go	BSD-3-Clause	Accepted: same values and comment multiplicity, no include loss, fixed point; otherwise refusal leaves bytes intact. File check/write exits 1/0 for changes, 0/0 for clean/refused; stdin 0 accepted, 1 refused.	separator =: check=1, write=0, second=0, check-after=0, stdin=0; actual.json#198.conf; 	ok	shared
199.conf	https://github.com/golang/go	BSD-3-Clause	Accepted: same values and comment multiplicity, no include loss, fixed point; otherwise refusal leaves bytes intact. File check/write exits 1/0 for changes, 0/0 for clean/refused; stdin 0 accepted, 1 refused.	separator :: check=1, write=0, second=0, check-after=0, stdin=0; actual.json#199.conf; 	ok	shared
199.conf	https://github.com/golang/go	BSD-3-Clause	Accepted: same values and comment multiplicity, no include loss, fixed point; otherwise refusal leaves bytes intact. File check/write exits 1/0 for changes, 0/0 for clean/refused; stdin 0 accepted, 1 refused.	separator =: check=1, write=0, second=0, check-after=0, stdin=0; actual.json#199.conf; 	ok	shared
200.conf	https://github.com/golang/go	BSD-3-Clause	Accepted: same values and comment multiplicity, no include loss, fixed point; otherwise refusal leaves bytes intact. File check/write exits 1/0 for changes, 0/0 for clean/refused; stdin 0 accepted, 1 refused.	separator :: check=1, write=0, second=0, check-after=0, stdin=0; actual.json#200.conf; 	ok	shared
200.conf	https://github.com/golang/go	BSD-3-Clause	Accepted: same values and comment multiplicity, no include loss, fixed point; otherwise refusal leaves bytes intact. File check/write exits 1/0 for changes, 0/0 for clean/refused; stdin 0 accepted, 1 refused.	separator =: check=1, write=0, second=0, check-after=0, stdin=0; actual.json#200.conf; 	ok	shared
201.conf	https://github.com/golang/go	BSD-3-Clause	Accepted: same values and comment multiplicity, no include loss, fixed point; otherwise refusal leaves bytes intact. File check/write exits 1/0 for changes, 0/0 for clean/refused; stdin 0 accepted, 1 refused.	separator :: check=1, write=0, second=0, check-after=0, stdin=0; actual.json#201.conf; 	ok	shared
201.conf	https://github.com/golang/go	BSD-3-Clause	Accepted: same values and comment multiplicity, no include loss, fixed point; otherwise refusal leaves bytes intact. File check/write exits 1/0 for changes, 0/0 for clean/refused; stdin 0 accepted, 1 refused.	separator =: check=1, write=0, second=0, check-after=0, stdin=0; actual.json#201.conf; 	ok	shared
202.conf	https://github.com/golang/go	BSD-3-Clause	Accepted: same values and comment multiplicity, no include loss, fixed point; otherwise refusal leaves bytes intact. File check/write exits 1/0 for changes, 0/0 for clean/refused; stdin 0 accepted, 1 refused.	separator :: check=1, write=0, second=0, check-after=0, stdin=0; actual.json#202.conf; 	ok	shared
202.conf	https://github.com/golang/go	BSD-3-Clause	Accepted: same values and comment multiplicity, no include loss, fixed point; otherwise refusal leaves bytes intact. File check/write exits 1/0 for changes, 0/0 for clean/refused; stdin 0 accepted, 1 refused.	separator =: check=1, write=0, second=0, check-after=0, stdin=0; actual.json#202.conf; 	ok	shared
203.conf	https://github.com/golang/go	BSD-3-Clause	Accepted: same values and comment multiplicity, no include loss, fixed point; otherwise refusal leaves bytes intact. File check/write exits 1/0 for changes, 0/0 for clean/refused; stdin 0 accepted, 1 refused.	separator :: check=1, write=0, second=0, check-after=0, stdin=0; actual.json#203.conf; 	ok	shared
203.conf	https://github.com/golang/go	BSD-3-Clause	Accepted: same values and comment multiplicity, no include loss, fixed point; otherwise refusal leaves bytes intact. File check/write exits 1/0 for changes, 0/0 for clean/refused; stdin 0 accepted, 1 refused.	separator =: check=1, write=0, second=0, check-after=0, stdin=0; actual.json#203.conf; 	ok	shared
204.conf	https://github.com/golang/go	BSD-3-Clause	Accepted: same values and comment multiplicity, no include loss, fixed point; otherwise refusal leaves bytes intact. File check/write exits 1/0 for changes, 0/0 for clean/refused; stdin 0 accepted, 1 refused.	separator :: check=1, write=0, second=0, check-after=0, stdin=0; actual.json#204.conf; 	ok	shared
204.conf	https://github.com/golang/go	BSD-3-Clause	Accepted: same values and comment multiplicity, no include loss, fixed point; otherwise refusal leaves bytes intact. File check/write exits 1/0 for changes, 0/0 for clean/refused; stdin 0 accepted, 1 refused.	separator =: check=1, write=0, second=0, check-after=0, stdin=0; actual.json#204.conf; 	ok	shared
206.conf	https://github.com/golang/go	BSD-3-Clause	Accepted: same values and comment multiplicity, no include loss, fixed point; otherwise refusal leaves bytes intact. File check/write exits 1/0 for changes, 0/0 for clean/refused; stdin 0 accepted, 1 refused.	separator :: check=1, write=0, second=0, check-after=0, stdin=0; actual.json#206.conf; 	ok	shared
206.conf	https://github.com/golang/go	BSD-3-Clause	Accepted: same values and comment multiplicity, no include loss, fixed point; otherwise refusal leaves bytes intact. File check/write exits 1/0 for changes, 0/0 for clean/refused; stdin 0 accepted, 1 refused.	separator =: check=1, write=0, second=0, check-after=0, stdin=0; actual.json#206.conf; 	ok	shared
207.conf	https://github.com/golang/go	BSD-3-Clause	Accepted: same values and comment multiplicity, no include loss, fixed point; otherwise refusal leaves bytes intact. File check/write exits 1/0 for changes, 0/0 for clean/refused; stdin 0 accepted, 1 refused.	separator :: check=1, write=0, second=0, check-after=0, stdin=0; actual.json#207.conf; 	ok	shared
207.conf	https://github.com/golang/go	BSD-3-Clause	Accepted: same values and comment multiplicity, no include loss, fixed point; otherwise refusal leaves bytes intact. File check/write exits 1/0 for changes, 0/0 for clean/refused; stdin 0 accepted, 1 refused.	separator =: check=1, write=0, second=0, check-after=0, stdin=0; actual.json#207.conf; 	ok	shared
210.conf	https://github.com/rust-lang/rustfmt	MIT OR Apache-2.0	Accepted: same values and comment multiplicity, no include loss, fixed point; otherwise refusal leaves bytes intact. File check/write exits 1/0 for changes, 0/0 for clean/refused; stdin 0 accepted, 1 refused.	separator :: check=0, write=0, second=0, check-after=0, stdin=1; actual.json#210.conf; 	refused as designed	shared
210.conf	https://github.com/rust-lang/rustfmt	MIT OR Apache-2.0	Accepted: same values and comment multiplicity, no include loss, fixed point; otherwise refusal leaves bytes intact. File check/write exits 1/0 for changes, 0/0 for clean/refused; stdin 0 accepted, 1 refused.	separator =: check=0, write=0, second=0, check-after=0, stdin=1; actual.json#210.conf; 	refused as designed	shared
211.conf	https://github.com/rust-lang/rustfmt	MIT OR Apache-2.0	Accepted: same values and comment multiplicity, no include loss, fixed point; otherwise refusal leaves bytes intact. File check/write exits 1/0 for changes, 0/0 for clean/refused; stdin 0 accepted, 1 refused.	separator :: check=1, write=0, second=0, check-after=0, stdin=0; actual.json#211.conf; 	ok	shared
211.conf	https://github.com/rust-lang/rustfmt	MIT OR Apache-2.0	Accepted: same values and comment multiplicity, no include loss, fixed point; otherwise refusal leaves bytes intact. File check/write exits 1/0 for changes, 0/0 for clean/refused; stdin 0 accepted, 1 refused.	separator =: check=1, write=0, second=0, check-after=0, stdin=0; actual.json#211.conf; 	ok	shared
212.conf	https://github.com/rust-lang/rustfmt	MIT OR Apache-2.0	Accepted: same values and comment multiplicity, no include loss, fixed point; otherwise refusal leaves bytes intact. File check/write exits 1/0 for changes, 0/0 for clean/refused; stdin 0 accepted, 1 refused.	separator :: check=0, write=0, second=0, check-after=0, stdin=1; actual.json#212.conf; 	refused as designed	shared
212.conf	https://github.com/rust-lang/rustfmt	MIT OR Apache-2.0	Accepted: same values and comment multiplicity, no include loss, fixed point; otherwise refusal leaves bytes intact. File check/write exits 1/0 for changes, 0/0 for clean/refused; stdin 0 accepted, 1 refused.	separator =: check=0, write=0, second=0, check-after=0, stdin=1; actual.json#212.conf; 	refused as designed	shared
213.conf	https://github.com/rust-lang/rustfmt	MIT OR Apache-2.0	Accepted: same values and comment multiplicity, no include loss, fixed point; otherwise refusal leaves bytes intact. File check/write exits 1/0 for changes, 0/0 for clean/refused; stdin 0 accepted, 1 refused.	separator :: check=1, write=0, second=0, check-after=0, stdin=0; actual.json#213.conf; 	ok	shared
213.conf	https://github.com/rust-lang/rustfmt	MIT OR Apache-2.0	Accepted: same values and comment multiplicity, no include loss, fixed point; otherwise refusal leaves bytes intact. File check/write exits 1/0 for changes, 0/0 for clean/refused; stdin 0 accepted, 1 refused.	separator =: check=1, write=0, second=0, check-after=0, stdin=0; actual.json#213.conf; 	ok	shared
214.conf	https://github.com/rust-lang/rustfmt	MIT OR Apache-2.0	Accepted: same values and comment multiplicity, no include loss, fixed point; otherwise refusal leaves bytes intact. File check/write exits 1/0 for changes, 0/0 for clean/refused; stdin 0 accepted, 1 refused.	separator :: check=0, write=0, second=0, check-after=0, stdin=1; actual.json#214.conf; 	refused as designed	shared
214.conf	https://github.com/rust-lang/rustfmt	MIT OR Apache-2.0	Accepted: same values and comment multiplicity, no include loss, fixed point; otherwise refusal leaves bytes intact. File check/write exits 1/0 for changes, 0/0 for clean/refused; stdin 0 accepted, 1 refused.	separator =: check=0, write=0, second=0, check-after=0, stdin=1; actual.json#214.conf; 	refused as designed	shared
215.conf	https://github.com/rust-lang/rustfmt	MIT OR Apache-2.0	Accepted: same values and comment multiplicity, no include loss, fixed point; otherwise refusal leaves bytes intact. File check/write exits 1/0 for changes, 0/0 for clean/refused; stdin 0 accepted, 1 refused.	separator :: check=1, write=0, second=0, check-after=0, stdin=0; actual.json#215.conf; 	ok	shared
215.conf	https://github.com/rust-lang/rustfmt	MIT OR Apache-2.0	Accepted: same values and comment multiplicity, no include loss, fixed point; otherwise refusal leaves bytes intact. File check/write exits 1/0 for changes, 0/0 for clean/refused; stdin 0 accepted, 1 refused.	separator =: check=1, write=0, second=0, check-after=0, stdin=0; actual.json#215.conf; 	ok	shared
216.conf	https://github.com/rust-lang/rustfmt	MIT OR Apache-2.0	Accepted: same values and comment multiplicity, no include loss, fixed point; otherwise refusal leaves bytes intact. File check/write exits 1/0 for changes, 0/0 for clean/refused; stdin 0 accepted, 1 refused.	separator :: check=0, write=0, second=0, check-after=0, stdin=1; actual.json#216.conf; 	refused as designed	shared
216.conf	https://github.com/rust-lang/rustfmt	MIT OR Apache-2.0	Accepted: same values and comment multiplicity, no include loss, fixed point; otherwise refusal leaves bytes intact. File check/write exits 1/0 for changes, 0/0 for clean/refused; stdin 0 accepted, 1 refused.	separator =: check=0, write=0, second=0, check-after=0, stdin=1; actual.json#216.conf; 	refused as designed	shared
217.conf	https://github.com/rust-lang/rustfmt	MIT OR Apache-2.0	Accepted: same values and comment multiplicity, no include loss, fixed point; otherwise refusal leaves bytes intact. File check/write exits 1/0 for changes, 0/0 for clean/refused; stdin 0 accepted, 1 refused.	separator :: check=1, write=0, second=0, check-after=0, stdin=0; actual.json#217.conf; 	ok	shared
217.conf	https://github.com/rust-lang/rustfmt	MIT OR Apache-2.0	Accepted: same values and comment multiplicity, no include loss, fixed point; otherwise refusal leaves bytes intact. File check/write exits 1/0 for changes, 0/0 for clean/refused; stdin 0 accepted, 1 refused.	separator =: check=1, write=0, second=0, check-after=0, stdin=0; actual.json#217.conf; 	ok	shared
218.conf	https://github.com/rust-lang/rustfmt	MIT OR Apache-2.0	Accepted: same values and comment multiplicity, no include loss, fixed point; otherwise refusal leaves bytes intact. File check/write exits 1/0 for changes, 0/0 for clean/refused; stdin 0 accepted, 1 refused.	separator :: check=1, write=0, second=0, check-after=0, stdin=0; actual.json#218.conf; 	ok	shared
218.conf	https://github.com/rust-lang/rustfmt	MIT OR Apache-2.0	Accepted: same values and comment multiplicity, no include loss, fixed point; otherwise refusal leaves bytes intact. File check/write exits 1/0 for changes, 0/0 for clean/refused; stdin 0 accepted, 1 refused.	separator =: check=1, write=0, second=0, check-after=0, stdin=0; actual.json#218.conf; 	ok	shared
219.conf	https://github.com/rust-lang/rustfmt	MIT OR Apache-2.0	Accepted: same values and comment multiplicity, no include loss, fixed point; otherwise refusal leaves bytes intact. File check/write exits 1/0 for changes, 0/0 for clean/refused; stdin 0 accepted, 1 refused.	separator :: check=1, write=0, second=0, check-after=0, stdin=0; actual.json#219.conf; 	ok	shared
219.conf	https://github.com/rust-lang/rustfmt	MIT OR Apache-2.0	Accepted: same values and comment multiplicity, no include loss, fixed point; otherwise refusal leaves bytes intact. File check/write exits 1/0 for changes, 0/0 for clean/refused; stdin 0 accepted, 1 refused.	separator =: check=1, write=0, second=0, check-after=0, stdin=0; actual.json#219.conf; 	ok	shared
220.conf	https://github.com/rust-lang/rustfmt	MIT OR Apache-2.0	Accepted: same values and comment multiplicity, no include loss, fixed point; otherwise refusal leaves bytes intact. File check/write exits 1/0 for changes, 0/0 for clean/refused; stdin 0 accepted, 1 refused.	separator :: check=0, write=0, second=0, check-after=0, stdin=1; actual.json#220.conf; 	refused as designed	shared
220.conf	https://github.com/rust-lang/rustfmt	MIT OR Apache-2.0	Accepted: same values and comment multiplicity, no include loss, fixed point; otherwise refusal leaves bytes intact. File check/write exits 1/0 for changes, 0/0 for clean/refused; stdin 0 accepted, 1 refused.	separator =: check=0, write=0, second=0, check-after=0, stdin=1; actual.json#220.conf; 	refused as designed	shared
221.conf	https://github.com/rust-lang/rustfmt	MIT OR Apache-2.0	Accepted: same values and comment multiplicity, no include loss, fixed point; otherwise refusal leaves bytes intact. File check/write exits 1/0 for changes, 0/0 for clean/refused; stdin 0 accepted, 1 refused.	separator :: check=0, write=0, second=0, check-after=0, stdin=1; actual.json#221.conf; 	refused as designed	shared
221.conf	https://github.com/rust-lang/rustfmt	MIT OR Apache-2.0	Accepted: same values and comment multiplicity, no include loss, fixed point; otherwise refusal leaves bytes intact. File check/write exits 1/0 for changes, 0/0 for clean/refused; stdin 0 accepted, 1 refused.	separator =: check=0, write=0, second=0, check-after=0, stdin=1; actual.json#221.conf; 	refused as designed	shared
222.conf	https://github.com/rust-lang/rustfmt	MIT OR Apache-2.0	Accepted: same values and comment multiplicity, no include loss, fixed point; otherwise refusal leaves bytes intact. File check/write exits 1/0 for changes, 0/0 for clean/refused; stdin 0 accepted, 1 refused.	separator :: check=0, write=0, second=0, check-after=0, stdin=1; actual.json#222.conf; 	refused as designed	shared
222.conf	https://github.com/rust-lang/rustfmt	MIT OR Apache-2.0	Accepted: same values and comment multiplicity, no include loss, fixed point; otherwise refusal leaves bytes intact. File check/write exits 1/0 for changes, 0/0 for clean/refused; stdin 0 accepted, 1 refused.	separator =: check=0, write=0, second=0, check-after=0, stdin=1; actual.json#222.conf; 	refused as designed	shared
223.conf	https://github.com/rust-lang/rustfmt	MIT OR Apache-2.0	Accepted: same values and comment multiplicity, no include loss, fixed point; otherwise refusal leaves bytes intact. File check/write exits 1/0 for changes, 0/0 for clean/refused; stdin 0 accepted, 1 refused.	separator :: check=0, write=0, second=0, check-after=0, stdin=1; actual.json#223.conf; 	refused as designed	shared
223.conf	https://github.com/rust-lang/rustfmt	MIT OR Apache-2.0	Accepted: same values and comment multiplicity, no include loss, fixed point; otherwise refusal leaves bytes intact. File check/write exits 1/0 for changes, 0/0 for clean/refused; stdin 0 accepted, 1 refused.	separator =: check=0, write=0, second=0, check-after=0, stdin=1; actual.json#223.conf; 	refused as designed	shared
224.conf	https://github.com/rust-lang/rustfmt	MIT OR Apache-2.0	Accepted: same values and comment multiplicity, no include loss, fixed point; otherwise refusal leaves bytes intact. File check/write exits 1/0 for changes, 0/0 for clean/refused; stdin 0 accepted, 1 refused.	separator :: check=1, write=0, second=0, check-after=0, stdin=0; actual.json#224.conf; 	ok	shared
224.conf	https://github.com/rust-lang/rustfmt	MIT OR Apache-2.0	Accepted: same values and comment multiplicity, no include loss, fixed point; otherwise refusal leaves bytes intact. File check/write exits 1/0 for changes, 0/0 for clean/refused; stdin 0 accepted, 1 refused.	separator =: check=1, write=0, second=0, check-after=0, stdin=0; actual.json#224.conf; 	ok	shared
225.conf	https://github.com/rust-lang/rustfmt	MIT OR Apache-2.0	Accepted: same values and comment multiplicity, no include loss, fixed point; otherwise refusal leaves bytes intact. File check/write exits 1/0 for changes, 0/0 for clean/refused; stdin 0 accepted, 1 refused.	separator :: check=0, write=0, second=0, check-after=0, stdin=1; actual.json#225.conf; 	refused as designed	shared
225.conf	https://github.com/rust-lang/rustfmt	MIT OR Apache-2.0	Accepted: same values and comment multiplicity, no include loss, fixed point; otherwise refusal leaves bytes intact. File check/write exits 1/0 for changes, 0/0 for clean/refused; stdin 0 accepted, 1 refused.	separator =: check=0, write=0, second=0, check-after=0, stdin=1; actual.json#225.conf; 	refused as designed	shared
226.conf	https://github.com/psf/black	MIT	Accepted: same values and comment multiplicity, no include loss, fixed point; otherwise refusal leaves bytes intact. File check/write exits 1/0 for changes, 0/0 for clean/refused; stdin 0 accepted, 1 refused.	separator :: check=1, write=0, second=0, check-after=0, stdin=0; actual.json#226.conf; 	ok	shared
226.conf	https://github.com/psf/black	MIT	Accepted: same values and comment multiplicity, no include loss, fixed point; otherwise refusal leaves bytes intact. File check/write exits 1/0 for changes, 0/0 for clean/refused; stdin 0 accepted, 1 refused.	separator =: check=1, write=0, second=0, check-after=0, stdin=0; actual.json#226.conf; 	ok	shared
227.conf	https://github.com/psf/black	MIT	Accepted: same values and comment multiplicity, no include loss, fixed point; otherwise refusal leaves bytes intact. File check/write exits 1/0 for changes, 0/0 for clean/refused; stdin 0 accepted, 1 refused.	separator :: check=1, write=0, second=0, check-after=0, stdin=0; actual.json#227.conf; 	ok	shared
227.conf	https://github.com/psf/black	MIT	Accepted: same values and comment multiplicity, no include loss, fixed point; otherwise refusal leaves bytes intact. File check/write exits 1/0 for changes, 0/0 for clean/refused; stdin 0 accepted, 1 refused.	separator =: check=1, write=0, second=0, check-after=0, stdin=0; actual.json#227.conf; 	ok	shared
228.conf	https://github.com/psf/black	MIT	Accepted: same values and comment multiplicity, no include loss, fixed point; otherwise refusal leaves bytes intact. File check/write exits 1/0 for changes, 0/0 for clean/refused; stdin 0 accepted, 1 refused.	separator :: check=1, write=0, second=0, check-after=0, stdin=0; actual.json#228.conf; 	ok	shared
228.conf	https://github.com/psf/black	MIT	Accepted: same values and comment multiplicity, no include loss, fixed point; otherwise refusal leaves bytes intact. File check/write exits 1/0 for changes, 0/0 for clean/refused; stdin 0 accepted, 1 refused.	separator =: check=1, write=0, second=0, check-after=0, stdin=0; actual.json#228.conf; 	ok	shared
229.conf	https://github.com/psf/black	MIT	Accepted: same values and comment multiplicity, no include loss, fixed point; otherwise refusal leaves bytes intact. File check/write exits 1/0 for changes, 0/0 for clean/refused; stdin 0 accepted, 1 refused.	separator :: check=0, write=0, second=0, check-after=0, stdin=1; actual.json#229.conf; 	refused as designed	sconfig
229.conf	https://github.com/psf/black	MIT	Accepted: same values and comment multiplicity, no include loss, fixed point; otherwise refusal leaves bytes intact. File check/write exits 1/0 for changes, 0/0 for clean/refused; stdin 0 accepted, 1 refused.	separator =: check=0, write=0, second=0, check-after=0, stdin=1; actual.json#229.conf; 	refused as designed	sconfig
230.conf	https://github.com/psf/black	MIT	Accepted: same values and comment multiplicity, no include loss, fixed point; otherwise refusal leaves bytes intact. File check/write exits 1/0 for changes, 0/0 for clean/refused; stdin 0 accepted, 1 refused.	separator :: check=1, write=0, second=0, check-after=0, stdin=0; actual.json#230.conf; 	ok	shared
230.conf	https://github.com/psf/black	MIT	Accepted: same values and comment multiplicity, no include loss, fixed point; otherwise refusal leaves bytes intact. File check/write exits 1/0 for changes, 0/0 for clean/refused; stdin 0 accepted, 1 refused.	separator =: check=1, write=0, second=0, check-after=0, stdin=0; actual.json#230.conf; 	ok	shared
231.conf	https://github.com/psf/black	MIT	Accepted: same values and comment multiplicity, no include loss, fixed point; otherwise refusal leaves bytes intact. File check/write exits 1/0 for changes, 0/0 for clean/refused; stdin 0 accepted, 1 refused.	separator :: check=1, write=0, second=0, check-after=0, stdin=0; actual.json#231.conf; 	ok	shared
231.conf	https://github.com/psf/black	MIT	Accepted: same values and comment multiplicity, no include loss, fixed point; otherwise refusal leaves bytes intact. File check/write exits 1/0 for changes, 0/0 for clean/refused; stdin 0 accepted, 1 refused.	separator =: check=1, write=0, second=0, check-after=0, stdin=0; actual.json#231.conf; 	ok	shared
232.conf	https://github.com/psf/black	MIT	Accepted: same values and comment multiplicity, no include loss, fixed point; otherwise refusal leaves bytes intact. File check/write exits 1/0 for changes, 0/0 for clean/refused; stdin 0 accepted, 1 refused.	separator :: check=1, write=0, second=0, check-after=0, stdin=0; actual.json#232.conf; 	ok	shared
232.conf	https://github.com/psf/black	MIT	Accepted: same values and comment multiplicity, no include loss, fixed point; otherwise refusal leaves bytes intact. File check/write exits 1/0 for changes, 0/0 for clean/refused; stdin 0 accepted, 1 refused.	separator =: check=1, write=0, second=0, check-after=0, stdin=0; actual.json#232.conf; 	ok	shared
233.conf	https://github.com/psf/black	MIT	Accepted: same values and comment multiplicity, no include loss, fixed point; otherwise refusal leaves bytes intact. File check/write exits 1/0 for changes, 0/0 for clean/refused; stdin 0 accepted, 1 refused.	separator :: check=0, write=0, second=0, check-after=0, stdin=1; actual.json#233.conf; 	refused as designed	shared
233.conf	https://github.com/psf/black	MIT	Accepted: same values and comment multiplicity, no include loss, fixed point; otherwise refusal leaves bytes intact. File check/write exits 1/0 for changes, 0/0 for clean/refused; stdin 0 accepted, 1 refused.	separator =: check=0, write=0, second=0, check-after=0, stdin=1; actual.json#233.conf; 	refused as designed	shared
234.conf	https://github.com/psf/black	MIT	Accepted: same values and comment multiplicity, no include loss, fixed point; otherwise refusal leaves bytes intact. File check/write exits 1/0 for changes, 0/0 for clean/refused; stdin 0 accepted, 1 refused.	separator :: check=0, write=0, second=0, check-after=0, stdin=1; actual.json#234.conf; 	refused as designed	sconfig
234.conf	https://github.com/psf/black	MIT	Accepted: same values and comment multiplicity, no include loss, fixed point; otherwise refusal leaves bytes intact. File check/write exits 1/0 for changes, 0/0 for clean/refused; stdin 0 accepted, 1 refused.	separator =: check=0, write=0, second=0, check-after=0, stdin=1; actual.json#234.conf; 	refused as designed	sconfig
235.conf	https://github.com/psf/black	MIT	Accepted: same values and comment multiplicity, no include loss, fixed point; otherwise refusal leaves bytes intact. File check/write exits 1/0 for changes, 0/0 for clean/refused; stdin 0 accepted, 1 refused.	separator :: check=1, write=0, second=0, check-after=0, stdin=0; actual.json#235.conf; 	ok	shared
235.conf	https://github.com/psf/black	MIT	Accepted: same values and comment multiplicity, no include loss, fixed point; otherwise refusal leaves bytes intact. File check/write exits 1/0 for changes, 0/0 for clean/refused; stdin 0 accepted, 1 refused.	separator =: check=1, write=0, second=0, check-after=0, stdin=0; actual.json#235.conf; 	ok	shared
236.conf	https://github.com/psf/black	MIT	Accepted: same values and comment multiplicity, no include loss, fixed point; otherwise refusal leaves bytes intact. File check/write exits 1/0 for changes, 0/0 for clean/refused; stdin 0 accepted, 1 refused.	separator :: check=0, write=0, second=0, check-after=0, stdin=1; actual.json#236.conf; 	refused as designed	shared
236.conf	https://github.com/psf/black	MIT	Accepted: same values and comment multiplicity, no include loss, fixed point; otherwise refusal leaves bytes intact. File check/write exits 1/0 for changes, 0/0 for clean/refused; stdin 0 accepted, 1 refused.	separator =: check=0, write=0, second=0, check-after=0, stdin=1; actual.json#236.conf; 	refused as designed	shared
237.conf	https://github.com/astral-sh/ruff	MIT	Accepted: same values and comment multiplicity, no include loss, fixed point; otherwise refusal leaves bytes intact. File check/write exits 1/0 for changes, 0/0 for clean/refused; stdin 0 accepted, 1 refused.	separator :: check=1, write=0, second=0, check-after=0, stdin=0; actual.json#237.conf; 	ok	shared
237.conf	https://github.com/astral-sh/ruff	MIT	Accepted: same values and comment multiplicity, no include loss, fixed point; otherwise refusal leaves bytes intact. File check/write exits 1/0 for changes, 0/0 for clean/refused; stdin 0 accepted, 1 refused.	separator =: check=1, write=0, second=0, check-after=0, stdin=0; actual.json#237.conf; 	ok	shared
238.conf	https://github.com/astral-sh/ruff	MIT	Accepted: same values and comment multiplicity, no include loss, fixed point; otherwise refusal leaves bytes intact. File check/write exits 1/0 for changes, 0/0 for clean/refused; stdin 0 accepted, 1 refused.	separator :: check=1, write=0, second=0, check-after=0, stdin=0; actual.json#238.conf; 	ok	shared
238.conf	https://github.com/astral-sh/ruff	MIT	Accepted: same values and comment multiplicity, no include loss, fixed point; otherwise refusal leaves bytes intact. File check/write exits 1/0 for changes, 0/0 for clean/refused; stdin 0 accepted, 1 refused.	separator =: check=1, write=0, second=0, check-after=0, stdin=0; actual.json#238.conf; 	ok	shared
239.conf	https://github.com/astral-sh/ruff	MIT	Accepted: same values and comment multiplicity, no include loss, fixed point; otherwise refusal leaves bytes intact. File check/write exits 1/0 for changes, 0/0 for clean/refused; stdin 0 accepted, 1 refused.	separator :: check=1, write=0, second=0, check-after=0, stdin=0; actual.json#239.conf; 	ok	shared
239.conf	https://github.com/astral-sh/ruff	MIT	Accepted: same values and comment multiplicity, no include loss, fixed point; otherwise refusal leaves bytes intact. File check/write exits 1/0 for changes, 0/0 for clean/refused; stdin 0 accepted, 1 refused.	separator =: check=1, write=0, second=0, check-after=0, stdin=0; actual.json#239.conf; 	ok	shared
240.conf	https://github.com/astral-sh/ruff	MIT	Accepted: same values and comment multiplicity, no include loss, fixed point; otherwise refusal leaves bytes intact. File check/write exits 1/0 for changes, 0/0 for clean/refused; stdin 0 accepted, 1 refused.	separator :: check=1, write=0, second=0, check-after=0, stdin=0; actual.json#240.conf; 	ok	shared
240.conf	https://github.com/astral-sh/ruff	MIT	Accepted: same values and comment multiplicity, no include loss, fixed point; otherwise refusal leaves bytes intact. File check/write exits 1/0 for changes, 0/0 for clean/refused; stdin 0 accepted, 1 refused.	separator =: check=1, write=0, second=0, check-after=0, stdin=0; actual.json#240.conf; 	ok	shared
241.conf	https://github.com/astral-sh/ruff	MIT	Accepted: same values and comment multiplicity, no include loss, fixed point; otherwise refusal leaves bytes intact. File check/write exits 1/0 for changes, 0/0 for clean/refused; stdin 0 accepted, 1 refused.	separator :: check=1, write=0, second=0, check-after=0, stdin=0; actual.json#241.conf; 	ok	shared
241.conf	https://github.com/astral-sh/ruff	MIT	Accepted: same values and comment multiplicity, no include loss, fixed point; otherwise refusal leaves bytes intact. File check/write exits 1/0 for changes, 0/0 for clean/refused; stdin 0 accepted, 1 refused.	separator =: check=1, write=0, second=0, check-after=0, stdin=0; actual.json#241.conf; 	ok	shared
242.conf	https://github.com/astral-sh/ruff	MIT	Accepted: same values and comment multiplicity, no include loss, fixed point; otherwise refusal leaves bytes intact. File check/write exits 1/0 for changes, 0/0 for clean/refused; stdin 0 accepted, 1 refused.	separator :: check=0, write=0, second=0, check-after=0, stdin=1; actual.json#242.conf; 	refused as designed	sconfig
242.conf	https://github.com/astral-sh/ruff	MIT	Accepted: same values and comment multiplicity, no include loss, fixed point; otherwise refusal leaves bytes intact. File check/write exits 1/0 for changes, 0/0 for clean/refused; stdin 0 accepted, 1 refused.	separator =: check=0, write=0, second=0, check-after=0, stdin=1; actual.json#242.conf; 	refused as designed	sconfig
243.conf	https://github.com/astral-sh/ruff	MIT	Accepted: same values and comment multiplicity, no include loss, fixed point; otherwise refusal leaves bytes intact. File check/write exits 1/0 for changes, 0/0 for clean/refused; stdin 0 accepted, 1 refused.	separator :: check=0, write=0, second=0, check-after=0, stdin=1; actual.json#243.conf; 	refused as designed	sconfig
243.conf	https://github.com/astral-sh/ruff	MIT	Accepted: same values and comment multiplicity, no include loss, fixed point; otherwise refusal leaves bytes intact. File check/write exits 1/0 for changes, 0/0 for clean/refused; stdin 0 accepted, 1 refused.	separator =: check=0, write=0, second=0, check-after=0, stdin=1; actual.json#243.conf; 	refused as designed	sconfig
244.conf	https://github.com/astral-sh/ruff	MIT	Accepted: same values and comment multiplicity, no include loss, fixed point; otherwise refusal leaves bytes intact. File check/write exits 1/0 for changes, 0/0 for clean/refused; stdin 0 accepted, 1 refused.	separator :: check=0, write=0, second=0, check-after=0, stdin=1; actual.json#244.conf; 	refused as designed	sconfig
244.conf	https://github.com/astral-sh/ruff	MIT	Accepted: same values and comment multiplicity, no include loss, fixed point; otherwise refusal leaves bytes intact. File check/write exits 1/0 for changes, 0/0 for clean/refused; stdin 0 accepted, 1 refused.	separator =: check=0, write=0, second=0, check-after=0, stdin=1; actual.json#244.conf; 	refused as designed	sconfig
246.conf	https://github.com/astral-sh/ruff	MIT	Accepted: same values and comment multiplicity, no include loss, fixed point; otherwise refusal leaves bytes intact. File check/write exits 1/0 for changes, 0/0 for clean/refused; stdin 0 accepted, 1 refused.	separator :: check=1, write=0, second=0, check-after=0, stdin=0; actual.json#246.conf; 	ok	shared
246.conf	https://github.com/astral-sh/ruff	MIT	Accepted: same values and comment multiplicity, no include loss, fixed point; otherwise refusal leaves bytes intact. File check/write exits 1/0 for changes, 0/0 for clean/refused; stdin 0 accepted, 1 refused.	separator =: check=1, write=0, second=0, check-after=0, stdin=0; actual.json#246.conf; 	ok	shared
249.conf	https://github.com/astral-sh/ruff	MIT	Accepted: same values and comment multiplicity, no include loss, fixed point; otherwise refusal leaves bytes intact. File check/write exits 1/0 for changes, 0/0 for clean/refused; stdin 0 accepted, 1 refused.	separator :: check=1, write=0, second=0, check-after=0, stdin=0; actual.json#249.conf; 	ok	shared
249.conf	https://github.com/astral-sh/ruff	MIT	Accepted: same values and comment multiplicity, no include loss, fixed point; otherwise refusal leaves bytes intact. File check/write exits 1/0 for changes, 0/0 for clean/refused; stdin 0 accepted, 1 refused.	separator =: check=1, write=0, second=0, check-after=0, stdin=0; actual.json#249.conf; 	ok	shared
250.conf	https://github.com/astral-sh/ruff	MIT	Accepted: same values and comment multiplicity, no include loss, fixed point; otherwise refusal leaves bytes intact. File check/write exits 1/0 for changes, 0/0 for clean/refused; stdin 0 accepted, 1 refused.	separator :: check=1, write=0, second=0, check-after=0, stdin=0; actual.json#250.conf; 	ok	shared
250.conf	https://github.com/astral-sh/ruff	MIT	Accepted: same values and comment multiplicity, no include loss, fixed point; otherwise refusal leaves bytes intact. File check/write exits 1/0 for changes, 0/0 for clean/refused; stdin 0 accepted, 1 refused.	separator =: check=1, write=0, second=0, check-after=0, stdin=0; actual.json#250.conf; 	ok	shared
251.conf	https://github.com/astral-sh/ruff	MIT	Accepted: same values and comment multiplicity, no include loss, fixed point; otherwise refusal leaves bytes intact. File check/write exits 1/0 for changes, 0/0 for clean/refused; stdin 0 accepted, 1 refused.	separator :: check=0, write=0, second=0, check-after=0, stdin=1; actual.json#251.conf; 	refused as designed	sconfig
251.conf	https://github.com/astral-sh/ruff	MIT	Accepted: same values and comment multiplicity, no include loss, fixed point; otherwise refusal leaves bytes intact. File check/write exits 1/0 for changes, 0/0 for clean/refused; stdin 0 accepted, 1 refused.	separator =: check=0, write=0, second=0, check-after=0, stdin=1; actual.json#251.conf; 	refused as designed	sconfig
252.conf	https://github.com/astral-sh/ruff	MIT	Accepted: same values and comment multiplicity, no include loss, fixed point; otherwise refusal leaves bytes intact. File check/write exits 1/0 for changes, 0/0 for clean/refused; stdin 0 accepted, 1 refused.	separator :: check=0, write=0, second=0, check-after=0, stdin=1; actual.json#252.conf; 	refused as designed	shared
252.conf	https://github.com/astral-sh/ruff	MIT	Accepted: same values and comment multiplicity, no include loss, fixed point; otherwise refusal leaves bytes intact. File check/write exits 1/0 for changes, 0/0 for clean/refused; stdin 0 accepted, 1 refused.	separator =: check=0, write=0, second=0, check-after=0, stdin=1; actual.json#252.conf; 	refused as designed	shared
253.conf	https://github.com/astral-sh/ruff	MIT	Accepted: same values and comment multiplicity, no include loss, fixed point; otherwise refusal leaves bytes intact. File check/write exits 1/0 for changes, 0/0 for clean/refused; stdin 0 accepted, 1 refused.	separator :: check=0, write=0, second=0, check-after=0, stdin=1; actual.json#253.conf; 	refused as designed	shared
253.conf	https://github.com/astral-sh/ruff	MIT	Accepted: same values and comment multiplicity, no include loss, fixed point; otherwise refusal leaves bytes intact. File check/write exits 1/0 for changes, 0/0 for clean/refused; stdin 0 accepted, 1 refused.	separator =: check=0, write=0, second=0, check-after=0, stdin=1; actual.json#253.conf; 	refused as designed	shared
255.conf	https://github.com/scalameta/scalafmt	Apache-2.0	Accepted: same values and comment multiplicity, no include loss, fixed point; otherwise refusal leaves bytes intact. File check/write exits 1/0 for changes, 0/0 for clean/refused; stdin 0 accepted, 1 refused.	separator :: check=1, write=0, second=0, check-after=0, stdin=0; actual.json#255.conf; 	ok	shared
255.conf	https://github.com/scalameta/scalafmt	Apache-2.0	Accepted: same values and comment multiplicity, no include loss, fixed point; otherwise refusal leaves bytes intact. File check/write exits 1/0 for changes, 0/0 for clean/refused; stdin 0 accepted, 1 refused.	separator =: check=1, write=0, second=0, check-after=0, stdin=0; actual.json#255.conf; 	ok	shared
256.conf	https://github.com/scalameta/scalafmt	Apache-2.0	Accepted: same values and comment multiplicity, no include loss, fixed point; otherwise refusal leaves bytes intact. File check/write exits 1/0 for changes, 0/0 for clean/refused; stdin 0 accepted, 1 refused.	separator :: check=1, write=0, second=0, check-after=0, stdin=0; actual.json#256.conf; 	ok	shared
256.conf	https://github.com/scalameta/scalafmt	Apache-2.0	Accepted: same values and comment multiplicity, no include loss, fixed point; otherwise refusal leaves bytes intact. File check/write exits 1/0 for changes, 0/0 for clean/refused; stdin 0 accepted, 1 refused.	separator =: check=1, write=0, second=0, check-after=0, stdin=0; actual.json#256.conf; 	ok	shared
257.conf	https://github.com/scalameta/scalafmt	Apache-2.0	Accepted: same values and comment multiplicity, no include loss, fixed point; otherwise refusal leaves bytes intact. File check/write exits 1/0 for changes, 0/0 for clean/refused; stdin 0 accepted, 1 refused.	separator :: check=1, write=0, second=0, check-after=0, stdin=0; actual.json#257.conf; 	ok	shared
257.conf	https://github.com/scalameta/scalafmt	Apache-2.0	Accepted: same values and comment multiplicity, no include loss, fixed point; otherwise refusal leaves bytes intact. File check/write exits 1/0 for changes, 0/0 for clean/refused; stdin 0 accepted, 1 refused.	separator =: check=1, write=0, second=0, check-after=0, stdin=0; actual.json#257.conf; 	ok	shared
258.conf	https://github.com/scalameta/scalafmt	Apache-2.0	Accepted: same values and comment multiplicity, no include loss, fixed point; otherwise refusal leaves bytes intact. File check/write exits 1/0 for changes, 0/0 for clean/refused; stdin 0 accepted, 1 refused.	separator :: check=1, write=0, second=0, check-after=0, stdin=0; actual.json#258.conf; 	ok	shared
258.conf	https://github.com/scalameta/scalafmt	Apache-2.0	Accepted: same values and comment multiplicity, no include loss, fixed point; otherwise refusal leaves bytes intact. File check/write exits 1/0 for changes, 0/0 for clean/refused; stdin 0 accepted, 1 refused.	separator =: check=1, write=0, second=0, check-after=0, stdin=0; actual.json#258.conf; 	ok	shared
259.conf	https://github.com/scalameta/scalafmt	Apache-2.0	Accepted: same values and comment multiplicity, no include loss, fixed point; otherwise refusal leaves bytes intact. File check/write exits 1/0 for changes, 0/0 for clean/refused; stdin 0 accepted, 1 refused.	separator :: check=1, write=0, second=0, check-after=0, stdin=0; actual.json#259.conf; 	ok	shared
259.conf	https://github.com/scalameta/scalafmt	Apache-2.0	Accepted: same values and comment multiplicity, no include loss, fixed point; otherwise refusal leaves bytes intact. File check/write exits 1/0 for changes, 0/0 for clean/refused; stdin 0 accepted, 1 refused.	separator =: check=1, write=0, second=0, check-after=0, stdin=0; actual.json#259.conf; 	ok	shared
260.conf	https://github.com/scalameta/scalafmt	Apache-2.0	Accepted: same values and comment multiplicity, no include loss, fixed point; otherwise refusal leaves bytes intact. File check/write exits 1/0 for changes, 0/0 for clean/refused; stdin 0 accepted, 1 refused.	separator :: check=0, write=0, second=0, check-after=0, stdin=1; actual.json#260.conf; 	refused as designed	sconfig
260.conf	https://github.com/scalameta/scalafmt	Apache-2.0	Accepted: same values and comment multiplicity, no include loss, fixed point; otherwise refusal leaves bytes intact. File check/write exits 1/0 for changes, 0/0 for clean/refused; stdin 0 accepted, 1 refused.	separator =: check=0, write=0, second=0, check-after=0, stdin=1; actual.json#260.conf; 	refused as designed	sconfig
261.conf	https://github.com/scalameta/scalafmt	Apache-2.0	Accepted: same values and comment multiplicity, no include loss, fixed point; otherwise refusal leaves bytes intact. File check/write exits 1/0 for changes, 0/0 for clean/refused; stdin 0 accepted, 1 refused.	separator :: check=1, write=0, second=0, check-after=0, stdin=0; actual.json#261.conf; 	ok	shared
261.conf	https://github.com/scalameta/scalafmt	Apache-2.0	Accepted: same values and comment multiplicity, no include loss, fixed point; otherwise refusal leaves bytes intact. File check/write exits 1/0 for changes, 0/0 for clean/refused; stdin 0 accepted, 1 refused.	separator =: check=1, write=0, second=0, check-after=0, stdin=0; actual.json#261.conf; 	ok	shared
262.conf	https://github.com/scalameta/scalafmt	Apache-2.0	Accepted: same values and comment multiplicity, no include loss, fixed point; otherwise refusal leaves bytes intact. File check/write exits 1/0 for changes, 0/0 for clean/refused; stdin 0 accepted, 1 refused.	separator :: check=0, write=0, second=0, check-after=0, stdin=1; actual.json#262.conf; 	refused as designed	sconfig
262.conf	https://github.com/scalameta/scalafmt	Apache-2.0	Accepted: same values and comment multiplicity, no include loss, fixed point; otherwise refusal leaves bytes intact. File check/write exits 1/0 for changes, 0/0 for clean/refused; stdin 0 accepted, 1 refused.	separator =: check=0, write=0, second=0, check-after=0, stdin=1; actual.json#262.conf; 	refused as designed	sconfig
263.conf	https://github.com/scalameta/scalafmt	Apache-2.0	Accepted: same values and comment multiplicity, no include loss, fixed point; otherwise refusal leaves bytes intact. File check/write exits 1/0 for changes, 0/0 for clean/refused; stdin 0 accepted, 1 refused.	separator :: check=1, write=0, second=0, check-after=0, stdin=0; actual.json#263.conf; 	ok	shared
263.conf	https://github.com/scalameta/scalafmt	Apache-2.0	Accepted: same values and comment multiplicity, no include loss, fixed point; otherwise refusal leaves bytes intact. File check/write exits 1/0 for changes, 0/0 for clean/refused; stdin 0 accepted, 1 refused.	separator =: check=1, write=0, second=0, check-after=0, stdin=0; actual.json#263.conf; 	ok	shared
264.conf	https://github.com/scalameta/scalafmt	Apache-2.0	Accepted: same values and comment multiplicity, no include loss, fixed point; otherwise refusal leaves bytes intact. File check/write exits 1/0 for changes, 0/0 for clean/refused; stdin 0 accepted, 1 refused.	separator :: check=1, write=0, second=0, check-after=0, stdin=0; actual.json#264.conf; 	ok	shared
264.conf	https://github.com/scalameta/scalafmt	Apache-2.0	Accepted: same values and comment multiplicity, no include loss, fixed point; otherwise refusal leaves bytes intact. File check/write exits 1/0 for changes, 0/0 for clean/refused; stdin 0 accepted, 1 refused.	separator =: check=1, write=0, second=0, check-after=0, stdin=0; actual.json#264.conf; 	ok	shared
265.conf	https://github.com/scalameta/scalafmt	Apache-2.0	Accepted: same values and comment multiplicity, no include loss, fixed point; otherwise refusal leaves bytes intact. File check/write exits 1/0 for changes, 0/0 for clean/refused; stdin 0 accepted, 1 refused.	separator :: check=1, write=0, second=0, check-after=0, stdin=0; actual.json#265.conf; 	ok	shared
265.conf	https://github.com/scalameta/scalafmt	Apache-2.0	Accepted: same values and comment multiplicity, no include loss, fixed point; otherwise refusal leaves bytes intact. File check/write exits 1/0 for changes, 0/0 for clean/refused; stdin 0 accepted, 1 refused.	separator =: check=1, write=0, second=0, check-after=0, stdin=0; actual.json#265.conf; 	ok	shared
266.conf	https://github.com/scalameta/scalafmt	Apache-2.0	Accepted: same values and comment multiplicity, no include loss, fixed point; otherwise refusal leaves bytes intact. File check/write exits 1/0 for changes, 0/0 for clean/refused; stdin 0 accepted, 1 refused.	separator :: check=1, write=0, second=0, check-after=0, stdin=0; actual.json#266.conf; 	ok	shared
266.conf	https://github.com/scalameta/scalafmt	Apache-2.0	Accepted: same values and comment multiplicity, no include loss, fixed point; otherwise refusal leaves bytes intact. File check/write exits 1/0 for changes, 0/0 for clean/refused; stdin 0 accepted, 1 refused.	separator =: check=1, write=0, second=0, check-after=0, stdin=0; actual.json#266.conf; 	ok	shared
268.conf	https://github.com/scalameta/scalafmt	Apache-2.0	Accepted: same values and comment multiplicity, no include loss, fixed point; otherwise refusal leaves bytes intact. File check/write exits 1/0 for changes, 0/0 for clean/refused; stdin 0 accepted, 1 refused.	separator :: check=1, write=0, second=0, check-after=0, stdin=0; actual.json#268.conf; 	ok	shared
268.conf	https://github.com/scalameta/scalafmt	Apache-2.0	Accepted: same values and comment multiplicity, no include loss, fixed point; otherwise refusal leaves bytes intact. File check/write exits 1/0 for changes, 0/0 for clean/refused; stdin 0 accepted, 1 refused.	separator =: check=1, write=0, second=0, check-after=0, stdin=0; actual.json#268.conf; 	ok	shared
271.conf	https://github.com/google/google-java-format	Apache-2.0	Accepted: same values and comment multiplicity, no include loss, fixed point; otherwise refusal leaves bytes intact. File check/write exits 1/0 for changes, 0/0 for clean/refused; stdin 0 accepted, 1 refused.	separator :: check=1, write=0, second=0, check-after=0, stdin=0; actual.json#271.conf; 	ok	shared
271.conf	https://github.com/google/google-java-format	Apache-2.0	Accepted: same values and comment multiplicity, no include loss, fixed point; otherwise refusal leaves bytes intact. File check/write exits 1/0 for changes, 0/0 for clean/refused; stdin 0 accepted, 1 refused.	separator =: check=1, write=0, second=0, check-after=0, stdin=0; actual.json#271.conf; 	ok	shared
272.conf	https://github.com/google/google-java-format	Apache-2.0	Accepted: same values and comment multiplicity, no include loss, fixed point; otherwise refusal leaves bytes intact. File check/write exits 1/0 for changes, 0/0 for clean/refused; stdin 0 accepted, 1 refused.	separator :: check=1, write=0, second=0, check-after=0, stdin=0; actual.json#272.conf; 	ok	shared
272.conf	https://github.com/google/google-java-format	Apache-2.0	Accepted: same values and comment multiplicity, no include loss, fixed point; otherwise refusal leaves bytes intact. File check/write exits 1/0 for changes, 0/0 for clean/refused; stdin 0 accepted, 1 refused.	separator =: check=1, write=0, second=0, check-after=0, stdin=0; actual.json#272.conf; 	ok	shared
273.conf	https://github.com/google/google-java-format	Apache-2.0	Accepted: same values and comment multiplicity, no include loss, fixed point; otherwise refusal leaves bytes intact. File check/write exits 1/0 for changes, 0/0 for clean/refused; stdin 0 accepted, 1 refused.	separator :: check=0, write=0, second=0, check-after=0, stdin=1; actual.json#273.conf; 	refused as designed	sconfig
273.conf	https://github.com/google/google-java-format	Apache-2.0	Accepted: same values and comment multiplicity, no include loss, fixed point; otherwise refusal leaves bytes intact. File check/write exits 1/0 for changes, 0/0 for clean/refused; stdin 0 accepted, 1 refused.	separator =: check=0, write=0, second=0, check-after=0, stdin=1; actual.json#273.conf; 	refused as designed	sconfig
274.conf	https://github.com/google/google-java-format	Apache-2.0	Accepted: same values and comment multiplicity, no include loss, fixed point; otherwise refusal leaves bytes intact. File check/write exits 1/0 for changes, 0/0 for clean/refused; stdin 0 accepted, 1 refused.	separator :: check=1, write=0, second=0, check-after=0, stdin=0; actual.json#274.conf; 	ok	shared
274.conf	https://github.com/google/google-java-format	Apache-2.0	Accepted: same values and comment multiplicity, no include loss, fixed point; otherwise refusal leaves bytes intact. File check/write exits 1/0 for changes, 0/0 for clean/refused; stdin 0 accepted, 1 refused.	separator =: check=1, write=0, second=0, check-after=0, stdin=0; actual.json#274.conf; 	ok	shared
275.conf	https://github.com/google/google-java-format	Apache-2.0	Accepted: same values and comment multiplicity, no include loss, fixed point; otherwise refusal leaves bytes intact. File check/write exits 1/0 for changes, 0/0 for clean/refused; stdin 0 accepted, 1 refused.	separator :: check=0, write=0, second=0, check-after=0, stdin=1; actual.json#275.conf; 	refused as designed	shared
275.conf	https://github.com/google/google-java-format	Apache-2.0	Accepted: same values and comment multiplicity, no include loss, fixed point; otherwise refusal leaves bytes intact. File check/write exits 1/0 for changes, 0/0 for clean/refused; stdin 0 accepted, 1 refused.	separator =: check=0, write=0, second=0, check-after=0, stdin=1; actual.json#275.conf; 	refused as designed	shared
276.conf	https://github.com/google/google-java-format	Apache-2.0	Accepted: same values and comment multiplicity, no include loss, fixed point; otherwise refusal leaves bytes intact. File check/write exits 1/0 for changes, 0/0 for clean/refused; stdin 0 accepted, 1 refused.	separator :: check=1, write=0, second=0, check-after=0, stdin=0; actual.json#276.conf; 	ok	shared
276.conf	https://github.com/google/google-java-format	Apache-2.0	Accepted: same values and comment multiplicity, no include loss, fixed point; otherwise refusal leaves bytes intact. File check/write exits 1/0 for changes, 0/0 for clean/refused; stdin 0 accepted, 1 refused.	separator =: check=1, write=0, second=0, check-after=0, stdin=0; actual.json#276.conf; 	ok	shared
277.conf	https://github.com/google/google-java-format	Apache-2.0	Accepted: same values and comment multiplicity, no include loss, fixed point; otherwise refusal leaves bytes intact. File check/write exits 1/0 for changes, 0/0 for clean/refused; stdin 0 accepted, 1 refused.	separator :: check=1, write=0, second=0, check-after=0, stdin=0; actual.json#277.conf; 	ok	shared
277.conf	https://github.com/google/google-java-format	Apache-2.0	Accepted: same values and comment multiplicity, no include loss, fixed point; otherwise refusal leaves bytes intact. File check/write exits 1/0 for changes, 0/0 for clean/refused; stdin 0 accepted, 1 refused.	separator =: check=1, write=0, second=0, check-after=0, stdin=0; actual.json#277.conf; 	ok	shared
278.conf	https://github.com/google/google-java-format	Apache-2.0	Accepted: same values and comment multiplicity, no include loss, fixed point; otherwise refusal leaves bytes intact. File check/write exits 1/0 for changes, 0/0 for clean/refused; stdin 0 accepted, 1 refused.	separator :: check=1, write=0, second=0, check-after=0, stdin=0; actual.json#278.conf; 	ok	shared
278.conf	https://github.com/google/google-java-format	Apache-2.0	Accepted: same values and comment multiplicity, no include loss, fixed point; otherwise refusal leaves bytes intact. File check/write exits 1/0 for changes, 0/0 for clean/refused; stdin 0 accepted, 1 refused.	separator =: check=1, write=0, second=0, check-after=0, stdin=0; actual.json#278.conf; 	ok	shared
279.conf	https://github.com/google/google-java-format	Apache-2.0	Accepted: same values and comment multiplicity, no include loss, fixed point; otherwise refusal leaves bytes intact. File check/write exits 1/0 for changes, 0/0 for clean/refused; stdin 0 accepted, 1 refused.	separator :: check=1, write=0, second=0, check-after=0, stdin=0; actual.json#279.conf; 	ok	shared
279.conf	https://github.com/google/google-java-format	Apache-2.0	Accepted: same values and comment multiplicity, no include loss, fixed point; otherwise refusal leaves bytes intact. File check/write exits 1/0 for changes, 0/0 for clean/refused; stdin 0 accepted, 1 refused.	separator =: check=1, write=0, second=0, check-after=0, stdin=0; actual.json#279.conf; 	ok	shared
280.conf	https://github.com/google/google-java-format	Apache-2.0	Accepted: same values and comment multiplicity, no include loss, fixed point; otherwise refusal leaves bytes intact. File check/write exits 1/0 for changes, 0/0 for clean/refused; stdin 0 accepted, 1 refused.	separator :: check=1, write=0, second=0, check-after=0, stdin=0; actual.json#280.conf; 	ok	shared
280.conf	https://github.com/google/google-java-format	Apache-2.0	Accepted: same values and comment multiplicity, no include loss, fixed point; otherwise refusal leaves bytes intact. File check/write exits 1/0 for changes, 0/0 for clean/refused; stdin 0 accepted, 1 refused.	separator =: check=1, write=0, second=0, check-after=0, stdin=0; actual.json#280.conf; 	ok	shared
281.conf	https://github.com/google/google-java-format	Apache-2.0	Accepted: same values and comment multiplicity, no include loss, fixed point; otherwise refusal leaves bytes intact. File check/write exits 1/0 for changes, 0/0 for clean/refused; stdin 0 accepted, 1 refused.	separator :: check=1, write=0, second=0, check-after=0, stdin=0; actual.json#281.conf; 	ok	shared
281.conf	https://github.com/google/google-java-format	Apache-2.0	Accepted: same values and comment multiplicity, no include loss, fixed point; otherwise refusal leaves bytes intact. File check/write exits 1/0 for changes, 0/0 for clean/refused; stdin 0 accepted, 1 refused.	separator =: check=1, write=0, second=0, check-after=0, stdin=0; actual.json#281.conf; 	ok	shared
283.conf	https://github.com/google/google-java-format	Apache-2.0	Accepted: same values and comment multiplicity, no include loss, fixed point; otherwise refusal leaves bytes intact. File check/write exits 1/0 for changes, 0/0 for clean/refused; stdin 0 accepted, 1 refused.	separator :: check=1, write=0, second=0, check-after=0, stdin=0; actual.json#283.conf; 	ok	shared
283.conf	https://github.com/google/google-java-format	Apache-2.0	Accepted: same values and comment multiplicity, no include loss, fixed point; otherwise refusal leaves bytes intact. File check/write exits 1/0 for changes, 0/0 for clean/refused; stdin 0 accepted, 1 refused.	separator =: check=1, write=0, second=0, check-after=0, stdin=0; actual.json#283.conf; 	ok	shared
284.conf	https://github.com/google/google-java-format	Apache-2.0	Accepted: same values and comment multiplicity, no include loss, fixed point; otherwise refusal leaves bytes intact. File check/write exits 1/0 for changes, 0/0 for clean/refused; stdin 0 accepted, 1 refused.	separator :: check=0, write=0, second=0, check-after=0, stdin=1; actual.json#284.conf; 	refused as designed	sconfig
284.conf	https://github.com/google/google-java-format	Apache-2.0	Accepted: same values and comment multiplicity, no include loss, fixed point; otherwise refusal leaves bytes intact. File check/write exits 1/0 for changes, 0/0 for clean/refused; stdin 0 accepted, 1 refused.	separator =: check=0, write=0, second=0, check-after=0, stdin=1; actual.json#284.conf; 	refused as designed	sconfig
287.conf	https://github.com/google/google-java-format	Apache-2.0	Accepted: same values and comment multiplicity, no include loss, fixed point; otherwise refusal leaves bytes intact. File check/write exits 1/0 for changes, 0/0 for clean/refused; stdin 0 accepted, 1 refused.	separator :: check=1, write=0, second=0, check-after=0, stdin=0; actual.json#287.conf; 	ok	shared
287.conf	https://github.com/google/google-java-format	Apache-2.0	Accepted: same values and comment multiplicity, no include loss, fixed point; otherwise refusal leaves bytes intact. File check/write exits 1/0 for changes, 0/0 for clean/refused; stdin 0 accepted, 1 refused.	separator =: check=1, write=0, second=0, check-after=0, stdin=0; actual.json#287.conf; 	ok	shared
288.conf	https://github.com/google/google-java-format	Apache-2.0	Accepted: same values and comment multiplicity, no include loss, fixed point; otherwise refusal leaves bytes intact. File check/write exits 1/0 for changes, 0/0 for clean/refused; stdin 0 accepted, 1 refused.	separator :: check=1, write=0, second=0, check-after=0, stdin=0; actual.json#288.conf; 	ok	shared
288.conf	https://github.com/google/google-java-format	Apache-2.0	Accepted: same values and comment multiplicity, no include loss, fixed point; otherwise refusal leaves bytes intact. File check/write exits 1/0 for changes, 0/0 for clean/refused; stdin 0 accepted, 1 refused.	separator =: check=1, write=0, second=0, check-after=0, stdin=0; actual.json#288.conf; 	ok	shared
289.conf	https://github.com/llvm/llvm-project	Apache-2.0 WITH LLVM-exception	Accepted: same values and comment multiplicity, no include loss, fixed point; otherwise refusal leaves bytes intact. File check/write exits 1/0 for changes, 0/0 for clean/refused; stdin 0 accepted, 1 refused.	separator :: check=0, write=0, second=0, check-after=0, stdin=1; actual.json#289.conf; 	refused as designed	shared
289.conf	https://github.com/llvm/llvm-project	Apache-2.0 WITH LLVM-exception	Accepted: same values and comment multiplicity, no include loss, fixed point; otherwise refusal leaves bytes intact. File check/write exits 1/0 for changes, 0/0 for clean/refused; stdin 0 accepted, 1 refused.	separator =: check=0, write=0, second=0, check-after=0, stdin=1; actual.json#289.conf; 	refused as designed	shared
290.conf	https://github.com/llvm/llvm-project	Apache-2.0 WITH LLVM-exception	Accepted: same values and comment multiplicity, no include loss, fixed point; otherwise refusal leaves bytes intact. File check/write exits 1/0 for changes, 0/0 for clean/refused; stdin 0 accepted, 1 refused.	separator :: check=1, write=0, second=0, check-after=0, stdin=0; actual.json#290.conf; 	ok	shared
290.conf	https://github.com/llvm/llvm-project	Apache-2.0 WITH LLVM-exception	Accepted: same values and comment multiplicity, no include loss, fixed point; otherwise refusal leaves bytes intact. File check/write exits 1/0 for changes, 0/0 for clean/refused; stdin 0 accepted, 1 refused.	separator =: check=1, write=0, second=0, check-after=0, stdin=0; actual.json#290.conf; 	ok	shared
291.conf	https://github.com/llvm/llvm-project	Apache-2.0 WITH LLVM-exception	Accepted: same values and comment multiplicity, no include loss, fixed point; otherwise refusal leaves bytes intact. File check/write exits 1/0 for changes, 0/0 for clean/refused; stdin 0 accepted, 1 refused.	separator :: check=0, write=0, second=0, check-after=0, stdin=1; actual.json#291.conf; 	refused as designed	sconfig
291.conf	https://github.com/llvm/llvm-project	Apache-2.0 WITH LLVM-exception	Accepted: same values and comment multiplicity, no include loss, fixed point; otherwise refusal leaves bytes intact. File check/write exits 1/0 for changes, 0/0 for clean/refused; stdin 0 accepted, 1 refused.	separator =: check=0, write=0, second=0, check-after=0, stdin=1; actual.json#291.conf; 	refused as designed	sconfig
292.conf	https://github.com/llvm/llvm-project	Apache-2.0 WITH LLVM-exception	Accepted: same values and comment multiplicity, no include loss, fixed point; otherwise refusal leaves bytes intact. File check/write exits 1/0 for changes, 0/0 for clean/refused; stdin 0 accepted, 1 refused.	separator :: check=1, write=0, second=0, check-after=0, stdin=0; actual.json#292.conf; 	ok	shared
292.conf	https://github.com/llvm/llvm-project	Apache-2.0 WITH LLVM-exception	Accepted: same values and comment multiplicity, no include loss, fixed point; otherwise refusal leaves bytes intact. File check/write exits 1/0 for changes, 0/0 for clean/refused; stdin 0 accepted, 1 refused.	separator =: check=1, write=0, second=0, check-after=0, stdin=0; actual.json#292.conf; 	ok	shared
293.conf	https://github.com/llvm/llvm-project	Apache-2.0 WITH LLVM-exception	Accepted: same values and comment multiplicity, no include loss, fixed point; otherwise refusal leaves bytes intact. File check/write exits 1/0 for changes, 0/0 for clean/refused; stdin 0 accepted, 1 refused.	separator :: check=1, write=0, second=0, check-after=0, stdin=0; actual.json#293.conf; 	ok	shared
293.conf	https://github.com/llvm/llvm-project	Apache-2.0 WITH LLVM-exception	Accepted: same values and comment multiplicity, no include loss, fixed point; otherwise refusal leaves bytes intact. File check/write exits 1/0 for changes, 0/0 for clean/refused; stdin 0 accepted, 1 refused.	separator =: check=1, write=0, second=0, check-after=0, stdin=0; actual.json#293.conf; 	ok	shared
294.conf	https://github.com/llvm/llvm-project	Apache-2.0 WITH LLVM-exception	Accepted: same values and comment multiplicity, no include loss, fixed point; otherwise refusal leaves bytes intact. File check/write exits 1/0 for changes, 0/0 for clean/refused; stdin 0 accepted, 1 refused.	separator :: check=0, write=0, second=0, check-after=0, stdin=1; actual.json#294.conf; 	refused as designed	shared
294.conf	https://github.com/llvm/llvm-project	Apache-2.0 WITH LLVM-exception	Accepted: same values and comment multiplicity, no include loss, fixed point; otherwise refusal leaves bytes intact. File check/write exits 1/0 for changes, 0/0 for clean/refused; stdin 0 accepted, 1 refused.	separator =: check=0, write=0, second=0, check-after=0, stdin=1; actual.json#294.conf; 	refused as designed	shared
295.conf	https://github.com/llvm/llvm-project	Apache-2.0 WITH LLVM-exception	Accepted: same values and comment multiplicity, no include loss, fixed point; otherwise refusal leaves bytes intact. File check/write exits 1/0 for changes, 0/0 for clean/refused; stdin 0 accepted, 1 refused.	separator :: check=1, write=0, second=0, check-after=0, stdin=0; actual.json#295.conf; 	ok	shared
295.conf	https://github.com/llvm/llvm-project	Apache-2.0 WITH LLVM-exception	Accepted: same values and comment multiplicity, no include loss, fixed point; otherwise refusal leaves bytes intact. File check/write exits 1/0 for changes, 0/0 for clean/refused; stdin 0 accepted, 1 refused.	separator =: check=1, write=0, second=0, check-after=0, stdin=0; actual.json#295.conf; 	ok	shared
296.conf	https://github.com/llvm/llvm-project	Apache-2.0 WITH LLVM-exception	Accepted: same values and comment multiplicity, no include loss, fixed point; otherwise refusal leaves bytes intact. File check/write exits 1/0 for changes, 0/0 for clean/refused; stdin 0 accepted, 1 refused.	separator :: check=1, write=0, second=0, check-after=0, stdin=0; actual.json#296.conf; 	ok	shared
296.conf	https://github.com/llvm/llvm-project	Apache-2.0 WITH LLVM-exception	Accepted: same values and comment multiplicity, no include loss, fixed point; otherwise refusal leaves bytes intact. File check/write exits 1/0 for changes, 0/0 for clean/refused; stdin 0 accepted, 1 refused.	separator =: check=1, write=0, second=0, check-after=0, stdin=0; actual.json#296.conf; 	ok	shared
297.conf	https://github.com/llvm/llvm-project	Apache-2.0 WITH LLVM-exception	Accepted: same values and comment multiplicity, no include loss, fixed point; otherwise refusal leaves bytes intact. File check/write exits 1/0 for changes, 0/0 for clean/refused; stdin 0 accepted, 1 refused.	separator :: check=0, write=0, second=0, check-after=0, stdin=1; actual.json#297.conf; 	refused as designed	sconfig
297.conf	https://github.com/llvm/llvm-project	Apache-2.0 WITH LLVM-exception	Accepted: same values and comment multiplicity, no include loss, fixed point; otherwise refusal leaves bytes intact. File check/write exits 1/0 for changes, 0/0 for clean/refused; stdin 0 accepted, 1 refused.	separator =: check=0, write=0, second=0, check-after=0, stdin=1; actual.json#297.conf; 	refused as designed	sconfig
298.conf	https://github.com/llvm/llvm-project	Apache-2.0 WITH LLVM-exception	Accepted: same values and comment multiplicity, no include loss, fixed point; otherwise refusal leaves bytes intact. File check/write exits 1/0 for changes, 0/0 for clean/refused; stdin 0 accepted, 1 refused.	separator :: check=0, write=0, second=0, check-after=0, stdin=1; actual.json#298.conf; 	refused as designed	sconfig
298.conf	https://github.com/llvm/llvm-project	Apache-2.0 WITH LLVM-exception	Accepted: same values and comment multiplicity, no include loss, fixed point; otherwise refusal leaves bytes intact. File check/write exits 1/0 for changes, 0/0 for clean/refused; stdin 0 accepted, 1 refused.	separator =: check=0, write=0, second=0, check-after=0, stdin=1; actual.json#298.conf; 	refused as designed	sconfig
299.conf	https://github.com/llvm/llvm-project	Apache-2.0 WITH LLVM-exception	Accepted: same values and comment multiplicity, no include loss, fixed point; otherwise refusal leaves bytes intact. File check/write exits 1/0 for changes, 0/0 for clean/refused; stdin 0 accepted, 1 refused.	separator :: check=1, write=0, second=0, check-after=0, stdin=0; actual.json#299.conf; 	ok	shared
299.conf	https://github.com/llvm/llvm-project	Apache-2.0 WITH LLVM-exception	Accepted: same values and comment multiplicity, no include loss, fixed point; otherwise refusal leaves bytes intact. File check/write exits 1/0 for changes, 0/0 for clean/refused; stdin 0 accepted, 1 refused.	separator =: check=1, write=0, second=0, check-after=0, stdin=0; actual.json#299.conf; 	ok	shared
300.conf	https://github.com/llvm/llvm-project	Apache-2.0 WITH LLVM-exception	Accepted: same values and comment multiplicity, no include loss, fixed point; otherwise refusal leaves bytes intact. File check/write exits 1/0 for changes, 0/0 for clean/refused; stdin 0 accepted, 1 refused.	separator :: check=1, write=0, second=0, check-after=0, stdin=0; actual.json#300.conf; 	ok	shared
300.conf	https://github.com/llvm/llvm-project	Apache-2.0 WITH LLVM-exception	Accepted: same values and comment multiplicity, no include loss, fixed point; otherwise refusal leaves bytes intact. File check/write exits 1/0 for changes, 0/0 for clean/refused; stdin 0 accepted, 1 refused.	separator =: check=1, write=0, second=0, check-after=0, stdin=0; actual.json#300.conf; 	ok	shared
301.conf	https://github.com/llvm/llvm-project	Apache-2.0 WITH LLVM-exception	Accepted: same values and comment multiplicity, no include loss, fixed point; otherwise refusal leaves bytes intact. File check/write exits 1/0 for changes, 0/0 for clean/refused; stdin 0 accepted, 1 refused.	separator :: check=1, write=0, second=0, check-after=0, stdin=0; actual.json#301.conf; 	ok	shared
301.conf	https://github.com/llvm/llvm-project	Apache-2.0 WITH LLVM-exception	Accepted: same values and comment multiplicity, no include loss, fixed point; otherwise refusal leaves bytes intact. File check/write exits 1/0 for changes, 0/0 for clean/refused; stdin 0 accepted, 1 refused.	separator =: check=1, write=0, second=0, check-after=0, stdin=0; actual.json#301.conf; 	ok	shared
302.conf	https://github.com/llvm/llvm-project	Apache-2.0 WITH LLVM-exception	Accepted: same values and comment multiplicity, no include loss, fixed point; otherwise refusal leaves bytes intact. File check/write exits 1/0 for changes, 0/0 for clean/refused; stdin 0 accepted, 1 refused.	separator :: check=0, write=0, second=0, check-after=0, stdin=1; actual.json#302.conf; 	refused as designed	shared
302.conf	https://github.com/llvm/llvm-project	Apache-2.0 WITH LLVM-exception	Accepted: same values and comment multiplicity, no include loss, fixed point; otherwise refusal leaves bytes intact. File check/write exits 1/0 for changes, 0/0 for clean/refused; stdin 0 accepted, 1 refused.	separator =: check=0, write=0, second=0, check-after=0, stdin=1; actual.json#302.conf; 	refused as designed	shared
303.conf	https://github.com/llvm/llvm-project	Apache-2.0 WITH LLVM-exception	Accepted: same values and comment multiplicity, no include loss, fixed point; otherwise refusal leaves bytes intact. File check/write exits 1/0 for changes, 0/0 for clean/refused; stdin 0 accepted, 1 refused.	separator :: check=1, write=0, second=0, check-after=0, stdin=0; actual.json#303.conf; 	ok	shared
303.conf	https://github.com/llvm/llvm-project	Apache-2.0 WITH LLVM-exception	Accepted: same values and comment multiplicity, no include loss, fixed point; otherwise refusal leaves bytes intact. File check/write exits 1/0 for changes, 0/0 for clean/refused; stdin 0 accepted, 1 refused.	separator =: check=1, write=0, second=0, check-after=0, stdin=0; actual.json#303.conf; 	ok	shared
304.conf	https://github.com/llvm/llvm-project	Apache-2.0 WITH LLVM-exception	Accepted: same values and comment multiplicity, no include loss, fixed point; otherwise refusal leaves bytes intact. File check/write exits 1/0 for changes, 0/0 for clean/refused; stdin 0 accepted, 1 refused.	separator :: check=1, write=0, second=0, check-after=0, stdin=0; actual.json#304.conf; 	ok	shared
304.conf	https://github.com/llvm/llvm-project	Apache-2.0 WITH LLVM-exception	Accepted: same values and comment multiplicity, no include loss, fixed point; otherwise refusal leaves bytes intact. File check/write exits 1/0 for changes, 0/0 for clean/refused; stdin 0 accepted, 1 refused.	separator =: check=1, write=0, second=0, check-after=0, stdin=0; actual.json#304.conf; 	ok	shared
305.conf	https://github.com/llvm/llvm-project	Apache-2.0 WITH LLVM-exception	Accepted: same values and comment multiplicity, no include loss, fixed point; otherwise refusal leaves bytes intact. File check/write exits 1/0 for changes, 0/0 for clean/refused; stdin 0 accepted, 1 refused.	separator :: check=0, write=0, second=0, check-after=0, stdin=1; actual.json#305.conf; 	refused as designed	shared
305.conf	https://github.com/llvm/llvm-project	Apache-2.0 WITH LLVM-exception	Accepted: same values and comment multiplicity, no include loss, fixed point; otherwise refusal leaves bytes intact. File check/write exits 1/0 for changes, 0/0 for clean/refused; stdin 0 accepted, 1 refused.	separator =: check=0, write=0, second=0, check-after=0, stdin=1; actual.json#305.conf; 	refused as designed	shared
365.conf	https://github.com/prettier/prettier	MIT	Accepted: same values and comment multiplicity, no include loss, fixed point; otherwise refusal leaves bytes intact. File check/write exits 1/0 for changes, 0/0 for clean/refused; stdin 0 accepted, 1 refused.	separator :: check=0, write=0, second=0, check-after=0, stdin=1; actual.json#365.conf; 	refused as designed	sconfig
365.conf	https://github.com/prettier/prettier	MIT	Accepted: same values and comment multiplicity, no include loss, fixed point; otherwise refusal leaves bytes intact. File check/write exits 1/0 for changes, 0/0 for clean/refused; stdin 0 accepted, 1 refused.	separator =: check=0, write=0, second=0, check-after=0, stdin=1; actual.json#365.conf; 	refused as designed	sconfig
366.conf	https://github.com/prettier/prettier	MIT	Accepted: same values and comment multiplicity, no include loss, fixed point; otherwise refusal leaves bytes intact. File check/write exits 1/0 for changes, 0/0 for clean/refused; stdin 0 accepted, 1 refused.	separator :: check=0, write=0, second=0, check-after=0, stdin=1; actual.json#366.conf; 	refused as designed	sconfig
366.conf	https://github.com/prettier/prettier	MIT	Accepted: same values and comment multiplicity, no include loss, fixed point; otherwise refusal leaves bytes intact. File check/write exits 1/0 for changes, 0/0 for clean/refused; stdin 0 accepted, 1 refused.	separator =: check=0, write=0, second=0, check-after=0, stdin=1; actual.json#366.conf; 	refused as designed	sconfig
367.conf	https://github.com/prettier/prettier	MIT	Accepted: same values and comment multiplicity, no include loss, fixed point; otherwise refusal leaves bytes intact. File check/write exits 1/0 for changes, 0/0 for clean/refused; stdin 0 accepted, 1 refused.	separator :: check=1, write=0, second=0, check-after=0, stdin=0; actual.json#367.conf; 	ok	shared
367.conf	https://github.com/prettier/prettier	MIT	Accepted: same values and comment multiplicity, no include loss, fixed point; otherwise refusal leaves bytes intact. File check/write exits 1/0 for changes, 0/0 for clean/refused; stdin 0 accepted, 1 refused.	separator =: check=1, write=0, second=0, check-after=0, stdin=0; actual.json#367.conf; 	ok	shared
368.conf	https://github.com/prettier/prettier	MIT	Accepted: same values and comment multiplicity, no include loss, fixed point; otherwise refusal leaves bytes intact. File check/write exits 1/0 for changes, 0/0 for clean/refused; stdin 0 accepted, 1 refused.	separator :: check=1, write=0, second=0, check-after=0, stdin=0; actual.json#368.conf; 	ok	shared
368.conf	https://github.com/prettier/prettier	MIT	Accepted: same values and comment multiplicity, no include loss, fixed point; otherwise refusal leaves bytes intact. File check/write exits 1/0 for changes, 0/0 for clean/refused; stdin 0 accepted, 1 refused.	separator =: check=1, write=0, second=0, check-after=0, stdin=0; actual.json#368.conf; 	ok	shared
369.conf	https://github.com/prettier/prettier	MIT	Accepted: same values and comment multiplicity, no include loss, fixed point; otherwise refusal leaves bytes intact. File check/write exits 1/0 for changes, 0/0 for clean/refused; stdin 0 accepted, 1 refused.	separator :: check=0, write=0, second=0, check-after=0, stdin=1; actual.json#369.conf; 	refused as designed	sconfig
369.conf	https://github.com/prettier/prettier	MIT	Accepted: same values and comment multiplicity, no include loss, fixed point; otherwise refusal leaves bytes intact. File check/write exits 1/0 for changes, 0/0 for clean/refused; stdin 0 accepted, 1 refused.	separator =: check=0, write=0, second=0, check-after=0, stdin=1; actual.json#369.conf; 	refused as designed	sconfig
370.conf	https://github.com/prettier/prettier	MIT	Accepted: same values and comment multiplicity, no include loss, fixed point; otherwise refusal leaves bytes intact. File check/write exits 1/0 for changes, 0/0 for clean/refused; stdin 0 accepted, 1 refused.	separator :: check=0, write=0, second=0, check-after=0, stdin=1; actual.json#370.conf; 	refused as designed	shared
370.conf	https://github.com/prettier/prettier	MIT	Accepted: same values and comment multiplicity, no include loss, fixed point; otherwise refusal leaves bytes intact. File check/write exits 1/0 for changes, 0/0 for clean/refused; stdin 0 accepted, 1 refused.	separator =: check=0, write=0, second=0, check-after=0, stdin=1; actual.json#370.conf; 	refused as designed	shared
371.conf	https://github.com/prettier/prettier	MIT	Accepted: same values and comment multiplicity, no include loss, fixed point; otherwise refusal leaves bytes intact. File check/write exits 1/0 for changes, 0/0 for clean/refused; stdin 0 accepted, 1 refused.	separator :: check=1, write=0, second=0, check-after=0, stdin=0; actual.json#371.conf; 	ok	shared
371.conf	https://github.com/prettier/prettier	MIT	Accepted: same values and comment multiplicity, no include loss, fixed point; otherwise refusal leaves bytes intact. File check/write exits 1/0 for changes, 0/0 for clean/refused; stdin 0 accepted, 1 refused.	separator =: check=1, write=0, second=0, check-after=0, stdin=0; actual.json#371.conf; 	ok	shared
372.conf	https://github.com/prettier/prettier	MIT	Accepted: same values and comment multiplicity, no include loss, fixed point; otherwise refusal leaves bytes intact. File check/write exits 1/0 for changes, 0/0 for clean/refused; stdin 0 accepted, 1 refused.	separator :: check=1, write=0, second=0, check-after=0, stdin=0; actual.json#372.conf; 	ok	shared
372.conf	https://github.com/prettier/prettier	MIT	Accepted: same values and comment multiplicity, no include loss, fixed point; otherwise refusal leaves bytes intact. File check/write exits 1/0 for changes, 0/0 for clean/refused; stdin 0 accepted, 1 refused.	separator =: check=1, write=0, second=0, check-after=0, stdin=0; actual.json#372.conf; 	ok	shared
373.conf	https://github.com/prettier/prettier	MIT	Accepted: same values and comment multiplicity, no include loss, fixed point; otherwise refusal leaves bytes intact. File check/write exits 1/0 for changes, 0/0 for clean/refused; stdin 0 accepted, 1 refused.	separator :: check=1, write=0, second=0, check-after=0, stdin=0; actual.json#373.conf; 	ok	shared
373.conf	https://github.com/prettier/prettier	MIT	Accepted: same values and comment multiplicity, no include loss, fixed point; otherwise refusal leaves bytes intact. File check/write exits 1/0 for changes, 0/0 for clean/refused; stdin 0 accepted, 1 refused.	separator =: check=1, write=0, second=0, check-after=0, stdin=0; actual.json#373.conf; 	ok	shared
374.conf	https://github.com/prettier/prettier	MIT	Accepted: same values and comment multiplicity, no include loss, fixed point; otherwise refusal leaves bytes intact. File check/write exits 1/0 for changes, 0/0 for clean/refused; stdin 0 accepted, 1 refused.	separator :: check=1, write=0, second=0, check-after=0, stdin=0; actual.json#374.conf; 	ok	shared
374.conf	https://github.com/prettier/prettier	MIT	Accepted: same values and comment multiplicity, no include loss, fixed point; otherwise refusal leaves bytes intact. File check/write exits 1/0 for changes, 0/0 for clean/refused; stdin 0 accepted, 1 refused.	separator =: check=1, write=0, second=0, check-after=0, stdin=0; actual.json#374.conf; 	ok	shared
378.conf	https://github.com/psf/black	MIT	Accepted: same values and comment multiplicity, no include loss, fixed point; otherwise refusal leaves bytes intact. File check/write exits 1/0 for changes, 0/0 for clean/refused; stdin 0 accepted, 1 refused.	separator :: check=0, write=0, second=0, check-after=0, stdin=1; actual.json#378.conf; 	refused as designed	sconfig
378.conf	https://github.com/psf/black	MIT	Accepted: same values and comment multiplicity, no include loss, fixed point; otherwise refusal leaves bytes intact. File check/write exits 1/0 for changes, 0/0 for clean/refused; stdin 0 accepted, 1 refused.	separator =: check=0, write=0, second=0, check-after=0, stdin=1; actual.json#378.conf; 	refused as designed	sconfig
379.conf	https://github.com/psf/black	MIT	Accepted: same values and comment multiplicity, no include loss, fixed point; otherwise refusal leaves bytes intact. File check/write exits 1/0 for changes, 0/0 for clean/refused; stdin 0 accepted, 1 refused.	separator :: check=0, write=0, second=0, check-after=0, stdin=1; actual.json#379.conf; 	refused as designed	sconfig
379.conf	https://github.com/psf/black	MIT	Accepted: same values and comment multiplicity, no include loss, fixed point; otherwise refusal leaves bytes intact. File check/write exits 1/0 for changes, 0/0 for clean/refused; stdin 0 accepted, 1 refused.	separator =: check=0, write=0, second=0, check-after=0, stdin=1; actual.json#379.conf; 	refused as designed	sconfig
380.conf	https://github.com/psf/black	MIT	Accepted: same values and comment multiplicity, no include loss, fixed point; otherwise refusal leaves bytes intact. File check/write exits 1/0 for changes, 0/0 for clean/refused; stdin 0 accepted, 1 refused.	separator :: check=1, write=0, second=0, check-after=0, stdin=0; actual.json#380.conf; 	ok	shared
380.conf	https://github.com/psf/black	MIT	Accepted: same values and comment multiplicity, no include loss, fixed point; otherwise refusal leaves bytes intact. File check/write exits 1/0 for changes, 0/0 for clean/refused; stdin 0 accepted, 1 refused.	separator =: check=1, write=0, second=0, check-after=0, stdin=0; actual.json#380.conf; 	ok	shared
381.conf	https://github.com/psf/black	MIT	Accepted: same values and comment multiplicity, no include loss, fixed point; otherwise refusal leaves bytes intact. File check/write exits 1/0 for changes, 0/0 for clean/refused; stdin 0 accepted, 1 refused.	separator :: check=1, write=0, second=0, check-after=0, stdin=0; actual.json#381.conf; 	ok	shared
381.conf	https://github.com/psf/black	MIT	Accepted: same values and comment multiplicity, no include loss, fixed point; otherwise refusal leaves bytes intact. File check/write exits 1/0 for changes, 0/0 for clean/refused; stdin 0 accepted, 1 refused.	separator =: check=1, write=0, second=0, check-after=0, stdin=0; actual.json#381.conf; 	ok	shared
382.conf	https://github.com/psf/black	MIT	Accepted: same values and comment multiplicity, no include loss, fixed point; otherwise refusal leaves bytes intact. File check/write exits 1/0 for changes, 0/0 for clean/refused; stdin 0 accepted, 1 refused.	separator :: check=0, write=0, second=0, check-after=0, stdin=1; actual.json#382.conf; 	refused as designed	shared
382.conf	https://github.com/psf/black	MIT	Accepted: same values and comment multiplicity, no include loss, fixed point; otherwise refusal leaves bytes intact. File check/write exits 1/0 for changes, 0/0 for clean/refused; stdin 0 accepted, 1 refused.	separator =: check=0, write=0, second=0, check-after=0, stdin=1; actual.json#382.conf; 	refused as designed	shared
384.conf	https://github.com/psf/black	MIT	Accepted: same values and comment multiplicity, no include loss, fixed point; otherwise refusal leaves bytes intact. File check/write exits 1/0 for changes, 0/0 for clean/refused; stdin 0 accepted, 1 refused.	separator :: check=1, write=0, second=0, check-after=0, stdin=0; actual.json#384.conf; 	ok	shared
384.conf	https://github.com/psf/black	MIT	Accepted: same values and comment multiplicity, no include loss, fixed point; otherwise refusal leaves bytes intact. File check/write exits 1/0 for changes, 0/0 for clean/refused; stdin 0 accepted, 1 refused.	separator =: check=1, write=0, second=0, check-after=0, stdin=0; actual.json#384.conf; 	ok	shared
385.conf	https://github.com/psf/black	MIT	Accepted: same values and comment multiplicity, no include loss, fixed point; otherwise refusal leaves bytes intact. File check/write exits 1/0 for changes, 0/0 for clean/refused; stdin 0 accepted, 1 refused.	separator :: check=0, write=0, second=0, check-after=0, stdin=1; actual.json#385.conf; 	refused as designed	shared
385.conf	https://github.com/psf/black	MIT	Accepted: same values and comment multiplicity, no include loss, fixed point; otherwise refusal leaves bytes intact. File check/write exits 1/0 for changes, 0/0 for clean/refused; stdin 0 accepted, 1 refused.	separator =: check=0, write=0, second=0, check-after=0, stdin=1; actual.json#385.conf; 	refused as designed	shared
386.conf	https://github.com/psf/black	MIT	Accepted: same values and comment multiplicity, no include loss, fixed point; otherwise refusal leaves bytes intact. File check/write exits 1/0 for changes, 0/0 for clean/refused; stdin 0 accepted, 1 refused.	separator :: check=1, write=0, second=0, check-after=0, stdin=0; actual.json#386.conf; 	ok	shared
386.conf	https://github.com/psf/black	MIT	Accepted: same values and comment multiplicity, no include loss, fixed point; otherwise refusal leaves bytes intact. File check/write exits 1/0 for changes, 0/0 for clean/refused; stdin 0 accepted, 1 refused.	separator =: check=1, write=0, second=0, check-after=0, stdin=0; actual.json#386.conf; 	ok	shared
387.conf	https://github.com/psf/black	MIT	Accepted: same values and comment multiplicity, no include loss, fixed point; otherwise refusal leaves bytes intact. File check/write exits 1/0 for changes, 0/0 for clean/refused; stdin 0 accepted, 1 refused.	separator :: check=1, write=0, second=0, check-after=0, stdin=0; actual.json#387.conf; 	ok	shared
387.conf	https://github.com/psf/black	MIT	Accepted: same values and comment multiplicity, no include loss, fixed point; otherwise refusal leaves bytes intact. File check/write exits 1/0 for changes, 0/0 for clean/refused; stdin 0 accepted, 1 refused.	separator =: check=1, write=0, second=0, check-after=0, stdin=0; actual.json#387.conf; 	ok	shared
388.conf	https://github.com/psf/black	MIT	Accepted: same values and comment multiplicity, no include loss, fixed point; otherwise refusal leaves bytes intact. File check/write exits 1/0 for changes, 0/0 for clean/refused; stdin 0 accepted, 1 refused.	separator :: check=0, write=0, second=0, check-after=0, stdin=1; actual.json#388.conf; 	refused as designed	shared
388.conf	https://github.com/psf/black	MIT	Accepted: same values and comment multiplicity, no include loss, fixed point; otherwise refusal leaves bytes intact. File check/write exits 1/0 for changes, 0/0 for clean/refused; stdin 0 accepted, 1 refused.	separator =: check=0, write=0, second=0, check-after=0, stdin=1; actual.json#388.conf; 	refused as designed	shared
389.conf	https://github.com/rust-lang/rustfmt	MIT OR Apache-2.0	Accepted: same values and comment multiplicity, no include loss, fixed point; otherwise refusal leaves bytes intact. File check/write exits 1/0 for changes, 0/0 for clean/refused; stdin 0 accepted, 1 refused.	separator :: check=1, write=0, second=0, check-after=0, stdin=0; actual.json#389.conf; 	ok	shared
389.conf	https://github.com/rust-lang/rustfmt	MIT OR Apache-2.0	Accepted: same values and comment multiplicity, no include loss, fixed point; otherwise refusal leaves bytes intact. File check/write exits 1/0 for changes, 0/0 for clean/refused; stdin 0 accepted, 1 refused.	separator =: check=1, write=0, second=0, check-after=0, stdin=0; actual.json#389.conf; 	ok	shared
390.conf	https://github.com/rust-lang/rustfmt	MIT OR Apache-2.0	Accepted: same values and comment multiplicity, no include loss, fixed point; otherwise refusal leaves bytes intact. File check/write exits 1/0 for changes, 0/0 for clean/refused; stdin 0 accepted, 1 refused.	separator :: check=1, write=0, second=0, check-after=0, stdin=0; actual.json#390.conf; 	ok	shared
390.conf	https://github.com/rust-lang/rustfmt	MIT OR Apache-2.0	Accepted: same values and comment multiplicity, no include loss, fixed point; otherwise refusal leaves bytes intact. File check/write exits 1/0 for changes, 0/0 for clean/refused; stdin 0 accepted, 1 refused.	separator =: check=1, write=0, second=0, check-after=0, stdin=0; actual.json#390.conf; 	ok	shared
391.conf	https://github.com/rust-lang/rustfmt	MIT OR Apache-2.0	Accepted: same values and comment multiplicity, no include loss, fixed point; otherwise refusal leaves bytes intact. File check/write exits 1/0 for changes, 0/0 for clean/refused; stdin 0 accepted, 1 refused.	separator :: check=0, write=0, second=0, check-after=0, stdin=1; actual.json#391.conf; 	refused as designed	sconfig
391.conf	https://github.com/rust-lang/rustfmt	MIT OR Apache-2.0	Accepted: same values and comment multiplicity, no include loss, fixed point; otherwise refusal leaves bytes intact. File check/write exits 1/0 for changes, 0/0 for clean/refused; stdin 0 accepted, 1 refused.	separator =: check=0, write=0, second=0, check-after=0, stdin=1; actual.json#391.conf; 	refused as designed	sconfig
392.conf	https://github.com/rust-lang/rustfmt	MIT OR Apache-2.0	Accepted: same values and comment multiplicity, no include loss, fixed point; otherwise refusal leaves bytes intact. File check/write exits 1/0 for changes, 0/0 for clean/refused; stdin 0 accepted, 1 refused.	separator :: check=0, write=0, second=0, check-after=0, stdin=1; actual.json#392.conf; 	refused as designed	sconfig
392.conf	https://github.com/rust-lang/rustfmt	MIT OR Apache-2.0	Accepted: same values and comment multiplicity, no include loss, fixed point; otherwise refusal leaves bytes intact. File check/write exits 1/0 for changes, 0/0 for clean/refused; stdin 0 accepted, 1 refused.	separator =: check=0, write=0, second=0, check-after=0, stdin=1; actual.json#392.conf; 	refused as designed	sconfig
393.conf	https://github.com/rust-lang/rustfmt	MIT OR Apache-2.0	Accepted: same values and comment multiplicity, no include loss, fixed point; otherwise refusal leaves bytes intact. File check/write exits 1/0 for changes, 0/0 for clean/refused; stdin 0 accepted, 1 refused.	separator :: check=1, write=0, second=0, check-after=0, stdin=0; actual.json#393.conf; 	ok	shared
393.conf	https://github.com/rust-lang/rustfmt	MIT OR Apache-2.0	Accepted: same values and comment multiplicity, no include loss, fixed point; otherwise refusal leaves bytes intact. File check/write exits 1/0 for changes, 0/0 for clean/refused; stdin 0 accepted, 1 refused.	separator =: check=1, write=0, second=0, check-after=0, stdin=0; actual.json#393.conf; 	ok	shared
394.conf	https://github.com/rust-lang/rustfmt	MIT OR Apache-2.0	Accepted: same values and comment multiplicity, no include loss, fixed point; otherwise refusal leaves bytes intact. File check/write exits 1/0 for changes, 0/0 for clean/refused; stdin 0 accepted, 1 refused.	separator :: check=1, write=0, second=0, check-after=0, stdin=0; actual.json#394.conf; 	ok	shared
394.conf	https://github.com/rust-lang/rustfmt	MIT OR Apache-2.0	Accepted: same values and comment multiplicity, no include loss, fixed point; otherwise refusal leaves bytes intact. File check/write exits 1/0 for changes, 0/0 for clean/refused; stdin 0 accepted, 1 refused.	separator =: check=1, write=0, second=0, check-after=0, stdin=0; actual.json#394.conf; 	ok	shared
395.conf	https://github.com/rust-lang/rustfmt	MIT OR Apache-2.0	Accepted: same values and comment multiplicity, no include loss, fixed point; otherwise refusal leaves bytes intact. File check/write exits 1/0 for changes, 0/0 for clean/refused; stdin 0 accepted, 1 refused.	separator :: check=1, write=0, second=0, check-after=0, stdin=0; actual.json#395.conf; 	ok	shared
395.conf	https://github.com/rust-lang/rustfmt	MIT OR Apache-2.0	Accepted: same values and comment multiplicity, no include loss, fixed point; otherwise refusal leaves bytes intact. File check/write exits 1/0 for changes, 0/0 for clean/refused; stdin 0 accepted, 1 refused.	separator =: check=1, write=0, second=0, check-after=0, stdin=0; actual.json#395.conf; 	ok	shared
398.conf	https://github.com/golang/go	BSD-3-Clause	Accepted: same values and comment multiplicity, no include loss, fixed point; otherwise refusal leaves bytes intact. File check/write exits 1/0 for changes, 0/0 for clean/refused; stdin 0 accepted, 1 refused.	separator :: check=0, write=0, second=0, check-after=0, stdin=1; actual.json#398.conf; 	refused as designed	sconfig
398.conf	https://github.com/golang/go	BSD-3-Clause	Accepted: same values and comment multiplicity, no include loss, fixed point; otherwise refusal leaves bytes intact. File check/write exits 1/0 for changes, 0/0 for clean/refused; stdin 0 accepted, 1 refused.	separator =: check=0, write=0, second=0, check-after=0, stdin=1; actual.json#398.conf; 	refused as designed	sconfig
399.conf	https://github.com/golang/go	BSD-3-Clause	Accepted: same values and comment multiplicity, no include loss, fixed point; otherwise refusal leaves bytes intact. File check/write exits 1/0 for changes, 0/0 for clean/refused; stdin 0 accepted, 1 refused.	separator :: check=0, write=0, second=0, check-after=0, stdin=1; actual.json#399.conf; 	refused as designed	sconfig
399.conf	https://github.com/golang/go	BSD-3-Clause	Accepted: same values and comment multiplicity, no include loss, fixed point; otherwise refusal leaves bytes intact. File check/write exits 1/0 for changes, 0/0 for clean/refused; stdin 0 accepted, 1 refused.	separator =: check=0, write=0, second=0, check-after=0, stdin=1; actual.json#399.conf; 	refused as designed	sconfig
401.conf	https://github.com/golang/go	BSD-3-Clause	Accepted: same values and comment multiplicity, no include loss, fixed point; otherwise refusal leaves bytes intact. File check/write exits 1/0 for changes, 0/0 for clean/refused; stdin 0 accepted, 1 refused.	separator :: check=1, write=0, second=0, check-after=0, stdin=0; actual.json#401.conf; 	ok	shared
401.conf	https://github.com/golang/go	BSD-3-Clause	Accepted: same values and comment multiplicity, no include loss, fixed point; otherwise refusal leaves bytes intact. File check/write exits 1/0 for changes, 0/0 for clean/refused; stdin 0 accepted, 1 refused.	separator =: check=1, write=0, second=0, check-after=0, stdin=0; actual.json#401.conf; 	ok	shared
402.conf	https://github.com/golang/go	BSD-3-Clause	Accepted: same values and comment multiplicity, no include loss, fixed point; otherwise refusal leaves bytes intact. File check/write exits 1/0 for changes, 0/0 for clean/refused; stdin 0 accepted, 1 refused.	separator :: check=1, write=0, second=0, check-after=0, stdin=0; actual.json#402.conf; 	ok	shared
402.conf	https://github.com/golang/go	BSD-3-Clause	Accepted: same values and comment multiplicity, no include loss, fixed point; otherwise refusal leaves bytes intact. File check/write exits 1/0 for changes, 0/0 for clean/refused; stdin 0 accepted, 1 refused.	separator =: check=1, write=0, second=0, check-after=0, stdin=0; actual.json#402.conf; 	ok	shared
403.conf	https://github.com/golang/go	BSD-3-Clause	Accepted: same values and comment multiplicity, no include loss, fixed point; otherwise refusal leaves bytes intact. File check/write exits 1/0 for changes, 0/0 for clean/refused; stdin 0 accepted, 1 refused.	separator :: check=1, write=0, second=0, check-after=0, stdin=0; actual.json#403.conf; 	ok	shared
403.conf	https://github.com/golang/go	BSD-3-Clause	Accepted: same values and comment multiplicity, no include loss, fixed point; otherwise refusal leaves bytes intact. File check/write exits 1/0 for changes, 0/0 for clean/refused; stdin 0 accepted, 1 refused.	separator =: check=1, write=0, second=0, check-after=0, stdin=0; actual.json#403.conf; 	ok	shared
404.conf	https://github.com/golang/go	BSD-3-Clause	Accepted: same values and comment multiplicity, no include loss, fixed point; otherwise refusal leaves bytes intact. File check/write exits 1/0 for changes, 0/0 for clean/refused; stdin 0 accepted, 1 refused.	separator :: check=1, write=0, second=0, check-after=0, stdin=0; actual.json#404.conf; 	ok	shared
404.conf	https://github.com/golang/go	BSD-3-Clause	Accepted: same values and comment multiplicity, no include loss, fixed point; otherwise refusal leaves bytes intact. File check/write exits 1/0 for changes, 0/0 for clean/refused; stdin 0 accepted, 1 refused.	separator =: check=1, write=0, second=0, check-after=0, stdin=0; actual.json#404.conf; 	ok	shared
405.conf	https://github.com/golang/go	BSD-3-Clause	Accepted: same values and comment multiplicity, no include loss, fixed point; otherwise refusal leaves bytes intact. File check/write exits 1/0 for changes, 0/0 for clean/refused; stdin 0 accepted, 1 refused.	separator :: check=1, write=0, second=0, check-after=0, stdin=0; actual.json#405.conf; 	ok	shared
405.conf	https://github.com/golang/go	BSD-3-Clause	Accepted: same values and comment multiplicity, no include loss, fixed point; otherwise refusal leaves bytes intact. File check/write exits 1/0 for changes, 0/0 for clean/refused; stdin 0 accepted, 1 refused.	separator =: check=1, write=0, second=0, check-after=0, stdin=0; actual.json#405.conf; 	ok	shared
406.conf	https://github.com/golang/go	BSD-3-Clause	Accepted: same values and comment multiplicity, no include loss, fixed point; otherwise refusal leaves bytes intact. File check/write exits 1/0 for changes, 0/0 for clean/refused; stdin 0 accepted, 1 refused.	separator :: check=1, write=0, second=0, check-after=0, stdin=0; actual.json#406.conf; 	ok	shared
406.conf	https://github.com/golang/go	BSD-3-Clause	Accepted: same values and comment multiplicity, no include loss, fixed point; otherwise refusal leaves bytes intact. File check/write exits 1/0 for changes, 0/0 for clean/refused; stdin 0 accepted, 1 refused.	separator =: check=1, write=0, second=0, check-after=0, stdin=0; actual.json#406.conf; 	ok	shared
409.conf	https://github.com/scalameta/scalafmt	Apache-2.0	Accepted: same values and comment multiplicity, no include loss, fixed point; otherwise refusal leaves bytes intact. File check/write exits 1/0 for changes, 0/0 for clean/refused; stdin 0 accepted, 1 refused.	separator :: check=0, write=0, second=0, check-after=0, stdin=1; actual.json#409.conf; 	refused as designed	sconfig
409.conf	https://github.com/scalameta/scalafmt	Apache-2.0	Accepted: same values and comment multiplicity, no include loss, fixed point; otherwise refusal leaves bytes intact. File check/write exits 1/0 for changes, 0/0 for clean/refused; stdin 0 accepted, 1 refused.	separator =: check=0, write=0, second=0, check-after=0, stdin=1; actual.json#409.conf; 	refused as designed	sconfig
410.conf	https://github.com/scalameta/scalafmt	Apache-2.0	Accepted: same values and comment multiplicity, no include loss, fixed point; otherwise refusal leaves bytes intact. File check/write exits 1/0 for changes, 0/0 for clean/refused; stdin 0 accepted, 1 refused.	separator :: check=1, write=0, second=0, check-after=0, stdin=0; actual.json#410.conf; 	ok	shared
410.conf	https://github.com/scalameta/scalafmt	Apache-2.0	Accepted: same values and comment multiplicity, no include loss, fixed point; otherwise refusal leaves bytes intact. File check/write exits 1/0 for changes, 0/0 for clean/refused; stdin 0 accepted, 1 refused.	separator =: check=1, write=0, second=0, check-after=0, stdin=0; actual.json#410.conf; 	ok	shared
411.conf	https://github.com/scalameta/scalafmt	Apache-2.0	Accepted: same values and comment multiplicity, no include loss, fixed point; otherwise refusal leaves bytes intact. File check/write exits 1/0 for changes, 0/0 for clean/refused; stdin 0 accepted, 1 refused.	separator :: check=0, write=0, second=0, check-after=0, stdin=1; actual.json#411.conf; 	refused as designed	sconfig
411.conf	https://github.com/scalameta/scalafmt	Apache-2.0	Accepted: same values and comment multiplicity, no include loss, fixed point; otherwise refusal leaves bytes intact. File check/write exits 1/0 for changes, 0/0 for clean/refused; stdin 0 accepted, 1 refused.	separator =: check=0, write=0, second=0, check-after=0, stdin=1; actual.json#411.conf; 	refused as designed	sconfig
412.conf	https://github.com/scalameta/scalafmt	Apache-2.0	Accepted: same values and comment multiplicity, no include loss, fixed point; otherwise refusal leaves bytes intact. File check/write exits 1/0 for changes, 0/0 for clean/refused; stdin 0 accepted, 1 refused.	separator :: check=1, write=0, second=0, check-after=0, stdin=0; actual.json#412.conf; 	ok	shared
412.conf	https://github.com/scalameta/scalafmt	Apache-2.0	Accepted: same values and comment multiplicity, no include loss, fixed point; otherwise refusal leaves bytes intact. File check/write exits 1/0 for changes, 0/0 for clean/refused; stdin 0 accepted, 1 refused.	separator =: check=1, write=0, second=0, check-after=0, stdin=0; actual.json#412.conf; 	ok	shared
414.conf	https://github.com/scalameta/scalafmt	Apache-2.0	Accepted: same values and comment multiplicity, no include loss, fixed point; otherwise refusal leaves bytes intact. File check/write exits 1/0 for changes, 0/0 for clean/refused; stdin 0 accepted, 1 refused.	separator :: check=0, write=0, second=0, check-after=0, stdin=1; actual.json#414.conf; 	refused as designed	sconfig
414.conf	https://github.com/scalameta/scalafmt	Apache-2.0	Accepted: same values and comment multiplicity, no include loss, fixed point; otherwise refusal leaves bytes intact. File check/write exits 1/0 for changes, 0/0 for clean/refused; stdin 0 accepted, 1 refused.	separator =: check=0, write=0, second=0, check-after=0, stdin=1; actual.json#414.conf; 	refused as designed	sconfig
415.conf	https://github.com/scalameta/scalafmt	Apache-2.0	Accepted: same values and comment multiplicity, no include loss, fixed point; otherwise refusal leaves bytes intact. File check/write exits 1/0 for changes, 0/0 for clean/refused; stdin 0 accepted, 1 refused.	separator :: check=1, write=0, second=0, check-after=0, stdin=0; actual.json#415.conf; 	ok	shared
415.conf	https://github.com/scalameta/scalafmt	Apache-2.0	Accepted: same values and comment multiplicity, no include loss, fixed point; otherwise refusal leaves bytes intact. File check/write exits 1/0 for changes, 0/0 for clean/refused; stdin 0 accepted, 1 refused.	separator =: check=1, write=0, second=0, check-after=0, stdin=0; actual.json#415.conf; 	ok	shared
417.conf	https://github.com/scalameta/scalafmt	Apache-2.0	Accepted: same values and comment multiplicity, no include loss, fixed point; otherwise refusal leaves bytes intact. File check/write exits 1/0 for changes, 0/0 for clean/refused; stdin 0 accepted, 1 refused.	separator :: check=1, write=0, second=0, check-after=0, stdin=0; actual.json#417.conf; 	ok	shared
417.conf	https://github.com/scalameta/scalafmt	Apache-2.0	Accepted: same values and comment multiplicity, no include loss, fixed point; otherwise refusal leaves bytes intact. File check/write exits 1/0 for changes, 0/0 for clean/refused; stdin 0 accepted, 1 refused.	separator =: check=1, write=0, second=0, check-after=0, stdin=0; actual.json#417.conf; 	ok	shared
419.conf	https://github.com/astral-sh/ruff	MIT	Accepted: same values and comment multiplicity, no include loss, fixed point; otherwise refusal leaves bytes intact. File check/write exits 1/0 for changes, 0/0 for clean/refused; stdin 0 accepted, 1 refused.	separator :: check=1, write=0, second=0, check-after=0, stdin=0; actual.json#419.conf; 	ok	shared
419.conf	https://github.com/astral-sh/ruff	MIT	Accepted: same values and comment multiplicity, no include loss, fixed point; otherwise refusal leaves bytes intact. File check/write exits 1/0 for changes, 0/0 for clean/refused; stdin 0 accepted, 1 refused.	separator =: check=1, write=0, second=0, check-after=0, stdin=0; actual.json#419.conf; 	ok	shared
420.conf	https://github.com/astral-sh/ruff	MIT	Accepted: same values and comment multiplicity, no include loss, fixed point; otherwise refusal leaves bytes intact. File check/write exits 1/0 for changes, 0/0 for clean/refused; stdin 0 accepted, 1 refused.	separator :: check=1, write=0, second=0, check-after=0, stdin=0; actual.json#420.conf; 	ok	shared
420.conf	https://github.com/astral-sh/ruff	MIT	Accepted: same values and comment multiplicity, no include loss, fixed point; otherwise refusal leaves bytes intact. File check/write exits 1/0 for changes, 0/0 for clean/refused; stdin 0 accepted, 1 refused.	separator =: check=1, write=0, second=0, check-after=0, stdin=0; actual.json#420.conf; 	ok	shared
421.conf	https://github.com/astral-sh/ruff	MIT	Accepted: same values and comment multiplicity, no include loss, fixed point; otherwise refusal leaves bytes intact. File check/write exits 1/0 for changes, 0/0 for clean/refused; stdin 0 accepted, 1 refused.	separator :: check=0, write=0, second=0, check-after=0, stdin=1; actual.json#421.conf; 	refused as designed	shared
421.conf	https://github.com/astral-sh/ruff	MIT	Accepted: same values and comment multiplicity, no include loss, fixed point; otherwise refusal leaves bytes intact. File check/write exits 1/0 for changes, 0/0 for clean/refused; stdin 0 accepted, 1 refused.	separator =: check=0, write=0, second=0, check-after=0, stdin=1; actual.json#421.conf; 	refused as designed	shared
422.conf	https://github.com/astral-sh/ruff	MIT	Accepted: same values and comment multiplicity, no include loss, fixed point; otherwise refusal leaves bytes intact. File check/write exits 1/0 for changes, 0/0 for clean/refused; stdin 0 accepted, 1 refused.	separator :: check=0, write=0, second=0, check-after=0, stdin=1; actual.json#422.conf; 	refused as designed	sconfig
422.conf	https://github.com/astral-sh/ruff	MIT	Accepted: same values and comment multiplicity, no include loss, fixed point; otherwise refusal leaves bytes intact. File check/write exits 1/0 for changes, 0/0 for clean/refused; stdin 0 accepted, 1 refused.	separator =: check=0, write=0, second=0, check-after=0, stdin=1; actual.json#422.conf; 	refused as designed	sconfig
424.conf	https://github.com/astral-sh/ruff	MIT	Accepted: same values and comment multiplicity, no include loss, fixed point; otherwise refusal leaves bytes intact. File check/write exits 1/0 for changes, 0/0 for clean/refused; stdin 0 accepted, 1 refused.	separator :: check=1, write=0, second=0, check-after=0, stdin=0; actual.json#424.conf; 	ok	shared
424.conf	https://github.com/astral-sh/ruff	MIT	Accepted: same values and comment multiplicity, no include loss, fixed point; otherwise refusal leaves bytes intact. File check/write exits 1/0 for changes, 0/0 for clean/refused; stdin 0 accepted, 1 refused.	separator =: check=1, write=0, second=0, check-after=0, stdin=0; actual.json#424.conf; 	ok	shared
425.conf	https://github.com/astral-sh/ruff	MIT	Accepted: same values and comment multiplicity, no include loss, fixed point; otherwise refusal leaves bytes intact. File check/write exits 1/0 for changes, 0/0 for clean/refused; stdin 0 accepted, 1 refused.	separator :: check=0, write=0, second=0, check-after=0, stdin=1; actual.json#425.conf; 	refused as designed	sconfig
425.conf	https://github.com/astral-sh/ruff	MIT	Accepted: same values and comment multiplicity, no include loss, fixed point; otherwise refusal leaves bytes intact. File check/write exits 1/0 for changes, 0/0 for clean/refused; stdin 0 accepted, 1 refused.	separator =: check=0, write=0, second=0, check-after=0, stdin=1; actual.json#425.conf; 	refused as designed	sconfig
426.conf	https://github.com/astral-sh/ruff	MIT	Accepted: same values and comment multiplicity, no include loss, fixed point; otherwise refusal leaves bytes intact. File check/write exits 1/0 for changes, 0/0 for clean/refused; stdin 0 accepted, 1 refused.	separator :: check=0, write=0, second=0, check-after=0, stdin=1; actual.json#426.conf; 	refused as designed	sconfig
426.conf	https://github.com/astral-sh/ruff	MIT	Accepted: same values and comment multiplicity, no include loss, fixed point; otherwise refusal leaves bytes intact. File check/write exits 1/0 for changes, 0/0 for clean/refused; stdin 0 accepted, 1 refused.	separator =: check=0, write=0, second=0, check-after=0, stdin=1; actual.json#426.conf; 	refused as designed	sconfig
427.conf	https://github.com/astral-sh/ruff	MIT	Accepted: same values and comment multiplicity, no include loss, fixed point; otherwise refusal leaves bytes intact. File check/write exits 1/0 for changes, 0/0 for clean/refused; stdin 0 accepted, 1 refused.	separator :: check=1, write=0, second=0, check-after=0, stdin=0; actual.json#427.conf; 	ok	shared
427.conf	https://github.com/astral-sh/ruff	MIT	Accepted: same values and comment multiplicity, no include loss, fixed point; otherwise refusal leaves bytes intact. File check/write exits 1/0 for changes, 0/0 for clean/refused; stdin 0 accepted, 1 refused.	separator =: check=1, write=0, second=0, check-after=0, stdin=0; actual.json#427.conf; 	ok	shared
429.conf	https://github.com/astral-sh/ruff	MIT	Accepted: same values and comment multiplicity, no include loss, fixed point; otherwise refusal leaves bytes intact. File check/write exits 1/0 for changes, 0/0 for clean/refused; stdin 0 accepted, 1 refused.	separator :: check=1, write=0, second=0, check-after=0, stdin=0; actual.json#429.conf; 	ok	shared
429.conf	https://github.com/astral-sh/ruff	MIT	Accepted: same values and comment multiplicity, no include loss, fixed point; otherwise refusal leaves bytes intact. File check/write exits 1/0 for changes, 0/0 for clean/refused; stdin 0 accepted, 1 refused.	separator =: check=1, write=0, second=0, check-after=0, stdin=0; actual.json#429.conf; 	ok	shared
430.conf	https://github.com/lightbend/config	Apache-2.0	Accepted: same values and comment multiplicity, no include loss, fixed point; otherwise refusal leaves bytes intact. File check/write exits 1/0 for changes, 0/0 for clean/refused; stdin 0 accepted, 1 refused.	separator :: check=0, write=0, second=0, check-after=0, stdin=1; actual.json#430.conf; 	refused as designed	sconfig
430.conf	https://github.com/lightbend/config	Apache-2.0	Accepted: same values and comment multiplicity, no include loss, fixed point; otherwise refusal leaves bytes intact. File check/write exits 1/0 for changes, 0/0 for clean/refused; stdin 0 accepted, 1 refused.	separator =: check=0, write=0, second=0, check-after=0, stdin=1; actual.json#430.conf; 	refused as designed	sconfig
431.conf	https://github.com/lightbend/config	Apache-2.0	Accepted: same values and comment multiplicity, no include loss, fixed point; otherwise refusal leaves bytes intact. File check/write exits 1/0 for changes, 0/0 for clean/refused; stdin 0 accepted, 1 refused.	separator :: check=0, write=0, second=0, check-after=0, stdin=1; actual.json#431.conf; 	refused as designed	sconfig
431.conf	https://github.com/lightbend/config	Apache-2.0	Accepted: same values and comment multiplicity, no include loss, fixed point; otherwise refusal leaves bytes intact. File check/write exits 1/0 for changes, 0/0 for clean/refused; stdin 0 accepted, 1 refused.	separator =: check=0, write=0, second=0, check-after=0, stdin=1; actual.json#431.conf; 	refused as designed	sconfig
432.conf	https://github.com/lightbend/config	Apache-2.0	Accepted: same values and comment multiplicity, no include loss, fixed point; otherwise refusal leaves bytes intact. File check/write exits 1/0 for changes, 0/0 for clean/refused; stdin 0 accepted, 1 refused.	separator :: check=0, write=0, second=0, check-after=0, stdin=1; actual.json#432.conf; 	refused as designed	sconfig
432.conf	https://github.com/lightbend/config	Apache-2.0	Accepted: same values and comment multiplicity, no include loss, fixed point; otherwise refusal leaves bytes intact. File check/write exits 1/0 for changes, 0/0 for clean/refused; stdin 0 accepted, 1 refused.	separator =: check=0, write=0, second=0, check-after=0, stdin=1; actual.json#432.conf; 	refused as designed	sconfig
433.conf	https://github.com/lightbend/config	Apache-2.0	Accepted: same values and comment multiplicity, no include loss, fixed point; otherwise refusal leaves bytes intact. File check/write exits 1/0 for changes, 0/0 for clean/refused; stdin 0 accepted, 1 refused.	separator :: check=0, write=0, second=0, check-after=0, stdin=1; actual.json#433.conf; 	refused as designed	sconfig
433.conf	https://github.com/lightbend/config	Apache-2.0	Accepted: same values and comment multiplicity, no include loss, fixed point; otherwise refusal leaves bytes intact. File check/write exits 1/0 for changes, 0/0 for clean/refused; stdin 0 accepted, 1 refused.	separator =: check=0, write=0, second=0, check-after=0, stdin=1; actual.json#433.conf; 	refused as designed	sconfig
434.conf	https://github.com/lightbend/config	Apache-2.0	Accepted: same values and comment multiplicity, no include loss, fixed point; otherwise refusal leaves bytes intact. File check/write exits 1/0 for changes, 0/0 for clean/refused; stdin 0 accepted, 1 refused.	separator :: check=1, write=0, second=0, check-after=0, stdin=0; actual.json#434.conf; 	ok	shared
434.conf	https://github.com/lightbend/config	Apache-2.0	Accepted: same values and comment multiplicity, no include loss, fixed point; otherwise refusal leaves bytes intact. File check/write exits 1/0 for changes, 0/0 for clean/refused; stdin 0 accepted, 1 refused.	separator =: check=1, write=0, second=0, check-after=0, stdin=0; actual.json#434.conf; 	ok	shared
435.conf	https://github.com/lightbend/config	Apache-2.0	Accepted: same values and comment multiplicity, no include loss, fixed point; otherwise refusal leaves bytes intact. File check/write exits 1/0 for changes, 0/0 for clean/refused; stdin 0 accepted, 1 refused.	separator :: check=1, write=0, second=0, check-after=0, stdin=0; actual.json#435.conf; 	ok	shared
435.conf	https://github.com/lightbend/config	Apache-2.0	Accepted: same values and comment multiplicity, no include loss, fixed point; otherwise refusal leaves bytes intact. File check/write exits 1/0 for changes, 0/0 for clean/refused; stdin 0 accepted, 1 refused.	separator =: check=1, write=0, second=0, check-after=0, stdin=0; actual.json#435.conf; 	ok	shared
436.conf	https://github.com/lightbend/config	Apache-2.0	Accepted: same values and comment multiplicity, no include loss, fixed point; otherwise refusal leaves bytes intact. File check/write exits 1/0 for changes, 0/0 for clean/refused; stdin 0 accepted, 1 refused.	separator :: check=1, write=0, second=0, check-after=0, stdin=0; actual.json#436.conf; 	ok	shared
436.conf	https://github.com/lightbend/config	Apache-2.0	Accepted: same values and comment multiplicity, no include loss, fixed point; otherwise refusal leaves bytes intact. File check/write exits 1/0 for changes, 0/0 for clean/refused; stdin 0 accepted, 1 refused.	separator =: check=1, write=0, second=0, check-after=0, stdin=0; actual.json#436.conf; 	ok	shared
437.conf	https://github.com/lightbend/config	Apache-2.0	Accepted: same values and comment multiplicity, no include loss, fixed point; otherwise refusal leaves bytes intact. File check/write exits 1/0 for changes, 0/0 for clean/refused; stdin 0 accepted, 1 refused.	separator :: check=0, write=0, second=0, check-after=0, stdin=1; actual.json#437.conf; 	refused as designed	shared
437.conf	https://github.com/lightbend/config	Apache-2.0	Accepted: same values and comment multiplicity, no include loss, fixed point; otherwise refusal leaves bytes intact. File check/write exits 1/0 for changes, 0/0 for clean/refused; stdin 0 accepted, 1 refused.	separator =: check=0, write=0, second=0, check-after=0, stdin=1; actual.json#437.conf; 	refused as designed	shared
438.conf	https://github.com/lightbend/config	Apache-2.0	Accepted: same values and comment multiplicity, no include loss, fixed point; otherwise refusal leaves bytes intact. File check/write exits 1/0 for changes, 0/0 for clean/refused; stdin 0 accepted, 1 refused.	separator :: check=1, write=0, second=0, check-after=0, stdin=0; actual.json#438.conf; meaning changed	BUG	shared
438.conf	https://github.com/lightbend/config	Apache-2.0	Accepted: same values and comment multiplicity, no include loss, fixed point; otherwise refusal leaves bytes intact. File check/write exits 1/0 for changes, 0/0 for clean/refused; stdin 0 accepted, 1 refused.	separator =: check=1, write=0, second=0, check-after=0, stdin=0; actual.json#438.conf; meaning changed	BUG	shared
439.conf	https://github.com/lightbend/config	Apache-2.0	Accepted: same values and comment multiplicity, no include loss, fixed point; otherwise refusal leaves bytes intact. File check/write exits 1/0 for changes, 0/0 for clean/refused; stdin 0 accepted, 1 refused.	separator :: check=1, write=0, second=0, check-after=0, stdin=0; actual.json#439.conf; 	ok	shared
439.conf	https://github.com/lightbend/config	Apache-2.0	Accepted: same values and comment multiplicity, no include loss, fixed point; otherwise refusal leaves bytes intact. File check/write exits 1/0 for changes, 0/0 for clean/refused; stdin 0 accepted, 1 refused.	separator =: check=1, write=0, second=0, check-after=0, stdin=0; actual.json#439.conf; 	ok	shared
440.conf	https://github.com/lightbend/config	Apache-2.0	Accepted: same values and comment multiplicity, no include loss, fixed point; otherwise refusal leaves bytes intact. File check/write exits 1/0 for changes, 0/0 for clean/refused; stdin 0 accepted, 1 refused.	separator :: check=1, write=0, second=0, check-after=0, stdin=0; actual.json#440.conf; 	ok	shared
440.conf	https://github.com/lightbend/config	Apache-2.0	Accepted: same values and comment multiplicity, no include loss, fixed point; otherwise refusal leaves bytes intact. File check/write exits 1/0 for changes, 0/0 for clean/refused; stdin 0 accepted, 1 refused.	separator =: check=1, write=0, second=0, check-after=0, stdin=0; actual.json#440.conf; 	ok	shared
441.conf	https://github.com/lightbend/config	Apache-2.0	Accepted: same values and comment multiplicity, no include loss, fixed point; otherwise refusal leaves bytes intact. File check/write exits 1/0 for changes, 0/0 for clean/refused; stdin 0 accepted, 1 refused.	separator :: check=0, write=0, second=0, check-after=0, stdin=1; actual.json#441.conf; 	refused as designed	shared
441.conf	https://github.com/lightbend/config	Apache-2.0	Accepted: same values and comment multiplicity, no include loss, fixed point; otherwise refusal leaves bytes intact. File check/write exits 1/0 for changes, 0/0 for clean/refused; stdin 0 accepted, 1 refused.	separator =: check=0, write=0, second=0, check-after=0, stdin=1; actual.json#441.conf; 	refused as designed	shared
442.conf	https://github.com/lightbend/config	Apache-2.0	Accepted: same values and comment multiplicity, no include loss, fixed point; otherwise refusal leaves bytes intact. File check/write exits 1/0 for changes, 0/0 for clean/refused; stdin 0 accepted, 1 refused.	separator :: check=1, write=0, second=0, check-after=0, stdin=0; actual.json#442.conf; 	ok	shared
442.conf	https://github.com/lightbend/config	Apache-2.0	Accepted: same values and comment multiplicity, no include loss, fixed point; otherwise refusal leaves bytes intact. File check/write exits 1/0 for changes, 0/0 for clean/refused; stdin 0 accepted, 1 refused.	separator =: check=1, write=0, second=0, check-after=0, stdin=0; actual.json#442.conf; 	ok	shared
444.conf	https://github.com/lightbend/config	Apache-2.0	Accepted: same values and comment multiplicity, no include loss, fixed point; otherwise refusal leaves bytes intact. File check/write exits 1/0 for changes, 0/0 for clean/refused; stdin 0 accepted, 1 refused.	separator :: check=1, write=0, second=0, check-after=0, stdin=0; actual.json#444.conf; 	ok	shared
444.conf	https://github.com/lightbend/config	Apache-2.0	Accepted: same values and comment multiplicity, no include loss, fixed point; otherwise refusal leaves bytes intact. File check/write exits 1/0 for changes, 0/0 for clean/refused; stdin 0 accepted, 1 refused.	separator =: check=1, write=0, second=0, check-after=0, stdin=0; actual.json#444.conf; 	ok	shared
445.conf	https://github.com/lightbend/config	Apache-2.0	Accepted: same values and comment multiplicity, no include loss, fixed point; otherwise refusal leaves bytes intact. File check/write exits 1/0 for changes, 0/0 for clean/refused; stdin 0 accepted, 1 refused.	separator :: check=1, write=0, second=0, check-after=0, stdin=0; actual.json#445.conf; 	ok	shared
445.conf	https://github.com/lightbend/config	Apache-2.0	Accepted: same values and comment multiplicity, no include loss, fixed point; otherwise refusal leaves bytes intact. File check/write exits 1/0 for changes, 0/0 for clean/refused; stdin 0 accepted, 1 refused.	separator =: check=1, write=0, second=0, check-after=0, stdin=0; actual.json#445.conf; 	ok	shared
447.conf	https://github.com/lightbend/config	Apache-2.0	Accepted: same values and comment multiplicity, no include loss, fixed point; otherwise refusal leaves bytes intact. File check/write exits 1/0 for changes, 0/0 for clean/refused; stdin 0 accepted, 1 refused.	separator :: check=1, write=0, second=0, check-after=0, stdin=0; actual.json#447.conf; 	ok	shared
447.conf	https://github.com/lightbend/config	Apache-2.0	Accepted: same values and comment multiplicity, no include loss, fixed point; otherwise refusal leaves bytes intact. File check/write exits 1/0 for changes, 0/0 for clean/refused; stdin 0 accepted, 1 refused.	separator =: check=1, write=0, second=0, check-after=0, stdin=0; actual.json#447.conf; 	ok	shared
448.conf	https://github.com/lightbend/config	Apache-2.0	Accepted: same values and comment multiplicity, no include loss, fixed point; otherwise refusal leaves bytes intact. File check/write exits 1/0 for changes, 0/0 for clean/refused; stdin 0 accepted, 1 refused.	separator :: check=0, write=0, second=0, check-after=0, stdin=1; actual.json#448.conf; 	refused as designed	sconfig
448.conf	https://github.com/lightbend/config	Apache-2.0	Accepted: same values and comment multiplicity, no include loss, fixed point; otherwise refusal leaves bytes intact. File check/write exits 1/0 for changes, 0/0 for clean/refused; stdin 0 accepted, 1 refused.	separator =: check=0, write=0, second=0, check-after=0, stdin=1; actual.json#448.conf; 	refused as designed	sconfig
449.conf	https://github.com/lightbend/config	Apache-2.0	Accepted: same values and comment multiplicity, no include loss, fixed point; otherwise refusal leaves bytes intact. File check/write exits 1/0 for changes, 0/0 for clean/refused; stdin 0 accepted, 1 refused.	separator :: check=0, write=0, second=0, check-after=0, stdin=1; actual.json#449.conf; 	refused as designed	sconfig
449.conf	https://github.com/lightbend/config	Apache-2.0	Accepted: same values and comment multiplicity, no include loss, fixed point; otherwise refusal leaves bytes intact. File check/write exits 1/0 for changes, 0/0 for clean/refused; stdin 0 accepted, 1 refused.	separator =: check=0, write=0, second=0, check-after=0, stdin=1; actual.json#449.conf; 	refused as designed	sconfig
450.conf	https://github.com/lightbend/config	Apache-2.0	Accepted: same values and comment multiplicity, no include loss, fixed point; otherwise refusal leaves bytes intact. File check/write exits 1/0 for changes, 0/0 for clean/refused; stdin 0 accepted, 1 refused.	separator :: check=1, write=0, second=0, check-after=0, stdin=0; actual.json#450.conf; 	ok	shared
450.conf	https://github.com/lightbend/config	Apache-2.0	Accepted: same values and comment multiplicity, no include loss, fixed point; otherwise refusal leaves bytes intact. File check/write exits 1/0 for changes, 0/0 for clean/refused; stdin 0 accepted, 1 refused.	separator =: check=1, write=0, second=0, check-after=0, stdin=0; actual.json#450.conf; 	ok	shared
451.conf	https://github.com/lightbend/config	Apache-2.0	Accepted: same values and comment multiplicity, no include loss, fixed point; otherwise refusal leaves bytes intact. File check/write exits 1/0 for changes, 0/0 for clean/refused; stdin 0 accepted, 1 refused.	separator :: check=1, write=0, second=0, check-after=0, stdin=0; actual.json#451.conf; 	ok	shared
451.conf	https://github.com/lightbend/config	Apache-2.0	Accepted: same values and comment multiplicity, no include loss, fixed point; otherwise refusal leaves bytes intact. File check/write exits 1/0 for changes, 0/0 for clean/refused; stdin 0 accepted, 1 refused.	separator =: check=1, write=0, second=0, check-after=0, stdin=0; actual.json#451.conf; 	ok	shared
452.conf	https://github.com/lightbend/config	Apache-2.0	Accepted: same values and comment multiplicity, no include loss, fixed point; otherwise refusal leaves bytes intact. File check/write exits 1/0 for changes, 0/0 for clean/refused; stdin 0 accepted, 1 refused.	separator :: check=0, write=0, second=0, check-after=0, stdin=1; actual.json#452.conf; 	refused as designed	sconfig
452.conf	https://github.com/lightbend/config	Apache-2.0	Accepted: same values and comment multiplicity, no include loss, fixed point; otherwise refusal leaves bytes intact. File check/write exits 1/0 for changes, 0/0 for clean/refused; stdin 0 accepted, 1 refused.	separator =: check=0, write=0, second=0, check-after=0, stdin=1; actual.json#452.conf; 	refused as designed	sconfig
453.conf	https://github.com/lightbend/config	Apache-2.0	Accepted: same values and comment multiplicity, no include loss, fixed point; otherwise refusal leaves bytes intact. File check/write exits 1/0 for changes, 0/0 for clean/refused; stdin 0 accepted, 1 refused.	separator :: check=0, write=0, second=0, check-after=0, stdin=1; actual.json#453.conf; 	refused as designed	ours
453.conf	https://github.com/lightbend/config	Apache-2.0	Accepted: same values and comment multiplicity, no include loss, fixed point; otherwise refusal leaves bytes intact. File check/write exits 1/0 for changes, 0/0 for clean/refused; stdin 0 accepted, 1 refused.	separator =: check=0, write=0, second=0, check-after=0, stdin=1; actual.json#453.conf; 	refused as designed	ours
454.conf	https://github.com/lightbend/config	Apache-2.0	Accepted: same values and comment multiplicity, no include loss, fixed point; otherwise refusal leaves bytes intact. File check/write exits 1/0 for changes, 0/0 for clean/refused; stdin 0 accepted, 1 refused.	separator :: check=1, write=0, second=0, check-after=0, stdin=0; actual.json#454.conf; 	ok	shared
454.conf	https://github.com/lightbend/config	Apache-2.0	Accepted: same values and comment multiplicity, no include loss, fixed point; otherwise refusal leaves bytes intact. File check/write exits 1/0 for changes, 0/0 for clean/refused; stdin 0 accepted, 1 refused.	separator =: check=1, write=0, second=0, check-after=0, stdin=0; actual.json#454.conf; 	ok	shared
455.conf	https://github.com/lightbend/config	Apache-2.0	Accepted: same values and comment multiplicity, no include loss, fixed point; otherwise refusal leaves bytes intact. File check/write exits 1/0 for changes, 0/0 for clean/refused; stdin 0 accepted, 1 refused.	separator :: check=1, write=0, second=0, check-after=0, stdin=0; actual.json#455.conf; 	ok	shared
455.conf	https://github.com/lightbend/config	Apache-2.0	Accepted: same values and comment multiplicity, no include loss, fixed point; otherwise refusal leaves bytes intact. File check/write exits 1/0 for changes, 0/0 for clean/refused; stdin 0 accepted, 1 refused.	separator =: check=1, write=0, second=0, check-after=0, stdin=0; actual.json#455.conf; 	ok	shared
456.conf	https://github.com/lightbend/config	Apache-2.0	Accepted: same values and comment multiplicity, no include loss, fixed point; otherwise refusal leaves bytes intact. File check/write exits 1/0 for changes, 0/0 for clean/refused; stdin 0 accepted, 1 refused.	separator :: check=0, write=0, second=0, check-after=0, stdin=1; actual.json#456.conf; 	refused as designed	ours
456.conf	https://github.com/lightbend/config	Apache-2.0	Accepted: same values and comment multiplicity, no include loss, fixed point; otherwise refusal leaves bytes intact. File check/write exits 1/0 for changes, 0/0 for clean/refused; stdin 0 accepted, 1 refused.	separator =: check=0, write=0, second=0, check-after=0, stdin=1; actual.json#456.conf; 	refused as designed	ours
457.conf	https://github.com/lightbend/config	Apache-2.0	Accepted: same values and comment multiplicity, no include loss, fixed point; otherwise refusal leaves bytes intact. File check/write exits 1/0 for changes, 0/0 for clean/refused; stdin 0 accepted, 1 refused.	separator :: check=0, write=0, second=0, check-after=0, stdin=1; actual.json#457.conf; 	refused as designed	shared
457.conf	https://github.com/lightbend/config	Apache-2.0	Accepted: same values and comment multiplicity, no include loss, fixed point; otherwise refusal leaves bytes intact. File check/write exits 1/0 for changes, 0/0 for clean/refused; stdin 0 accepted, 1 refused.	separator =: check=0, write=0, second=0, check-after=0, stdin=1; actual.json#457.conf; 	refused as designed	shared
458.conf	https://github.com/lightbend/config	Apache-2.0	Accepted: same values and comment multiplicity, no include loss, fixed point; otherwise refusal leaves bytes intact. File check/write exits 1/0 for changes, 0/0 for clean/refused; stdin 0 accepted, 1 refused.	separator :: check=0, write=0, second=0, check-after=0, stdin=1; actual.json#458.conf; 	refused as designed	sconfig
458.conf	https://github.com/lightbend/config	Apache-2.0	Accepted: same values and comment multiplicity, no include loss, fixed point; otherwise refusal leaves bytes intact. File check/write exits 1/0 for changes, 0/0 for clean/refused; stdin 0 accepted, 1 refused.	separator =: check=0, write=0, second=0, check-after=0, stdin=1; actual.json#458.conf; 	refused as designed	sconfig
459.conf	https://github.com/lightbend/config	Apache-2.0	Accepted: same values and comment multiplicity, no include loss, fixed point; otherwise refusal leaves bytes intact. File check/write exits 1/0 for changes, 0/0 for clean/refused; stdin 0 accepted, 1 refused.	separator :: check=0, write=0, second=0, check-after=0, stdin=1; actual.json#459.conf; 	refused as designed	sconfig
459.conf	https://github.com/lightbend/config	Apache-2.0	Accepted: same values and comment multiplicity, no include loss, fixed point; otherwise refusal leaves bytes intact. File check/write exits 1/0 for changes, 0/0 for clean/refused; stdin 0 accepted, 1 refused.	separator =: check=0, write=0, second=0, check-after=0, stdin=1; actual.json#459.conf; 	refused as designed	sconfig
460.conf	https://github.com/lightbend/config	Apache-2.0	Accepted: same values and comment multiplicity, no include loss, fixed point; otherwise refusal leaves bytes intact. File check/write exits 1/0 for changes, 0/0 for clean/refused; stdin 0 accepted, 1 refused.	separator :: check=1, write=0, second=0, check-after=0, stdin=0; actual.json#460.conf; 	ok	shared
460.conf	https://github.com/lightbend/config	Apache-2.0	Accepted: same values and comment multiplicity, no include loss, fixed point; otherwise refusal leaves bytes intact. File check/write exits 1/0 for changes, 0/0 for clean/refused; stdin 0 accepted, 1 refused.	separator =: check=1, write=0, second=0, check-after=0, stdin=0; actual.json#460.conf; 	ok	shared
463.conf	https://github.com/lightbend/config	Apache-2.0	Accepted: same values and comment multiplicity, no include loss, fixed point; otherwise refusal leaves bytes intact. File check/write exits 1/0 for changes, 0/0 for clean/refused; stdin 0 accepted, 1 refused.	separator :: check=1, write=0, second=0, check-after=0, stdin=0; actual.json#463.conf; 	ok	shared
463.conf	https://github.com/lightbend/config	Apache-2.0	Accepted: same values and comment multiplicity, no include loss, fixed point; otherwise refusal leaves bytes intact. File check/write exits 1/0 for changes, 0/0 for clean/refused; stdin 0 accepted, 1 refused.	separator =: check=1, write=0, second=0, check-after=0, stdin=0; actual.json#463.conf; 	ok	shared
464.conf	https://github.com/lightbend/config	Apache-2.0	Accepted: same values and comment multiplicity, no include loss, fixed point; otherwise refusal leaves bytes intact. File check/write exits 1/0 for changes, 0/0 for clean/refused; stdin 0 accepted, 1 refused.	separator :: check=1, write=0, second=0, check-after=0, stdin=0; actual.json#464.conf; 	ok	shared
464.conf	https://github.com/lightbend/config	Apache-2.0	Accepted: same values and comment multiplicity, no include loss, fixed point; otherwise refusal leaves bytes intact. File check/write exits 1/0 for changes, 0/0 for clean/refused; stdin 0 accepted, 1 refused.	separator =: check=1, write=0, second=0, check-after=0, stdin=0; actual.json#464.conf; 	ok	shared
465.conf	https://github.com/lightbend/config	Apache-2.0	Accepted: same values and comment multiplicity, no include loss, fixed point; otherwise refusal leaves bytes intact. File check/write exits 1/0 for changes, 0/0 for clean/refused; stdin 0 accepted, 1 refused.	separator :: check=1, write=0, second=0, check-after=0, stdin=0; actual.json#465.conf; 	ok	shared
465.conf	https://github.com/lightbend/config	Apache-2.0	Accepted: same values and comment multiplicity, no include loss, fixed point; otherwise refusal leaves bytes intact. File check/write exits 1/0 for changes, 0/0 for clean/refused; stdin 0 accepted, 1 refused.	separator =: check=1, write=0, second=0, check-after=0, stdin=0; actual.json#465.conf; 	ok	shared
466.conf	https://github.com/lightbend/config	Apache-2.0	Accepted: same values and comment multiplicity, no include loss, fixed point; otherwise refusal leaves bytes intact. File check/write exits 1/0 for changes, 0/0 for clean/refused; stdin 0 accepted, 1 refused.	separator :: check=0, write=0, second=0, check-after=0, stdin=1; actual.json#466.conf; 	refused as designed	shared
466.conf	https://github.com/lightbend/config	Apache-2.0	Accepted: same values and comment multiplicity, no include loss, fixed point; otherwise refusal leaves bytes intact. File check/write exits 1/0 for changes, 0/0 for clean/refused; stdin 0 accepted, 1 refused.	separator =: check=0, write=0, second=0, check-after=0, stdin=1; actual.json#466.conf; 	refused as designed	shared
467.conf	https://github.com/lightbend/config	Apache-2.0	Accepted: same values and comment multiplicity, no include loss, fixed point; otherwise refusal leaves bytes intact. File check/write exits 1/0 for changes, 0/0 for clean/refused; stdin 0 accepted, 1 refused.	separator :: check=1, write=0, second=0, check-after=0, stdin=0; actual.json#467.conf; 	ok	shared
467.conf	https://github.com/lightbend/config	Apache-2.0	Accepted: same values and comment multiplicity, no include loss, fixed point; otherwise refusal leaves bytes intact. File check/write exits 1/0 for changes, 0/0 for clean/refused; stdin 0 accepted, 1 refused.	separator =: check=1, write=0, second=0, check-after=0, stdin=0; actual.json#467.conf; 	ok	shared
468.conf	https://github.com/lightbend/config	Apache-2.0	Accepted: same values and comment multiplicity, no include loss, fixed point; otherwise refusal leaves bytes intact. File check/write exits 1/0 for changes, 0/0 for clean/refused; stdin 0 accepted, 1 refused.	separator :: check=1, write=0, second=0, check-after=0, stdin=0; actual.json#468.conf; 	ok	shared
468.conf	https://github.com/lightbend/config	Apache-2.0	Accepted: same values and comment multiplicity, no include loss, fixed point; otherwise refusal leaves bytes intact. File check/write exits 1/0 for changes, 0/0 for clean/refused; stdin 0 accepted, 1 refused.	separator =: check=1, write=0, second=0, check-after=0, stdin=0; actual.json#468.conf; 	ok	shared
469.conf	https://github.com/lightbend/config	Apache-2.0	Accepted: same values and comment multiplicity, no include loss, fixed point; otherwise refusal leaves bytes intact. File check/write exits 1/0 for changes, 0/0 for clean/refused; stdin 0 accepted, 1 refused.	separator :: check=1, write=0, second=0, check-after=0, stdin=0; actual.json#469.conf; 	ok	shared
469.conf	https://github.com/lightbend/config	Apache-2.0	Accepted: same values and comment multiplicity, no include loss, fixed point; otherwise refusal leaves bytes intact. File check/write exits 1/0 for changes, 0/0 for clean/refused; stdin 0 accepted, 1 refused.	separator =: check=1, write=0, second=0, check-after=0, stdin=0; actual.json#469.conf; 	ok	shared
470.conf	https://github.com/lightbend/config	Apache-2.0	Accepted: same values and comment multiplicity, no include loss, fixed point; otherwise refusal leaves bytes intact. File check/write exits 1/0 for changes, 0/0 for clean/refused; stdin 0 accepted, 1 refused.	separator :: check=1, write=0, second=0, check-after=0, stdin=0; actual.json#470.conf; 	ok	shared
470.conf	https://github.com/lightbend/config	Apache-2.0	Accepted: same values and comment multiplicity, no include loss, fixed point; otherwise refusal leaves bytes intact. File check/write exits 1/0 for changes, 0/0 for clean/refused; stdin 0 accepted, 1 refused.	separator =: check=1, write=0, second=0, check-after=0, stdin=0; actual.json#470.conf; 	ok	shared
471.conf	https://github.com/lightbend/config	Apache-2.0	Accepted: same values and comment multiplicity, no include loss, fixed point; otherwise refusal leaves bytes intact. File check/write exits 1/0 for changes, 0/0 for clean/refused; stdin 0 accepted, 1 refused.	separator :: check=0, write=0, second=0, check-after=0, stdin=1; actual.json#471.conf; 	refused as designed	shared
471.conf	https://github.com/lightbend/config	Apache-2.0	Accepted: same values and comment multiplicity, no include loss, fixed point; otherwise refusal leaves bytes intact. File check/write exits 1/0 for changes, 0/0 for clean/refused; stdin 0 accepted, 1 refused.	separator =: check=0, write=0, second=0, check-after=0, stdin=1; actual.json#471.conf; 	refused as designed	shared
472.conf	https://github.com/lightbend/config	Apache-2.0	Accepted: same values and comment multiplicity, no include loss, fixed point; otherwise refusal leaves bytes intact. File check/write exits 1/0 for changes, 0/0 for clean/refused; stdin 0 accepted, 1 refused.	separator :: check=0, write=0, second=0, check-after=0, stdin=1; actual.json#472.conf; 	refused as designed	shared
472.conf	https://github.com/lightbend/config	Apache-2.0	Accepted: same values and comment multiplicity, no include loss, fixed point; otherwise refusal leaves bytes intact. File check/write exits 1/0 for changes, 0/0 for clean/refused; stdin 0 accepted, 1 refused.	separator =: check=0, write=0, second=0, check-after=0, stdin=1; actual.json#472.conf; 	refused as designed	shared
473.conf	https://github.com/lightbend/config	Apache-2.0	Accepted: same values and comment multiplicity, no include loss, fixed point; otherwise refusal leaves bytes intact. File check/write exits 1/0 for changes, 0/0 for clean/refused; stdin 0 accepted, 1 refused.	separator :: check=1, write=0, second=0, check-after=0, stdin=0; actual.json#473.conf; 	ok	shared
473.conf	https://github.com/lightbend/config	Apache-2.0	Accepted: same values and comment multiplicity, no include loss, fixed point; otherwise refusal leaves bytes intact. File check/write exits 1/0 for changes, 0/0 for clean/refused; stdin 0 accepted, 1 refused.	separator =: check=1, write=0, second=0, check-after=0, stdin=0; actual.json#473.conf; 	ok	shared
474.conf	https://github.com/lightbend/config	Apache-2.0	Accepted: same values and comment multiplicity, no include loss, fixed point; otherwise refusal leaves bytes intact. File check/write exits 1/0 for changes, 0/0 for clean/refused; stdin 0 accepted, 1 refused.	separator :: check=1, write=0, second=0, check-after=0, stdin=0; actual.json#474.conf; 	ok	shared
474.conf	https://github.com/lightbend/config	Apache-2.0	Accepted: same values and comment multiplicity, no include loss, fixed point; otherwise refusal leaves bytes intact. File check/write exits 1/0 for changes, 0/0 for clean/refused; stdin 0 accepted, 1 refused.	separator =: check=1, write=0, second=0, check-after=0, stdin=0; actual.json#474.conf; 	ok	shared
475.conf	https://github.com/lightbend/config	Apache-2.0	Accepted: same values and comment multiplicity, no include loss, fixed point; otherwise refusal leaves bytes intact. File check/write exits 1/0 for changes, 0/0 for clean/refused; stdin 0 accepted, 1 refused.	separator :: check=1, write=0, second=0, check-after=0, stdin=0; actual.json#475.conf; 	ok	shared
475.conf	https://github.com/lightbend/config	Apache-2.0	Accepted: same values and comment multiplicity, no include loss, fixed point; otherwise refusal leaves bytes intact. File check/write exits 1/0 for changes, 0/0 for clean/refused; stdin 0 accepted, 1 refused.	separator =: check=1, write=0, second=0, check-after=0, stdin=0; actual.json#475.conf; 	ok	shared
476.conf	https://github.com/lightbend/config	Apache-2.0	Accepted: same values and comment multiplicity, no include loss, fixed point; otherwise refusal leaves bytes intact. File check/write exits 1/0 for changes, 0/0 for clean/refused; stdin 0 accepted, 1 refused.	separator :: check=1, write=0, second=0, check-after=0, stdin=0; actual.json#476.conf; 	ok	shared
476.conf	https://github.com/lightbend/config	Apache-2.0	Accepted: same values and comment multiplicity, no include loss, fixed point; otherwise refusal leaves bytes intact. File check/write exits 1/0 for changes, 0/0 for clean/refused; stdin 0 accepted, 1 refused.	separator =: check=1, write=0, second=0, check-after=0, stdin=0; actual.json#476.conf; 	ok	shared
477.conf	https://github.com/lightbend/config	Apache-2.0	Accepted: same values and comment multiplicity, no include loss, fixed point; otherwise refusal leaves bytes intact. File check/write exits 1/0 for changes, 0/0 for clean/refused; stdin 0 accepted, 1 refused.	separator :: check=1, write=0, second=0, check-after=0, stdin=0; actual.json#477.conf; 	ok	shared
477.conf	https://github.com/lightbend/config	Apache-2.0	Accepted: same values and comment multiplicity, no include loss, fixed point; otherwise refusal leaves bytes intact. File check/write exits 1/0 for changes, 0/0 for clean/refused; stdin 0 accepted, 1 refused.	separator =: check=1, write=0, second=0, check-after=0, stdin=0; actual.json#477.conf; 	ok	shared
478.conf	https://github.com/lightbend/config	Apache-2.0	Accepted: same values and comment multiplicity, no include loss, fixed point; otherwise refusal leaves bytes intact. File check/write exits 1/0 for changes, 0/0 for clean/refused; stdin 0 accepted, 1 refused.	separator :: check=1, write=0, second=0, check-after=0, stdin=0; actual.json#478.conf; 	ok	shared
478.conf	https://github.com/lightbend/config	Apache-2.0	Accepted: same values and comment multiplicity, no include loss, fixed point; otherwise refusal leaves bytes intact. File check/write exits 1/0 for changes, 0/0 for clean/refused; stdin 0 accepted, 1 refused.	separator =: check=1, write=0, second=0, check-after=0, stdin=0; actual.json#478.conf; 	ok	shared
479.conf	https://github.com/lightbend/config	Apache-2.0	Accepted: same values and comment multiplicity, no include loss, fixed point; otherwise refusal leaves bytes intact. File check/write exits 1/0 for changes, 0/0 for clean/refused; stdin 0 accepted, 1 refused.	separator :: check=1, write=0, second=0, check-after=0, stdin=0; actual.json#479.conf; 	ok	shared
479.conf	https://github.com/lightbend/config	Apache-2.0	Accepted: same values and comment multiplicity, no include loss, fixed point; otherwise refusal leaves bytes intact. File check/write exits 1/0 for changes, 0/0 for clean/refused; stdin 0 accepted, 1 refused.	separator =: check=1, write=0, second=0, check-after=0, stdin=0; actual.json#479.conf; 	ok	shared
480.conf	https://github.com/lightbend/config	Apache-2.0	Accepted: same values and comment multiplicity, no include loss, fixed point; otherwise refusal leaves bytes intact. File check/write exits 1/0 for changes, 0/0 for clean/refused; stdin 0 accepted, 1 refused.	separator :: check=1, write=0, second=0, check-after=0, stdin=0; actual.json#480.conf; 	ok	shared
480.conf	https://github.com/lightbend/config	Apache-2.0	Accepted: same values and comment multiplicity, no include loss, fixed point; otherwise refusal leaves bytes intact. File check/write exits 1/0 for changes, 0/0 for clean/refused; stdin 0 accepted, 1 refused.	separator =: check=1, write=0, second=0, check-after=0, stdin=0; actual.json#480.conf; 	ok	shared
481.conf	https://github.com/lightbend/config	Apache-2.0	Accepted: same values and comment multiplicity, no include loss, fixed point; otherwise refusal leaves bytes intact. File check/write exits 1/0 for changes, 0/0 for clean/refused; stdin 0 accepted, 1 refused.	separator :: check=1, write=0, second=0, check-after=0, stdin=0; actual.json#481.conf; 	ok	shared
481.conf	https://github.com/lightbend/config	Apache-2.0	Accepted: same values and comment multiplicity, no include loss, fixed point; otherwise refusal leaves bytes intact. File check/write exits 1/0 for changes, 0/0 for clean/refused; stdin 0 accepted, 1 refused.	separator =: check=1, write=0, second=0, check-after=0, stdin=0; actual.json#481.conf; 	ok	shared
482.conf	https://github.com/lightbend/config	Apache-2.0	Accepted: same values and comment multiplicity, no include loss, fixed point; otherwise refusal leaves bytes intact. File check/write exits 1/0 for changes, 0/0 for clean/refused; stdin 0 accepted, 1 refused.	separator :: check=1, write=0, second=0, check-after=0, stdin=0; actual.json#482.conf; 	ok	shared
482.conf	https://github.com/lightbend/config	Apache-2.0	Accepted: same values and comment multiplicity, no include loss, fixed point; otherwise refusal leaves bytes intact. File check/write exits 1/0 for changes, 0/0 for clean/refused; stdin 0 accepted, 1 refused.	separator =: check=1, write=0, second=0, check-after=0, stdin=0; actual.json#482.conf; 	ok	shared
483.conf	https://github.com/lightbend/config	Apache-2.0	Accepted: same values and comment multiplicity, no include loss, fixed point; otherwise refusal leaves bytes intact. File check/write exits 1/0 for changes, 0/0 for clean/refused; stdin 0 accepted, 1 refused.	separator :: check=1, write=0, second=0, check-after=0, stdin=0; actual.json#483.conf; 	ok	shared
483.conf	https://github.com/lightbend/config	Apache-2.0	Accepted: same values and comment multiplicity, no include loss, fixed point; otherwise refusal leaves bytes intact. File check/write exits 1/0 for changes, 0/0 for clean/refused; stdin 0 accepted, 1 refused.	separator =: check=1, write=0, second=0, check-after=0, stdin=0; actual.json#483.conf; 	ok	shared
484.conf	https://github.com/lightbend/config	Apache-2.0	Accepted: same values and comment multiplicity, no include loss, fixed point; otherwise refusal leaves bytes intact. File check/write exits 1/0 for changes, 0/0 for clean/refused; stdin 0 accepted, 1 refused.	separator :: check=1, write=0, second=0, check-after=0, stdin=0; actual.json#484.conf; 	ok	shared
484.conf	https://github.com/lightbend/config	Apache-2.0	Accepted: same values and comment multiplicity, no include loss, fixed point; otherwise refusal leaves bytes intact. File check/write exits 1/0 for changes, 0/0 for clean/refused; stdin 0 accepted, 1 refused.	separator =: check=1, write=0, second=0, check-after=0, stdin=0; actual.json#484.conf; 	ok	shared
485.conf	https://github.com/lightbend/config	Apache-2.0	Accepted: same values and comment multiplicity, no include loss, fixed point; otherwise refusal leaves bytes intact. File check/write exits 1/0 for changes, 0/0 for clean/refused; stdin 0 accepted, 1 refused.	separator :: check=1, write=0, second=0, check-after=0, stdin=0; actual.json#485.conf; 	ok	shared
485.conf	https://github.com/lightbend/config	Apache-2.0	Accepted: same values and comment multiplicity, no include loss, fixed point; otherwise refusal leaves bytes intact. File check/write exits 1/0 for changes, 0/0 for clean/refused; stdin 0 accepted, 1 refused.	separator =: check=1, write=0, second=0, check-after=0, stdin=0; actual.json#485.conf; 	ok	shared
486.conf	https://github.com/lightbend/config	Apache-2.0	Accepted: same values and comment multiplicity, no include loss, fixed point; otherwise refusal leaves bytes intact. File check/write exits 1/0 for changes, 0/0 for clean/refused; stdin 0 accepted, 1 refused.	separator :: check=1, write=0, second=0, check-after=0, stdin=0; actual.json#486.conf; 	ok	shared
486.conf	https://github.com/lightbend/config	Apache-2.0	Accepted: same values and comment multiplicity, no include loss, fixed point; otherwise refusal leaves bytes intact. File check/write exits 1/0 for changes, 0/0 for clean/refused; stdin 0 accepted, 1 refused.	separator =: check=1, write=0, second=0, check-after=0, stdin=0; actual.json#486.conf; 	ok	shared
487.conf	https://github.com/lightbend/config	Apache-2.0	Accepted: same values and comment multiplicity, no include loss, fixed point; otherwise refusal leaves bytes intact. File check/write exits 1/0 for changes, 0/0 for clean/refused; stdin 0 accepted, 1 refused.	separator :: check=1, write=0, second=0, check-after=0, stdin=0; actual.json#487.conf; 	ok	shared
487.conf	https://github.com/lightbend/config	Apache-2.0	Accepted: same values and comment multiplicity, no include loss, fixed point; otherwise refusal leaves bytes intact. File check/write exits 1/0 for changes, 0/0 for clean/refused; stdin 0 accepted, 1 refused.	separator =: check=1, write=0, second=0, check-after=0, stdin=0; actual.json#487.conf; 	ok	shared
488.conf	https://github.com/lightbend/config	Apache-2.0	Accepted: same values and comment multiplicity, no include loss, fixed point; otherwise refusal leaves bytes intact. File check/write exits 1/0 for changes, 0/0 for clean/refused; stdin 0 accepted, 1 refused.	separator :: check=1, write=0, second=0, check-after=0, stdin=0; actual.json#488.conf; 	ok	shared
488.conf	https://github.com/lightbend/config	Apache-2.0	Accepted: same values and comment multiplicity, no include loss, fixed point; otherwise refusal leaves bytes intact. File check/write exits 1/0 for changes, 0/0 for clean/refused; stdin 0 accepted, 1 refused.	separator =: check=1, write=0, second=0, check-after=0, stdin=0; actual.json#488.conf; 	ok	shared
489.conf	https://github.com/lightbend/config	Apache-2.0	Accepted: same values and comment multiplicity, no include loss, fixed point; otherwise refusal leaves bytes intact. File check/write exits 1/0 for changes, 0/0 for clean/refused; stdin 0 accepted, 1 refused.	separator :: check=1, write=0, second=0, check-after=0, stdin=0; actual.json#489.conf; 	ok	shared
489.conf	https://github.com/lightbend/config	Apache-2.0	Accepted: same values and comment multiplicity, no include loss, fixed point; otherwise refusal leaves bytes intact. File check/write exits 1/0 for changes, 0/0 for clean/refused; stdin 0 accepted, 1 refused.	separator =: check=1, write=0, second=0, check-after=0, stdin=0; actual.json#489.conf; 	ok	shared
490.conf	https://github.com/lightbend/config	Apache-2.0	Accepted: same values and comment multiplicity, no include loss, fixed point; otherwise refusal leaves bytes intact. File check/write exits 1/0 for changes, 0/0 for clean/refused; stdin 0 accepted, 1 refused.	separator :: check=1, write=0, second=0, check-after=0, stdin=0; actual.json#490.conf; 	ok	shared
490.conf	https://github.com/lightbend/config	Apache-2.0	Accepted: same values and comment multiplicity, no include loss, fixed point; otherwise refusal leaves bytes intact. File check/write exits 1/0 for changes, 0/0 for clean/refused; stdin 0 accepted, 1 refused.	separator =: check=1, write=0, second=0, check-after=0, stdin=0; actual.json#490.conf; 	ok	shared
491.conf	https://github.com/lightbend/config	Apache-2.0	Accepted: same values and comment multiplicity, no include loss, fixed point; otherwise refusal leaves bytes intact. File check/write exits 1/0 for changes, 0/0 for clean/refused; stdin 0 accepted, 1 refused.	separator :: check=1, write=0, second=0, check-after=0, stdin=0; actual.json#491.conf; 	ok	shared
491.conf	https://github.com/lightbend/config	Apache-2.0	Accepted: same values and comment multiplicity, no include loss, fixed point; otherwise refusal leaves bytes intact. File check/write exits 1/0 for changes, 0/0 for clean/refused; stdin 0 accepted, 1 refused.	separator =: check=1, write=0, second=0, check-after=0, stdin=0; actual.json#491.conf; 	ok	shared
492.conf	https://github.com/lightbend/config	Apache-2.0	Accepted: same values and comment multiplicity, no include loss, fixed point; otherwise refusal leaves bytes intact. File check/write exits 1/0 for changes, 0/0 for clean/refused; stdin 0 accepted, 1 refused.	separator :: check=1, write=0, second=0, check-after=0, stdin=0; actual.json#492.conf; 	ok	shared
492.conf	https://github.com/lightbend/config	Apache-2.0	Accepted: same values and comment multiplicity, no include loss, fixed point; otherwise refusal leaves bytes intact. File check/write exits 1/0 for changes, 0/0 for clean/refused; stdin 0 accepted, 1 refused.	separator =: check=1, write=0, second=0, check-after=0, stdin=0; actual.json#492.conf; 	ok	shared
493.conf	https://github.com/lightbend/config	Apache-2.0	Accepted: same values and comment multiplicity, no include loss, fixed point; otherwise refusal leaves bytes intact. File check/write exits 1/0 for changes, 0/0 for clean/refused; stdin 0 accepted, 1 refused.	separator :: check=0, write=0, second=0, check-after=0, stdin=1; actual.json#493.conf; 	refused as designed	sconfig
493.conf	https://github.com/lightbend/config	Apache-2.0	Accepted: same values and comment multiplicity, no include loss, fixed point; otherwise refusal leaves bytes intact. File check/write exits 1/0 for changes, 0/0 for clean/refused; stdin 0 accepted, 1 refused.	separator =: check=0, write=0, second=0, check-after=0, stdin=1; actual.json#493.conf; 	refused as designed	sconfig
494.conf	https://github.com/lightbend/config	Apache-2.0	Accepted: same values and comment multiplicity, no include loss, fixed point; otherwise refusal leaves bytes intact. File check/write exits 1/0 for changes, 0/0 for clean/refused; stdin 0 accepted, 1 refused.	separator :: check=0, write=0, second=0, check-after=0, stdin=1; actual.json#494.conf; 	refused as designed	sconfig
494.conf	https://github.com/lightbend/config	Apache-2.0	Accepted: same values and comment multiplicity, no include loss, fixed point; otherwise refusal leaves bytes intact. File check/write exits 1/0 for changes, 0/0 for clean/refused; stdin 0 accepted, 1 refused.	separator =: check=0, write=0, second=0, check-after=0, stdin=1; actual.json#494.conf; 	refused as designed	sconfig
495.conf	https://github.com/lightbend/config	Apache-2.0	Accepted: same values and comment multiplicity, no include loss, fixed point; otherwise refusal leaves bytes intact. File check/write exits 1/0 for changes, 0/0 for clean/refused; stdin 0 accepted, 1 refused.	separator :: check=0, write=0, second=0, check-after=0, stdin=1; actual.json#495.conf; 	refused as designed	sconfig
495.conf	https://github.com/lightbend/config	Apache-2.0	Accepted: same values and comment multiplicity, no include loss, fixed point; otherwise refusal leaves bytes intact. File check/write exits 1/0 for changes, 0/0 for clean/refused; stdin 0 accepted, 1 refused.	separator =: check=0, write=0, second=0, check-after=0, stdin=1; actual.json#495.conf; 	refused as designed	sconfig
496.conf	https://github.com/lightbend/config	Apache-2.0	Accepted: same values and comment multiplicity, no include loss, fixed point; otherwise refusal leaves bytes intact. File check/write exits 1/0 for changes, 0/0 for clean/refused; stdin 0 accepted, 1 refused.	separator :: check=0, write=0, second=0, check-after=0, stdin=1; actual.json#496.conf; 	refused as designed	sconfig
496.conf	https://github.com/lightbend/config	Apache-2.0	Accepted: same values and comment multiplicity, no include loss, fixed point; otherwise refusal leaves bytes intact. File check/write exits 1/0 for changes, 0/0 for clean/refused; stdin 0 accepted, 1 refused.	separator =: check=0, write=0, second=0, check-after=0, stdin=1; actual.json#496.conf; 	refused as designed	sconfig
499.conf	https://github.com/kastoestoramadus/hocon-fmt	GPL-3.0-only (new HOCON analogue)	Accepted: same values and comment multiplicity, no include loss, fixed point; otherwise refusal leaves bytes intact. File check/write exits 1/0 for changes, 0/0 for clean/refused; stdin 0 accepted, 1 refused.	separator :: check=1, write=0, second=0, check-after=0, stdin=0; actual.json#499.conf; 	ok	shared
499.conf	https://github.com/kastoestoramadus/hocon-fmt	GPL-3.0-only (new HOCON analogue)	Accepted: same values and comment multiplicity, no include loss, fixed point; otherwise refusal leaves bytes intact. File check/write exits 1/0 for changes, 0/0 for clean/refused; stdin 0 accepted, 1 refused.	separator =: check=1, write=0, second=0, check-after=0, stdin=0; actual.json#499.conf; 	ok	shared
500.conf	https://github.com/kastoestoramadus/hocon-fmt	GPL-3.0-only (new HOCON analogue)	Accepted: same values and comment multiplicity, no include loss, fixed point; otherwise refusal leaves bytes intact. File check/write exits 1/0 for changes, 0/0 for clean/refused; stdin 0 accepted, 1 refused.	separator :: check=0, write=0, second=0, check-after=0, stdin=0; actual.json#500.conf; 	ok	shared
500.conf	https://github.com/kastoestoramadus/hocon-fmt	GPL-3.0-only (new HOCON analogue)	Accepted: same values and comment multiplicity, no include loss, fixed point; otherwise refusal leaves bytes intact. File check/write exits 1/0 for changes, 0/0 for clean/refused; stdin 0 accepted, 1 refused.	separator =: check=0, write=0, second=0, check-after=0, stdin=0; actual.json#500.conf; 	ok	shared
501.conf	https://github.com/kastoestoramadus/hocon-fmt	GPL-3.0-only (new HOCON analogue)	Accepted: same values and comment multiplicity, no include loss, fixed point; otherwise refusal leaves bytes intact. File check/write exits 1/0 for changes, 0/0 for clean/refused; stdin 0 accepted, 1 refused.	separator :: check=1, write=0, second=0, check-after=0, stdin=0; actual.json#501.conf; 	ok	shared
501.conf	https://github.com/kastoestoramadus/hocon-fmt	GPL-3.0-only (new HOCON analogue)	Accepted: same values and comment multiplicity, no include loss, fixed point; otherwise refusal leaves bytes intact. File check/write exits 1/0 for changes, 0/0 for clean/refused; stdin 0 accepted, 1 refused.	separator =: check=1, write=0, second=0, check-after=0, stdin=0; actual.json#501.conf; 	ok	shared
502.conf	https://github.com/kastoestoramadus/hocon-fmt	GPL-3.0-only (new HOCON analogue)	Accepted: same values and comment multiplicity, no include loss, fixed point; otherwise refusal leaves bytes intact. File check/write exits 1/0 for changes, 0/0 for clean/refused; stdin 0 accepted, 1 refused.	separator :: check=1, write=0, second=0, check-after=0, stdin=0; actual.json#502.conf; 	ok	shared
502.conf	https://github.com/kastoestoramadus/hocon-fmt	GPL-3.0-only (new HOCON analogue)	Accepted: same values and comment multiplicity, no include loss, fixed point; otherwise refusal leaves bytes intact. File check/write exits 1/0 for changes, 0/0 for clean/refused; stdin 0 accepted, 1 refused.	separator =: check=0, write=0, second=0, check-after=0, stdin=0; actual.json#502.conf; 	ok	shared
503.conf	https://github.com/kastoestoramadus/hocon-fmt	GPL-3.0-only (new HOCON analogue)	Accepted: same values and comment multiplicity, no include loss, fixed point; otherwise refusal leaves bytes intact. File check/write exits 1/0 for changes, 0/0 for clean/refused; stdin 0 accepted, 1 refused.	separator :: check=1, write=0, second=0, check-after=0, stdin=0; actual.json#503.conf; 	ok	shared
503.conf	https://github.com/kastoestoramadus/hocon-fmt	GPL-3.0-only (new HOCON analogue)	Accepted: same values and comment multiplicity, no include loss, fixed point; otherwise refusal leaves bytes intact. File check/write exits 1/0 for changes, 0/0 for clean/refused; stdin 0 accepted, 1 refused.	separator =: check=1, write=0, second=0, check-after=0, stdin=0; actual.json#503.conf; 	ok	shared
504.conf	https://github.com/kastoestoramadus/hocon-fmt	GPL-3.0-only (new HOCON analogue)	Accepted: same values and comment multiplicity, no include loss, fixed point; otherwise refusal leaves bytes intact. File check/write exits 1/0 for changes, 0/0 for clean/refused; stdin 0 accepted, 1 refused.	separator :: check=1, write=0, second=0, check-after=0, stdin=0; actual.json#504.conf; 	ok	shared
504.conf	https://github.com/kastoestoramadus/hocon-fmt	GPL-3.0-only (new HOCON analogue)	Accepted: same values and comment multiplicity, no include loss, fixed point; otherwise refusal leaves bytes intact. File check/write exits 1/0 for changes, 0/0 for clean/refused; stdin 0 accepted, 1 refused.	separator =: check=0, write=0, second=0, check-after=0, stdin=0; actual.json#504.conf; 	ok	shared
505.conf	https://github.com/kastoestoramadus/hocon-fmt	GPL-3.0-only (new HOCON analogue)	Accepted: same values and comment multiplicity, no include loss, fixed point; otherwise refusal leaves bytes intact. File check/write exits 1/0 for changes, 0/0 for clean/refused; stdin 0 accepted, 1 refused.	separator :: check=1, write=0, second=0, check-after=0, stdin=0; actual.json#505.conf; 	ok	shared
505.conf	https://github.com/kastoestoramadus/hocon-fmt	GPL-3.0-only (new HOCON analogue)	Accepted: same values and comment multiplicity, no include loss, fixed point; otherwise refusal leaves bytes intact. File check/write exits 1/0 for changes, 0/0 for clean/refused; stdin 0 accepted, 1 refused.	separator =: check=1, write=0, second=0, check-after=0, stdin=0; actual.json#505.conf; 	ok	shared
506.conf	https://github.com/kastoestoramadus/hocon-fmt	GPL-3.0-only (new HOCON analogue)	Accepted: same values and comment multiplicity, no include loss, fixed point; otherwise refusal leaves bytes intact. File check/write exits 1/0 for changes, 0/0 for clean/refused; stdin 0 accepted, 1 refused.	separator :: check=1, write=0, second=0, check-after=0, stdin=0; actual.json#506.conf; 	ok	shared
506.conf	https://github.com/kastoestoramadus/hocon-fmt	GPL-3.0-only (new HOCON analogue)	Accepted: same values and comment multiplicity, no include loss, fixed point; otherwise refusal leaves bytes intact. File check/write exits 1/0 for changes, 0/0 for clean/refused; stdin 0 accepted, 1 refused.	separator =: check=0, write=0, second=0, check-after=0, stdin=0; actual.json#506.conf; 	ok	shared
507.conf	https://github.com/kastoestoramadus/hocon-fmt	GPL-3.0-only (new HOCON analogue)	Accepted: same values and comment multiplicity, no include loss, fixed point; otherwise refusal leaves bytes intact. File check/write exits 1/0 for changes, 0/0 for clean/refused; stdin 0 accepted, 1 refused.	separator :: check=1, write=0, second=0, check-after=0, stdin=0; actual.json#507.conf; 	ok	shared
507.conf	https://github.com/kastoestoramadus/hocon-fmt	GPL-3.0-only (new HOCON analogue)	Accepted: same values and comment multiplicity, no include loss, fixed point; otherwise refusal leaves bytes intact. File check/write exits 1/0 for changes, 0/0 for clean/refused; stdin 0 accepted, 1 refused.	separator =: check=1, write=0, second=0, check-after=0, stdin=0; actual.json#507.conf; 	ok	shared
508.conf	https://github.com/kastoestoramadus/hocon-fmt	GPL-3.0-only (new HOCON analogue)	Accepted: same values and comment multiplicity, no include loss, fixed point; otherwise refusal leaves bytes intact. File check/write exits 1/0 for changes, 0/0 for clean/refused; stdin 0 accepted, 1 refused.	separator :: check=1, write=0, second=0, check-after=0, stdin=0; actual.json#508.conf; 	ok	shared
508.conf	https://github.com/kastoestoramadus/hocon-fmt	GPL-3.0-only (new HOCON analogue)	Accepted: same values and comment multiplicity, no include loss, fixed point; otherwise refusal leaves bytes intact. File check/write exits 1/0 for changes, 0/0 for clean/refused; stdin 0 accepted, 1 refused.	separator =: check=1, write=0, second=0, check-after=0, stdin=0; actual.json#508.conf; 	ok	shared
509.conf	https://github.com/kastoestoramadus/hocon-fmt	GPL-3.0-only (new HOCON analogue)	Accepted: same values and comment multiplicity, no include loss, fixed point; otherwise refusal leaves bytes intact. File check/write exits 1/0 for changes, 0/0 for clean/refused; stdin 0 accepted, 1 refused.	separator :: check=1, write=0, second=0, check-after=0, stdin=0; actual.json#509.conf; 	ok	shared
509.conf	https://github.com/kastoestoramadus/hocon-fmt	GPL-3.0-only (new HOCON analogue)	Accepted: same values and comment multiplicity, no include loss, fixed point; otherwise refusal leaves bytes intact. File check/write exits 1/0 for changes, 0/0 for clean/refused; stdin 0 accepted, 1 refused.	separator =: check=0, write=0, second=0, check-after=0, stdin=0; actual.json#509.conf; 	ok	shared
510.conf	https://github.com/kastoestoramadus/hocon-fmt	GPL-3.0-only (new HOCON analogue)	Accepted: same values and comment multiplicity, no include loss, fixed point; otherwise refusal leaves bytes intact. File check/write exits 1/0 for changes, 0/0 for clean/refused; stdin 0 accepted, 1 refused.	separator :: check=1, write=0, second=0, check-after=0, stdin=0; actual.json#510.conf; 	ok	shared
510.conf	https://github.com/kastoestoramadus/hocon-fmt	GPL-3.0-only (new HOCON analogue)	Accepted: same values and comment multiplicity, no include loss, fixed point; otherwise refusal leaves bytes intact. File check/write exits 1/0 for changes, 0/0 for clean/refused; stdin 0 accepted, 1 refused.	separator =: check=1, write=0, second=0, check-after=0, stdin=0; actual.json#510.conf; 	ok	shared
511.conf	https://github.com/kastoestoramadus/hocon-fmt	GPL-3.0-only (new HOCON analogue)	Accepted: same values and comment multiplicity, no include loss, fixed point; otherwise refusal leaves bytes intact. File check/write exits 1/0 for changes, 0/0 for clean/refused; stdin 0 accepted, 1 refused.	separator :: check=1, write=0, second=0, check-after=0, stdin=0; actual.json#511.conf; 	ok	shared
511.conf	https://github.com/kastoestoramadus/hocon-fmt	GPL-3.0-only (new HOCON analogue)	Accepted: same values and comment multiplicity, no include loss, fixed point; otherwise refusal leaves bytes intact. File check/write exits 1/0 for changes, 0/0 for clean/refused; stdin 0 accepted, 1 refused.	separator =: check=1, write=0, second=0, check-after=0, stdin=0; actual.json#511.conf; 	ok	shared
512.conf	https://github.com/kastoestoramadus/hocon-fmt	GPL-3.0-only (new HOCON analogue)	Accepted: same values and comment multiplicity, no include loss, fixed point; otherwise refusal leaves bytes intact. File check/write exits 1/0 for changes, 0/0 for clean/refused; stdin 0 accepted, 1 refused.	separator :: check=1, write=0, second=0, check-after=0, stdin=0; actual.json#512.conf; 	ok	shared
512.conf	https://github.com/kastoestoramadus/hocon-fmt	GPL-3.0-only (new HOCON analogue)	Accepted: same values and comment multiplicity, no include loss, fixed point; otherwise refusal leaves bytes intact. File check/write exits 1/0 for changes, 0/0 for clean/refused; stdin 0 accepted, 1 refused.	separator =: check=0, write=0, second=0, check-after=0, stdin=0; actual.json#512.conf; 	ok	shared
513.conf	https://github.com/kastoestoramadus/hocon-fmt	GPL-3.0-only (new HOCON analogue)	Accepted: same values and comment multiplicity, no include loss, fixed point; otherwise refusal leaves bytes intact. File check/write exits 1/0 for changes, 0/0 for clean/refused; stdin 0 accepted, 1 refused.	separator :: check=0, write=0, second=0, check-after=0, stdin=1; actual.json#513.conf; 	refused as designed	sconfig
513.conf	https://github.com/kastoestoramadus/hocon-fmt	GPL-3.0-only (new HOCON analogue)	Accepted: same values and comment multiplicity, no include loss, fixed point; otherwise refusal leaves bytes intact. File check/write exits 1/0 for changes, 0/0 for clean/refused; stdin 0 accepted, 1 refused.	separator =: check=0, write=0, second=0, check-after=0, stdin=1; actual.json#513.conf; 	refused as designed	sconfig
514.conf	https://github.com/kastoestoramadus/hocon-fmt	GPL-3.0-only (new HOCON analogue)	Accepted: same values and comment multiplicity, no include loss, fixed point; otherwise refusal leaves bytes intact. File check/write exits 1/0 for changes, 0/0 for clean/refused; stdin 0 accepted, 1 refused.	separator :: check=1, write=0, second=0, check-after=0, stdin=0; actual.json#514.conf; 	ok	shared
514.conf	https://github.com/kastoestoramadus/hocon-fmt	GPL-3.0-only (new HOCON analogue)	Accepted: same values and comment multiplicity, no include loss, fixed point; otherwise refusal leaves bytes intact. File check/write exits 1/0 for changes, 0/0 for clean/refused; stdin 0 accepted, 1 refused.	separator =: check=1, write=0, second=0, check-after=0, stdin=0; actual.json#514.conf; 	ok	shared
515.conf	https://github.com/kastoestoramadus/hocon-fmt	GPL-3.0-only (new HOCON analogue)	Accepted: same values and comment multiplicity, no include loss, fixed point; otherwise refusal leaves bytes intact. File check/write exits 1/0 for changes, 0/0 for clean/refused; stdin 0 accepted, 1 refused.	separator :: check=0, write=0, second=0, check-after=0, stdin=1; actual.json#515.conf; 	refused as designed	sconfig
515.conf	https://github.com/kastoestoramadus/hocon-fmt	GPL-3.0-only (new HOCON analogue)	Accepted: same values and comment multiplicity, no include loss, fixed point; otherwise refusal leaves bytes intact. File check/write exits 1/0 for changes, 0/0 for clean/refused; stdin 0 accepted, 1 refused.	separator =: check=0, write=0, second=0, check-after=0, stdin=1; actual.json#515.conf; 	refused as designed	sconfig
516.conf	https://github.com/kastoestoramadus/hocon-fmt	GPL-3.0-only (new HOCON analogue)	Accepted: same values and comment multiplicity, no include loss, fixed point; otherwise refusal leaves bytes intact. File check/write exits 1/0 for changes, 0/0 for clean/refused; stdin 0 accepted, 1 refused.	separator :: check=1, write=0, second=0, check-after=0, stdin=0; actual.json#516.conf; 	ok	shared
516.conf	https://github.com/kastoestoramadus/hocon-fmt	GPL-3.0-only (new HOCON analogue)	Accepted: same values and comment multiplicity, no include loss, fixed point; otherwise refusal leaves bytes intact. File check/write exits 1/0 for changes, 0/0 for clean/refused; stdin 0 accepted, 1 refused.	separator =: check=1, write=0, second=0, check-after=0, stdin=0; actual.json#516.conf; 	ok	shared
517.conf	https://github.com/kastoestoramadus/hocon-fmt	GPL-3.0-only (new HOCON analogue)	Accepted: same values and comment multiplicity, no include loss, fixed point; otherwise refusal leaves bytes intact. File check/write exits 1/0 for changes, 0/0 for clean/refused; stdin 0 accepted, 1 refused.	separator :: check=0, write=0, second=0, check-after=0, stdin=1; actual.json#517.conf; 	refused as designed	sconfig
517.conf	https://github.com/kastoestoramadus/hocon-fmt	GPL-3.0-only (new HOCON analogue)	Accepted: same values and comment multiplicity, no include loss, fixed point; otherwise refusal leaves bytes intact. File check/write exits 1/0 for changes, 0/0 for clean/refused; stdin 0 accepted, 1 refused.	separator =: check=0, write=0, second=0, check-after=0, stdin=1; actual.json#517.conf; 	refused as designed	sconfig
518.conf	https://github.com/kastoestoramadus/hocon-fmt	GPL-3.0-only (new HOCON analogue)	Accepted: same values and comment multiplicity, no include loss, fixed point; otherwise refusal leaves bytes intact. File check/write exits 1/0 for changes, 0/0 for clean/refused; stdin 0 accepted, 1 refused.	separator :: check=1, write=0, second=0, check-after=0, stdin=0; actual.json#518.conf; 	ok	shared
518.conf	https://github.com/kastoestoramadus/hocon-fmt	GPL-3.0-only (new HOCON analogue)	Accepted: same values and comment multiplicity, no include loss, fixed point; otherwise refusal leaves bytes intact. File check/write exits 1/0 for changes, 0/0 for clean/refused; stdin 0 accepted, 1 refused.	separator =: check=1, write=0, second=0, check-after=0, stdin=0; actual.json#518.conf; 	ok	shared
519.conf	https://github.com/kastoestoramadus/hocon-fmt	GPL-3.0-only (new HOCON analogue)	Accepted: same values and comment multiplicity, no include loss, fixed point; otherwise refusal leaves bytes intact. File check/write exits 1/0 for changes, 0/0 for clean/refused; stdin 0 accepted, 1 refused.	separator :: check=0, write=0, second=0, check-after=0, stdin=1; actual.json#519.conf; 	refused as designed	sconfig
519.conf	https://github.com/kastoestoramadus/hocon-fmt	GPL-3.0-only (new HOCON analogue)	Accepted: same values and comment multiplicity, no include loss, fixed point; otherwise refusal leaves bytes intact. File check/write exits 1/0 for changes, 0/0 for clean/refused; stdin 0 accepted, 1 refused.	separator =: check=0, write=0, second=0, check-after=0, stdin=1; actual.json#519.conf; 	refused as designed	sconfig
520.conf	https://github.com/kastoestoramadus/hocon-fmt	GPL-3.0-only (new HOCON analogue)	Accepted: same values and comment multiplicity, no include loss, fixed point; otherwise refusal leaves bytes intact. File check/write exits 1/0 for changes, 0/0 for clean/refused; stdin 0 accepted, 1 refused.	separator :: check=1, write=0, second=0, check-after=0, stdin=0; actual.json#520.conf; 	ok	shared
520.conf	https://github.com/kastoestoramadus/hocon-fmt	GPL-3.0-only (new HOCON analogue)	Accepted: same values and comment multiplicity, no include loss, fixed point; otherwise refusal leaves bytes intact. File check/write exits 1/0 for changes, 0/0 for clean/refused; stdin 0 accepted, 1 refused.	separator =: check=1, write=0, second=0, check-after=0, stdin=0; actual.json#520.conf; 	ok	shared
521.conf	https://github.com/kastoestoramadus/hocon-fmt	GPL-3.0-only (new HOCON analogue)	Accepted: same values and comment multiplicity, no include loss, fixed point; otherwise refusal leaves bytes intact. File check/write exits 1/0 for changes, 0/0 for clean/refused; stdin 0 accepted, 1 refused.	separator :: check=0, write=0, second=0, check-after=0, stdin=1; actual.json#521.conf; 	refused as designed	shared
521.conf	https://github.com/kastoestoramadus/hocon-fmt	GPL-3.0-only (new HOCON analogue)	Accepted: same values and comment multiplicity, no include loss, fixed point; otherwise refusal leaves bytes intact. File check/write exits 1/0 for changes, 0/0 for clean/refused; stdin 0 accepted, 1 refused.	separator =: check=0, write=0, second=0, check-after=0, stdin=1; actual.json#521.conf; 	refused as designed	shared
522.conf	https://github.com/kastoestoramadus/hocon-fmt	GPL-3.0-only (new HOCON analogue)	Accepted: same values and comment multiplicity, no include loss, fixed point; otherwise refusal leaves bytes intact. File check/write exits 1/0 for changes, 0/0 for clean/refused; stdin 0 accepted, 1 refused.	separator :: check=1, write=0, second=0, check-after=0, stdin=0; actual.json#522.conf; 	ok	shared
522.conf	https://github.com/kastoestoramadus/hocon-fmt	GPL-3.0-only (new HOCON analogue)	Accepted: same values and comment multiplicity, no include loss, fixed point; otherwise refusal leaves bytes intact. File check/write exits 1/0 for changes, 0/0 for clean/refused; stdin 0 accepted, 1 refused.	separator =: check=1, write=0, second=0, check-after=0, stdin=0; actual.json#522.conf; 	ok	shared
523.conf	https://github.com/kastoestoramadus/hocon-fmt	GPL-3.0-only (new HOCON analogue)	Accepted: same values and comment multiplicity, no include loss, fixed point; otherwise refusal leaves bytes intact. File check/write exits 1/0 for changes, 0/0 for clean/refused; stdin 0 accepted, 1 refused.	separator :: check=0, write=0, second=0, check-after=0, stdin=1; actual.json#523.conf; 	refused as designed	shared
523.conf	https://github.com/kastoestoramadus/hocon-fmt	GPL-3.0-only (new HOCON analogue)	Accepted: same values and comment multiplicity, no include loss, fixed point; otherwise refusal leaves bytes intact. File check/write exits 1/0 for changes, 0/0 for clean/refused; stdin 0 accepted, 1 refused.	separator =: check=0, write=0, second=0, check-after=0, stdin=1; actual.json#523.conf; 	refused as designed	shared
524.conf	https://github.com/kastoestoramadus/hocon-fmt	GPL-3.0-only (new HOCON analogue)	Accepted: same values and comment multiplicity, no include loss, fixed point; otherwise refusal leaves bytes intact. File check/write exits 1/0 for changes, 0/0 for clean/refused; stdin 0 accepted, 1 refused.	separator :: check=1, write=0, second=0, check-after=0, stdin=0; actual.json#524.conf; 	ok	shared
524.conf	https://github.com/kastoestoramadus/hocon-fmt	GPL-3.0-only (new HOCON analogue)	Accepted: same values and comment multiplicity, no include loss, fixed point; otherwise refusal leaves bytes intact. File check/write exits 1/0 for changes, 0/0 for clean/refused; stdin 0 accepted, 1 refused.	separator =: check=1, write=0, second=0, check-after=0, stdin=0; actual.json#524.conf; 	ok	shared
525.conf	https://github.com/kastoestoramadus/hocon-fmt	GPL-3.0-only (new HOCON analogue)	Accepted: same values and comment multiplicity, no include loss, fixed point; otherwise refusal leaves bytes intact. File check/write exits 1/0 for changes, 0/0 for clean/refused; stdin 0 accepted, 1 refused.	separator :: check=1, write=0, second=0, check-after=0, stdin=0; actual.json#525.conf; 	ok	shared
525.conf	https://github.com/kastoestoramadus/hocon-fmt	GPL-3.0-only (new HOCON analogue)	Accepted: same values and comment multiplicity, no include loss, fixed point; otherwise refusal leaves bytes intact. File check/write exits 1/0 for changes, 0/0 for clean/refused; stdin 0 accepted, 1 refused.	separator =: check=0, write=0, second=0, check-after=0, stdin=0; actual.json#525.conf; 	ok	shared
526.conf	https://github.com/kastoestoramadus/hocon-fmt	GPL-3.0-only (new HOCON analogue)	Accepted: same values and comment multiplicity, no include loss, fixed point; otherwise refusal leaves bytes intact. File check/write exits 1/0 for changes, 0/0 for clean/refused; stdin 0 accepted, 1 refused.	separator :: check=1, write=0, second=0, check-after=0, stdin=0; actual.json#526.conf; 	ok	shared
526.conf	https://github.com/kastoestoramadus/hocon-fmt	GPL-3.0-only (new HOCON analogue)	Accepted: same values and comment multiplicity, no include loss, fixed point; otherwise refusal leaves bytes intact. File check/write exits 1/0 for changes, 0/0 for clean/refused; stdin 0 accepted, 1 refused.	separator =: check=1, write=0, second=0, check-after=0, stdin=0; actual.json#526.conf; 	ok	shared
527.conf	https://github.com/kastoestoramadus/hocon-fmt	GPL-3.0-only (new HOCON analogue)	Accepted: same values and comment multiplicity, no include loss, fixed point; otherwise refusal leaves bytes intact. File check/write exits 1/0 for changes, 0/0 for clean/refused; stdin 0 accepted, 1 refused.	separator :: check=1, write=0, second=0, check-after=0, stdin=0; actual.json#527.conf; 	ok	shared
527.conf	https://github.com/kastoestoramadus/hocon-fmt	GPL-3.0-only (new HOCON analogue)	Accepted: same values and comment multiplicity, no include loss, fixed point; otherwise refusal leaves bytes intact. File check/write exits 1/0 for changes, 0/0 for clean/refused; stdin 0 accepted, 1 refused.	separator =: check=1, write=0, second=0, check-after=0, stdin=0; actual.json#527.conf; 	ok	shared
528.conf	https://github.com/kastoestoramadus/hocon-fmt	GPL-3.0-only (new HOCON analogue)	Accepted: same values and comment multiplicity, no include loss, fixed point; otherwise refusal leaves bytes intact. File check/write exits 1/0 for changes, 0/0 for clean/refused; stdin 0 accepted, 1 refused.	separator :: check=1, write=0, second=0, check-after=0, stdin=0; actual.json#528.conf; 	ok	shared
528.conf	https://github.com/kastoestoramadus/hocon-fmt	GPL-3.0-only (new HOCON analogue)	Accepted: same values and comment multiplicity, no include loss, fixed point; otherwise refusal leaves bytes intact. File check/write exits 1/0 for changes, 0/0 for clean/refused; stdin 0 accepted, 1 refused.	separator =: check=0, write=0, second=0, check-after=0, stdin=0; actual.json#528.conf; 	ok	shared
529.conf	https://github.com/kastoestoramadus/hocon-fmt	GPL-3.0-only (new HOCON analogue)	Accepted: same values and comment multiplicity, no include loss, fixed point; otherwise refusal leaves bytes intact. File check/write exits 1/0 for changes, 0/0 for clean/refused; stdin 0 accepted, 1 refused.	separator :: check=1, write=0, second=0, check-after=0, stdin=0; actual.json#529.conf; 	ok	shared
529.conf	https://github.com/kastoestoramadus/hocon-fmt	GPL-3.0-only (new HOCON analogue)	Accepted: same values and comment multiplicity, no include loss, fixed point; otherwise refusal leaves bytes intact. File check/write exits 1/0 for changes, 0/0 for clean/refused; stdin 0 accepted, 1 refused.	separator =: check=1, write=0, second=0, check-after=0, stdin=0; actual.json#529.conf; 	ok	shared
530.conf	https://github.com/kastoestoramadus/hocon-fmt	GPL-3.0-only (new HOCON analogue)	Accepted: same values and comment multiplicity, no include loss, fixed point; otherwise refusal leaves bytes intact. File check/write exits 1/0 for changes, 0/0 for clean/refused; stdin 0 accepted, 1 refused.	separator :: check=1, write=0, second=0, check-after=0, stdin=0; actual.json#530.conf; 	ok	shared
530.conf	https://github.com/kastoestoramadus/hocon-fmt	GPL-3.0-only (new HOCON analogue)	Accepted: same values and comment multiplicity, no include loss, fixed point; otherwise refusal leaves bytes intact. File check/write exits 1/0 for changes, 0/0 for clean/refused; stdin 0 accepted, 1 refused.	separator =: check=1, write=0, second=0, check-after=0, stdin=0; actual.json#530.conf; 	ok	shared
531.conf	https://github.com/kastoestoramadus/hocon-fmt	GPL-3.0-only (new HOCON analogue)	Accepted: same values and comment multiplicity, no include loss, fixed point; otherwise refusal leaves bytes intact. File check/write exits 1/0 for changes, 0/0 for clean/refused; stdin 0 accepted, 1 refused.	separator :: check=0, write=0, second=0, check-after=0, stdin=1; actual.json#531.conf; 	refused as designed	shared
531.conf	https://github.com/kastoestoramadus/hocon-fmt	GPL-3.0-only (new HOCON analogue)	Accepted: same values and comment multiplicity, no include loss, fixed point; otherwise refusal leaves bytes intact. File check/write exits 1/0 for changes, 0/0 for clean/refused; stdin 0 accepted, 1 refused.	separator =: check=0, write=0, second=0, check-after=0, stdin=1; actual.json#531.conf; 	refused as designed	shared
532.conf	https://github.com/kastoestoramadus/hocon-fmt	GPL-3.0-only (new HOCON analogue)	Accepted: same values and comment multiplicity, no include loss, fixed point; otherwise refusal leaves bytes intact. File check/write exits 1/0 for changes, 0/0 for clean/refused; stdin 0 accepted, 1 refused.	separator :: check=1, write=0, second=0, check-after=0, stdin=0; actual.json#532.conf; 	ok	shared
532.conf	https://github.com/kastoestoramadus/hocon-fmt	GPL-3.0-only (new HOCON analogue)	Accepted: same values and comment multiplicity, no include loss, fixed point; otherwise refusal leaves bytes intact. File check/write exits 1/0 for changes, 0/0 for clean/refused; stdin 0 accepted, 1 refused.	separator =: check=1, write=0, second=0, check-after=0, stdin=0; actual.json#532.conf; 	ok	shared
533.conf	https://github.com/kastoestoramadus/hocon-fmt	GPL-3.0-only (new HOCON analogue)	Accepted: same values and comment multiplicity, no include loss, fixed point; otherwise refusal leaves bytes intact. File check/write exits 1/0 for changes, 0/0 for clean/refused; stdin 0 accepted, 1 refused.	separator :: check=0, write=0, second=0, check-after=0, stdin=1; actual.json#533.conf; 	refused as designed	sconfig
533.conf	https://github.com/kastoestoramadus/hocon-fmt	GPL-3.0-only (new HOCON analogue)	Accepted: same values and comment multiplicity, no include loss, fixed point; otherwise refusal leaves bytes intact. File check/write exits 1/0 for changes, 0/0 for clean/refused; stdin 0 accepted, 1 refused.	separator =: check=0, write=0, second=0, check-after=0, stdin=1; actual.json#533.conf; 	refused as designed	sconfig
534.conf	https://github.com/kastoestoramadus/hocon-fmt	GPL-3.0-only (new HOCON analogue)	Accepted: same values and comment multiplicity, no include loss, fixed point; otherwise refusal leaves bytes intact. File check/write exits 1/0 for changes, 0/0 for clean/refused; stdin 0 accepted, 1 refused.	separator :: check=1, write=0, second=0, check-after=0, stdin=0; actual.json#534.conf; 	ok	shared
534.conf	https://github.com/kastoestoramadus/hocon-fmt	GPL-3.0-only (new HOCON analogue)	Accepted: same values and comment multiplicity, no include loss, fixed point; otherwise refusal leaves bytes intact. File check/write exits 1/0 for changes, 0/0 for clean/refused; stdin 0 accepted, 1 refused.	separator =: check=1, write=0, second=0, check-after=0, stdin=0; actual.json#534.conf; 	ok	shared
535.conf	https://github.com/kastoestoramadus/hocon-fmt	GPL-3.0-only (new HOCON analogue)	Accepted: same values and comment multiplicity, no include loss, fixed point; otherwise refusal leaves bytes intact. File check/write exits 1/0 for changes, 0/0 for clean/refused; stdin 0 accepted, 1 refused.	separator :: check=0, write=0, second=0, check-after=0, stdin=1; actual.json#535.conf; 	refused as designed	sconfig
535.conf	https://github.com/kastoestoramadus/hocon-fmt	GPL-3.0-only (new HOCON analogue)	Accepted: same values and comment multiplicity, no include loss, fixed point; otherwise refusal leaves bytes intact. File check/write exits 1/0 for changes, 0/0 for clean/refused; stdin 0 accepted, 1 refused.	separator =: check=0, write=0, second=0, check-after=0, stdin=1; actual.json#535.conf; 	refused as designed	sconfig
536.conf	https://github.com/kastoestoramadus/hocon-fmt	GPL-3.0-only (new HOCON analogue)	Accepted: same values and comment multiplicity, no include loss, fixed point; otherwise refusal leaves bytes intact. File check/write exits 1/0 for changes, 0/0 for clean/refused; stdin 0 accepted, 1 refused.	separator :: check=1, write=0, second=0, check-after=0, stdin=0; actual.json#536.conf; 	ok	shared
536.conf	https://github.com/kastoestoramadus/hocon-fmt	GPL-3.0-only (new HOCON analogue)	Accepted: same values and comment multiplicity, no include loss, fixed point; otherwise refusal leaves bytes intact. File check/write exits 1/0 for changes, 0/0 for clean/refused; stdin 0 accepted, 1 refused.	separator =: check=1, write=0, second=0, check-after=0, stdin=0; actual.json#536.conf; 	ok	shared
537.conf	https://github.com/kastoestoramadus/hocon-fmt	GPL-3.0-only (new HOCON analogue)	Accepted: same values and comment multiplicity, no include loss, fixed point; otherwise refusal leaves bytes intact. File check/write exits 1/0 for changes, 0/0 for clean/refused; stdin 0 accepted, 1 refused.	separator :: check=0, write=0, second=0, check-after=0, stdin=1; actual.json#537.conf; 	refused as designed	sconfig
537.conf	https://github.com/kastoestoramadus/hocon-fmt	GPL-3.0-only (new HOCON analogue)	Accepted: same values and comment multiplicity, no include loss, fixed point; otherwise refusal leaves bytes intact. File check/write exits 1/0 for changes, 0/0 for clean/refused; stdin 0 accepted, 1 refused.	separator =: check=0, write=0, second=0, check-after=0, stdin=1; actual.json#537.conf; 	refused as designed	sconfig
538.conf	https://github.com/kastoestoramadus/hocon-fmt	GPL-3.0-only (new HOCON analogue)	Accepted: same values and comment multiplicity, no include loss, fixed point; otherwise refusal leaves bytes intact. File check/write exits 1/0 for changes, 0/0 for clean/refused; stdin 0 accepted, 1 refused.	separator :: check=1, write=0, second=0, check-after=0, stdin=0; actual.json#538.conf; 	ok	shared
538.conf	https://github.com/kastoestoramadus/hocon-fmt	GPL-3.0-only (new HOCON analogue)	Accepted: same values and comment multiplicity, no include loss, fixed point; otherwise refusal leaves bytes intact. File check/write exits 1/0 for changes, 0/0 for clean/refused; stdin 0 accepted, 1 refused.	separator =: check=1, write=0, second=0, check-after=0, stdin=0; actual.json#538.conf; 	ok	shared
539.conf	https://github.com/kastoestoramadus/hocon-fmt	GPL-3.0-only (new HOCON analogue)	Accepted: same values and comment multiplicity, no include loss, fixed point; otherwise refusal leaves bytes intact. File check/write exits 1/0 for changes, 0/0 for clean/refused; stdin 0 accepted, 1 refused.	separator :: check=0, write=0, second=0, check-after=0, stdin=1; actual.json#539.conf; 	refused as designed	sconfig
539.conf	https://github.com/kastoestoramadus/hocon-fmt	GPL-3.0-only (new HOCON analogue)	Accepted: same values and comment multiplicity, no include loss, fixed point; otherwise refusal leaves bytes intact. File check/write exits 1/0 for changes, 0/0 for clean/refused; stdin 0 accepted, 1 refused.	separator =: check=0, write=0, second=0, check-after=0, stdin=1; actual.json#539.conf; 	refused as designed	sconfig
540.conf	https://github.com/kastoestoramadus/hocon-fmt	GPL-3.0-only (new HOCON analogue)	Accepted: same values and comment multiplicity, no include loss, fixed point; otherwise refusal leaves bytes intact. File check/write exits 1/0 for changes, 0/0 for clean/refused; stdin 0 accepted, 1 refused.	separator :: check=0, write=0, second=0, check-after=0, stdin=1; actual.json#540.conf; 	refused as designed	sconfig
540.conf	https://github.com/kastoestoramadus/hocon-fmt	GPL-3.0-only (new HOCON analogue)	Accepted: same values and comment multiplicity, no include loss, fixed point; otherwise refusal leaves bytes intact. File check/write exits 1/0 for changes, 0/0 for clean/refused; stdin 0 accepted, 1 refused.	separator =: check=0, write=0, second=0, check-after=0, stdin=1; actual.json#540.conf; 	refused as designed	sconfig
541.conf	https://github.com/kastoestoramadus/hocon-fmt	GPL-3.0-only (new HOCON analogue)	Accepted: same values and comment multiplicity, no include loss, fixed point; otherwise refusal leaves bytes intact. File check/write exits 1/0 for changes, 0/0 for clean/refused; stdin 0 accepted, 1 refused.	separator :: check=1, write=0, second=0, check-after=0, stdin=0; actual.json#541.conf; 	ok	shared
541.conf	https://github.com/kastoestoramadus/hocon-fmt	GPL-3.0-only (new HOCON analogue)	Accepted: same values and comment multiplicity, no include loss, fixed point; otherwise refusal leaves bytes intact. File check/write exits 1/0 for changes, 0/0 for clean/refused; stdin 0 accepted, 1 refused.	separator =: check=1, write=0, second=0, check-after=0, stdin=0; actual.json#541.conf; 	ok	shared
542.conf	https://github.com/kastoestoramadus/hocon-fmt	GPL-3.0-only (new HOCON analogue)	Accepted: same values and comment multiplicity, no include loss, fixed point; otherwise refusal leaves bytes intact. File check/write exits 1/0 for changes, 0/0 for clean/refused; stdin 0 accepted, 1 refused.	separator :: check=1, write=0, second=0, check-after=0, stdin=0; actual.json#542.conf; 	ok	shared
542.conf	https://github.com/kastoestoramadus/hocon-fmt	GPL-3.0-only (new HOCON analogue)	Accepted: same values and comment multiplicity, no include loss, fixed point; otherwise refusal leaves bytes intact. File check/write exits 1/0 for changes, 0/0 for clean/refused; stdin 0 accepted, 1 refused.	separator =: check=0, write=0, second=0, check-after=0, stdin=0; actual.json#542.conf; 	ok	shared
543.conf	https://github.com/kastoestoramadus/hocon-fmt	GPL-3.0-only (new HOCON analogue)	Accepted: same values and comment multiplicity, no include loss, fixed point; otherwise refusal leaves bytes intact. File check/write exits 1/0 for changes, 0/0 for clean/refused; stdin 0 accepted, 1 refused.	separator :: check=1, write=0, second=0, check-after=0, stdin=0; actual.json#543.conf; 	ok	shared
543.conf	https://github.com/kastoestoramadus/hocon-fmt	GPL-3.0-only (new HOCON analogue)	Accepted: same values and comment multiplicity, no include loss, fixed point; otherwise refusal leaves bytes intact. File check/write exits 1/0 for changes, 0/0 for clean/refused; stdin 0 accepted, 1 refused.	separator =: check=1, write=0, second=0, check-after=0, stdin=0; actual.json#543.conf; 	ok	shared
544.conf	https://github.com/kastoestoramadus/hocon-fmt	GPL-3.0-only (new HOCON analogue)	Accepted: same values and comment multiplicity, no include loss, fixed point; otherwise refusal leaves bytes intact. File check/write exits 1/0 for changes, 0/0 for clean/refused; stdin 0 accepted, 1 refused.	separator :: check=1, write=0, second=0, check-after=0, stdin=0; actual.json#544.conf; 	ok	shared
544.conf	https://github.com/kastoestoramadus/hocon-fmt	GPL-3.0-only (new HOCON analogue)	Accepted: same values and comment multiplicity, no include loss, fixed point; otherwise refusal leaves bytes intact. File check/write exits 1/0 for changes, 0/0 for clean/refused; stdin 0 accepted, 1 refused.	separator =: check=1, write=0, second=0, check-after=0, stdin=0; actual.json#544.conf; 	ok	shared
545.conf	https://github.com/kastoestoramadus/hocon-fmt	GPL-3.0-only (new HOCON analogue)	Accepted: same values and comment multiplicity, no include loss, fixed point; otherwise refusal leaves bytes intact. File check/write exits 1/0 for changes, 0/0 for clean/refused; stdin 0 accepted, 1 refused.	separator :: check=1, write=0, second=0, check-after=0, stdin=0; actual.json#545.conf; 	ok	shared
545.conf	https://github.com/kastoestoramadus/hocon-fmt	GPL-3.0-only (new HOCON analogue)	Accepted: same values and comment multiplicity, no include loss, fixed point; otherwise refusal leaves bytes intact. File check/write exits 1/0 for changes, 0/0 for clean/refused; stdin 0 accepted, 1 refused.	separator =: check=0, write=0, second=0, check-after=0, stdin=0; actual.json#545.conf; 	ok	shared
546.conf	https://github.com/kastoestoramadus/hocon-fmt	GPL-3.0-only (new HOCON analogue)	Accepted: same values and comment multiplicity, no include loss, fixed point; otherwise refusal leaves bytes intact. File check/write exits 1/0 for changes, 0/0 for clean/refused; stdin 0 accepted, 1 refused.	separator :: check=1, write=0, second=0, check-after=0, stdin=0; actual.json#546.conf; 	ok	shared
546.conf	https://github.com/kastoestoramadus/hocon-fmt	GPL-3.0-only (new HOCON analogue)	Accepted: same values and comment multiplicity, no include loss, fixed point; otherwise refusal leaves bytes intact. File check/write exits 1/0 for changes, 0/0 for clean/refused; stdin 0 accepted, 1 refused.	separator =: check=1, write=0, second=0, check-after=0, stdin=0; actual.json#546.conf; 	ok	shared
547.conf	https://github.com/kastoestoramadus/hocon-fmt	GPL-3.0-only (new HOCON analogue)	Accepted: same values and comment multiplicity, no include loss, fixed point; otherwise refusal leaves bytes intact. File check/write exits 1/0 for changes, 0/0 for clean/refused; stdin 0 accepted, 1 refused.	separator :: check=1, write=0, second=0, check-after=0, stdin=0; actual.json#547.conf; 	ok	shared
547.conf	https://github.com/kastoestoramadus/hocon-fmt	GPL-3.0-only (new HOCON analogue)	Accepted: same values and comment multiplicity, no include loss, fixed point; otherwise refusal leaves bytes intact. File check/write exits 1/0 for changes, 0/0 for clean/refused; stdin 0 accepted, 1 refused.	separator =: check=1, write=0, second=0, check-after=0, stdin=0; actual.json#547.conf; 	ok	shared
548.conf	https://github.com/kastoestoramadus/hocon-fmt	GPL-3.0-only (new HOCON analogue)	Accepted: same values and comment multiplicity, no include loss, fixed point; otherwise refusal leaves bytes intact. File check/write exits 1/0 for changes, 0/0 for clean/refused; stdin 0 accepted, 1 refused.	separator :: check=0, write=0, second=0, check-after=0, stdin=1; actual.json#548.conf; 	refused as designed	sconfig
548.conf	https://github.com/kastoestoramadus/hocon-fmt	GPL-3.0-only (new HOCON analogue)	Accepted: same values and comment multiplicity, no include loss, fixed point; otherwise refusal leaves bytes intact. File check/write exits 1/0 for changes, 0/0 for clean/refused; stdin 0 accepted, 1 refused.	separator =: check=0, write=0, second=0, check-after=0, stdin=1; actual.json#548.conf; 	refused as designed	sconfig
549.conf	https://github.com/kastoestoramadus/hocon-fmt	GPL-3.0-only (new HOCON analogue)	Accepted: same values and comment multiplicity, no include loss, fixed point; otherwise refusal leaves bytes intact. File check/write exits 1/0 for changes, 0/0 for clean/refused; stdin 0 accepted, 1 refused.	separator :: check=0, write=0, second=0, check-after=0, stdin=1; actual.json#549.conf; 	refused as designed	sconfig
549.conf	https://github.com/kastoestoramadus/hocon-fmt	GPL-3.0-only (new HOCON analogue)	Accepted: same values and comment multiplicity, no include loss, fixed point; otherwise refusal leaves bytes intact. File check/write exits 1/0 for changes, 0/0 for clean/refused; stdin 0 accepted, 1 refused.	separator =: check=0, write=0, second=0, check-after=0, stdin=1; actual.json#549.conf; 	refused as designed	sconfig
550.conf	https://github.com/kastoestoramadus/hocon-fmt	GPL-3.0-only (new HOCON analogue)	Accepted: same values and comment multiplicity, no include loss, fixed point; otherwise refusal leaves bytes intact. File check/write exits 1/0 for changes, 0/0 for clean/refused; stdin 0 accepted, 1 refused.	separator :: check=1, write=0, second=0, check-after=0, stdin=0; actual.json#550.conf; 	ok	shared
550.conf	https://github.com/kastoestoramadus/hocon-fmt	GPL-3.0-only (new HOCON analogue)	Accepted: same values and comment multiplicity, no include loss, fixed point; otherwise refusal leaves bytes intact. File check/write exits 1/0 for changes, 0/0 for clean/refused; stdin 0 accepted, 1 refused.	separator =: check=1, write=0, second=0, check-after=0, stdin=0; actual.json#550.conf; 	ok	shared
551.conf	https://github.com/apache/pekko/blob/1dd51690af2fdb317fec4241cd476c83aac4e768/actor/src/main/resources/reference.conf	Apache-2.0	Accepted: same values and comment multiplicity, no include loss, fixed point; otherwise refusal leaves bytes intact. File check/write exits 1/0 for changes, 0/0 for clean/refused; stdin 0 accepted, 1 refused.	separator :: check=0, write=0, second=0, check-after=0, stdin=0; actual.json#551.conf; 	ok	shared
551.conf	https://github.com/apache/pekko/blob/1dd51690af2fdb317fec4241cd476c83aac4e768/actor/src/main/resources/reference.conf	Apache-2.0	Accepted: same values and comment multiplicity, no include loss, fixed point; otherwise refusal leaves bytes intact. File check/write exits 1/0 for changes, 0/0 for clean/refused; stdin 0 accepted, 1 refused.	separator =: check=0, write=0, second=0, check-after=0, stdin=0; actual.json#551.conf; 	ok	shared
552.conf	https://github.com/apache/pekko/blob/1dd51690af2fdb317fec4241cd476c83aac4e768/actor/src/main/resources/reference.conf	Apache-2.0	Accepted: same values and comment multiplicity, no include loss, fixed point; otherwise refusal leaves bytes intact. File check/write exits 1/0 for changes, 0/0 for clean/refused; stdin 0 accepted, 1 refused.	separator :: check=0, write=0, second=0, check-after=0, stdin=1; actual.json#552.conf; 	refused as designed	sconfig
552.conf	https://github.com/apache/pekko/blob/1dd51690af2fdb317fec4241cd476c83aac4e768/actor/src/main/resources/reference.conf	Apache-2.0	Accepted: same values and comment multiplicity, no include loss, fixed point; otherwise refusal leaves bytes intact. File check/write exits 1/0 for changes, 0/0 for clean/refused; stdin 0 accepted, 1 refused.	separator =: check=0, write=0, second=0, check-after=0, stdin=1; actual.json#552.conf; 	refused as designed	sconfig
553.conf	https://github.com/kastoestoramadus/hocon-fmt	GPL-3.0-only (new HOCON analogue)	Accepted: same values and comment multiplicity, no include loss, fixed point; otherwise refusal leaves bytes intact. File check/write exits 1/0 for changes, 0/0 for clean/refused; stdin 0 accepted, 1 refused.	separator :: check=1, write=0, second=0, check-after=0, stdin=0; actual.json#553.conf; 	ok	shared
553.conf	https://github.com/kastoestoramadus/hocon-fmt	GPL-3.0-only (new HOCON analogue)	Accepted: same values and comment multiplicity, no include loss, fixed point; otherwise refusal leaves bytes intact. File check/write exits 1/0 for changes, 0/0 for clean/refused; stdin 0 accepted, 1 refused.	separator =: check=1, write=0, second=0, check-after=0, stdin=0; actual.json#553.conf; 	ok	shared
554.conf	https://github.com/kastoestoramadus/hocon-fmt	GPL-3.0-only (new HOCON analogue)	Accepted: same values and comment multiplicity, no include loss, fixed point; otherwise refusal leaves bytes intact. File check/write exits 1/0 for changes, 0/0 for clean/refused; stdin 0 accepted, 1 refused.	separator :: check=0, write=0, second=0, check-after=0, stdin=1; actual.json#554.conf; 	refused as designed	shared
554.conf	https://github.com/kastoestoramadus/hocon-fmt	GPL-3.0-only (new HOCON analogue)	Accepted: same values and comment multiplicity, no include loss, fixed point; otherwise refusal leaves bytes intact. File check/write exits 1/0 for changes, 0/0 for clean/refused; stdin 0 accepted, 1 refused.	separator =: check=0, write=0, second=0, check-after=0, stdin=1; actual.json#554.conf; 	refused as designed	shared
555.conf	https://github.com/kastoestoramadus/hocon-fmt	GPL-3.0-only (new HOCON analogue)	Accepted: same values and comment multiplicity, no include loss, fixed point; otherwise refusal leaves bytes intact. File check/write exits 1/0 for changes, 0/0 for clean/refused; stdin 0 accepted, 1 refused.	separator :: check=1, write=0, second=0, check-after=0, stdin=0; actual.json#555.conf; 	ok	shared
555.conf	https://github.com/kastoestoramadus/hocon-fmt	GPL-3.0-only (new HOCON analogue)	Accepted: same values and comment multiplicity, no include loss, fixed point; otherwise refusal leaves bytes intact. File check/write exits 1/0 for changes, 0/0 for clean/refused; stdin 0 accepted, 1 refused.	separator =: check=1, write=0, second=0, check-after=0, stdin=0; actual.json#555.conf; 	ok	shared
556.conf	https://github.com/kastoestoramadus/hocon-fmt	GPL-3.0-only (new HOCON analogue)	Accepted: same values and comment multiplicity, no include loss, fixed point; otherwise refusal leaves bytes intact. File check/write exits 1/0 for changes, 0/0 for clean/refused; stdin 0 accepted, 1 refused.	separator :: check=0, write=0, second=0, check-after=0, stdin=1; actual.json#556.conf; 	refused as designed	sconfig
556.conf	https://github.com/kastoestoramadus/hocon-fmt	GPL-3.0-only (new HOCON analogue)	Accepted: same values and comment multiplicity, no include loss, fixed point; otherwise refusal leaves bytes intact. File check/write exits 1/0 for changes, 0/0 for clean/refused; stdin 0 accepted, 1 refused.	separator =: check=0, write=0, second=0, check-after=0, stdin=1; actual.json#556.conf; 	refused as designed	sconfig
case-env-root.conf	https://github.com/kastoestoramadus/hocon-fmt	GPL-3.0-only (new HOCON analogue)	Preserve values, comments and includes or refuse; fixed point; documented CLI exits.	separator :: check=0, write=0, second=0, check-after=0, stdin=1; actual.json#case-env-root.conf; 	refused as designed	sconfig
case-env-root.conf	https://github.com/kastoestoramadus/hocon-fmt	GPL-3.0-only (new HOCON analogue)	Preserve values, comments and includes or refuse; fixed point; documented CLI exits.	separator =: check=0, write=0, second=0, check-after=0, stdin=1; actual.json#case-env-root.conf; 	refused as designed	sconfig
case-env-root-y.conf	https://github.com/kastoestoramadus/hocon-fmt	GPL-3.0-only (new HOCON analogue)	Preserve values, comments and includes or refuse; fixed point; documented CLI exits.	separator :: check=0, write=0, second=0, check-after=0, stdin=1; actual.json#case-env-root-y.conf; 	refused as designed	sconfig
case-env-root-y.conf	https://github.com/kastoestoramadus/hocon-fmt	GPL-3.0-only (new HOCON analogue)	Preserve values, comments and includes or refuse; fixed point; documented CLI exits.	separator =: check=0, write=0, second=0, check-after=0, stdin=1; actual.json#case-env-root-y.conf; 	refused as designed	sconfig
case-array-tail.conf	https://github.com/kastoestoramadus/hocon-fmt	GPL-3.0-only (new HOCON analogue)	Preserve values, comments and includes or refuse; fixed point; documented CLI exits.	separator :: check=0, write=0, second=0, check-after=0, stdin=1; actual.json#case-array-tail.conf; 	refused as designed	sconfig
case-array-tail.conf	https://github.com/kastoestoramadus/hocon-fmt	GPL-3.0-only (new HOCON analogue)	Preserve values, comments and includes or refuse; fixed point; documented CLI exits.	separator =: check=0, write=0, second=0, check-after=0, stdin=1; actual.json#case-array-tail.conf; 	refused as designed	sconfig
case-object-merge.conf	https://github.com/kastoestoramadus/hocon-fmt	GPL-3.0-only (new HOCON analogue)	Preserve values, comments and includes or refuse; fixed point; documented CLI exits.	separator :: check=0, write=0, second=0, check-after=0, stdin=1; actual.json#case-object-merge.conf; 	refused as designed	sconfig
case-object-merge.conf	https://github.com/kastoestoramadus/hocon-fmt	GPL-3.0-only (new HOCON analogue)	Preserve values, comments and includes or refuse; fixed point; documented CLI exits.	separator =: check=0, write=0, second=0, check-after=0, stdin=1; actual.json#case-object-merge.conf; 	refused as designed	sconfig
case-object-substitution-comments.conf	https://github.com/kastoestoramadus/hocon-fmt	GPL-3.0-only (new HOCON analogue)	Preserve values, comments and includes or refuse; fixed point; documented CLI exits.	separator :: check=1, write=0, second=0, check-after=0, stdin=0; actual.json#case-object-substitution-comments.conf; 	ok	shared
case-object-substitution-comments.conf	https://github.com/kastoestoramadus/hocon-fmt	GPL-3.0-only (new HOCON analogue)	Preserve values, comments and includes or refuse; fixed point; documented CLI exits.	separator =: check=1, write=0, second=0, check-after=0, stdin=0; actual.json#case-object-substitution-comments.conf; 	ok	shared
case-include-precedence.conf	https://github.com/kastoestoramadus/hocon-fmt	GPL-3.0-only (new HOCON analogue)	Preserve values, comments and includes or refuse; fixed point; documented CLI exits.	separator :: check=1, write=0, second=0, check-after=0, stdin=0; actual.json#case-include-precedence.conf; 	ok	shared
case-include-precedence.conf	https://github.com/kastoestoramadus/hocon-fmt	GPL-3.0-only (new HOCON analogue)	Preserve values, comments and includes or refuse; fixed point; documented CLI exits.	separator =: check=1, write=0, second=0, check-after=0, stdin=0; actual.json#case-include-precedence.conf; 	ok	shared
case-header-include-inline.conf	https://github.com/kastoestoramadus/hocon-fmt	GPL-3.0-only (new HOCON analogue)	Preserve values, comments and includes or refuse; fixed point; documented CLI exits.	separator :: check=1, write=0, second=0, check-after=0, stdin=0; actual.json#case-header-include-inline.conf; 	ok	shared
case-header-include-inline.conf	https://github.com/kastoestoramadus/hocon-fmt	GPL-3.0-only (new HOCON analogue)	Preserve values, comments and includes or refuse; fixed point; documented CLI exits.	separator =: check=1, write=0, second=0, check-after=0, stdin=0; actual.json#case-header-include-inline.conf; 	ok	shared
case-note-include-pair.conf	https://github.com/kastoestoramadus/hocon-fmt	GPL-3.0-only (new HOCON analogue)	Preserve values, comments and includes or refuse; fixed point; documented CLI exits.	separator :: check=1, write=0, second=0, check-after=0, stdin=0; actual.json#case-note-include-pair.conf; 	ok	shared
case-note-include-pair.conf	https://github.com/kastoestoramadus/hocon-fmt	GPL-3.0-only (new HOCON analogue)	Preserve values, comments and includes or refuse; fixed point; documented CLI exits.	separator =: check=1, write=0, second=0, check-after=0, stdin=0; actual.json#case-note-include-pair.conf; 	ok	shared
case-include-inline-after.conf	https://github.com/kastoestoramadus/hocon-fmt	GPL-3.0-only (new HOCON analogue)	Preserve values, comments and includes or refuse; fixed point; documented CLI exits.	separator :: check=1, write=0, second=0, check-after=0, stdin=0; actual.json#case-include-inline-after.conf; 	ok	shared
case-include-inline-after.conf	https://github.com/kastoestoramadus/hocon-fmt	GPL-3.0-only (new HOCON analogue)	Preserve values, comments and includes or refuse; fixed point; documented CLI exits.	separator =: check=1, write=0, second=0, check-after=0, stdin=0; actual.json#case-include-inline-after.conf; 	ok	shared
case-include-alone.conf	https://github.com/kastoestoramadus/hocon-fmt	GPL-3.0-only (new HOCON analogue)	Preserve values, comments and includes or refuse; fixed point; documented CLI exits.	separator :: check=1, write=0, second=0, check-after=0, stdin=0; actual.json#case-include-alone.conf; 	ok	shared
case-include-alone.conf	https://github.com/kastoestoramadus/hocon-fmt	GPL-3.0-only (new HOCON analogue)	Preserve values, comments and includes or refuse; fixed point; documented CLI exits.	separator =: check=1, write=0, second=0, check-after=0, stdin=0; actual.json#case-include-alone.conf; 	ok	shared
case-include-file.conf	https://github.com/kastoestoramadus/hocon-fmt	GPL-3.0-only (new HOCON analogue)	Preserve values, comments and includes or refuse; fixed point; documented CLI exits.	separator :: check=1, write=0, second=0, check-after=0, stdin=0; actual.json#case-include-file.conf; 	ok	shared
case-include-file.conf	https://github.com/kastoestoramadus/hocon-fmt	GPL-3.0-only (new HOCON analogue)	Preserve values, comments and includes or refuse; fixed point; documented CLI exits.	separator =: check=1, write=0, second=0, check-after=0, stdin=0; actual.json#case-include-file.conf; 	ok	shared
case-include-required.conf	https://github.com/kastoestoramadus/hocon-fmt	GPL-3.0-only (new HOCON analogue)	Preserve values, comments and includes or refuse; fixed point; documented CLI exits.	separator :: check=1, write=0, second=0, check-after=0, stdin=0; actual.json#case-include-required.conf; 	ok	shared
case-include-required.conf	https://github.com/kastoestoramadus/hocon-fmt	GPL-3.0-only (new HOCON analogue)	Preserve values, comments and includes or refuse; fixed point; documented CLI exits.	separator =: check=1, write=0, second=0, check-after=0, stdin=0; actual.json#case-include-required.conf; 	ok	shared
case-include-classpath.conf	https://github.com/kastoestoramadus/hocon-fmt	GPL-3.0-only (new HOCON analogue)	Preserve values, comments and includes or refuse; fixed point; documented CLI exits.	separator :: check=1, write=0, second=0, check-after=0, stdin=0; actual.json#case-include-classpath.conf; 	ok	shared
case-include-classpath.conf	https://github.com/kastoestoramadus/hocon-fmt	GPL-3.0-only (new HOCON analogue)	Preserve values, comments and includes or refuse; fixed point; documented CLI exits.	separator =: check=1, write=0, second=0, check-after=0, stdin=0; actual.json#case-include-classpath.conf; 	ok	shared
case-include-unclosed.conf	https://github.com/kastoestoramadus/hocon-fmt	GPL-3.0-only (new HOCON analogue)	Preserve values, comments and includes or refuse; fixed point; documented CLI exits.	separator :: check=0, write=0, second=0, check-after=0, stdin=1; actual.json#case-include-unclosed.conf; 	refused as designed	shared
case-include-unclosed.conf	https://github.com/kastoestoramadus/hocon-fmt	GPL-3.0-only (new HOCON analogue)	Preserve values, comments and includes or refuse; fixed point; documented CLI exits.	separator =: check=0, write=0, second=0, check-after=0, stdin=1; actual.json#case-include-unclosed.conf; 	refused as designed	shared
case-include-nested.conf	https://github.com/kastoestoramadus/hocon-fmt	GPL-3.0-only (new HOCON analogue)	Preserve values, comments and includes or refuse; fixed point; documented CLI exits.	separator :: check=1, write=0, second=0, check-after=0, stdin=0; actual.json#case-include-nested.conf; 	ok	shared
case-include-nested.conf	https://github.com/kastoestoramadus/hocon-fmt	GPL-3.0-only (new HOCON analogue)	Preserve values, comments and includes or refuse; fixed point; documented CLI exits.	separator =: check=1, write=0, second=0, check-after=0, stdin=0; actual.json#case-include-nested.conf; 	ok	shared
case-json-conf.conf	https://github.com/kastoestoramadus/hocon-fmt	GPL-3.0-only (new HOCON analogue)	Preserve values, comments and includes or refuse; fixed point; documented CLI exits.	separator :: check=0, write=0, second=0, check-after=0, stdin=1; actual.json#case-json-conf.conf; 	refused as designed	sconfig
case-json-conf.conf	https://github.com/kastoestoramadus/hocon-fmt	GPL-3.0-only (new HOCON analogue)	Preserve values, comments and includes or refuse; fixed point; documented CLI exits.	separator =: check=0, write=0, second=0, check-after=0, stdin=1; actual.json#case-json-conf.conf; 	refused as designed	sconfig
case-prose-placeholder.conf	https://github.com/kastoestoramadus/hocon-fmt	GPL-3.0-only (new HOCON analogue)	Preserve values, comments and includes or refuse; fixed point; documented CLI exits.	separator :: check=0, write=0, second=0, check-after=0, stdin=1; actual.json#case-prose-placeholder.conf; 	refused as designed	ours
case-prose-placeholder.conf	https://github.com/kastoestoramadus/hocon-fmt	GPL-3.0-only (new HOCON analogue)	Preserve values, comments and includes or refuse; fixed point; documented CLI exits.	separator =: check=0, write=0, second=0, check-after=0, stdin=1; actual.json#case-prose-placeholder.conf; 	refused as designed	ours
case-prose-placeholder-no-include.conf	https://github.com/kastoestoramadus/hocon-fmt	GPL-3.0-only (new HOCON analogue)	Preserve values, comments and includes or refuse; fixed point; documented CLI exits.	separator :: check=1, write=0, second=0, check-after=0, stdin=0; actual.json#case-prose-placeholder-no-include.conf; 	ok	shared
case-prose-placeholder-no-include.conf	https://github.com/kastoestoramadus/hocon-fmt	GPL-3.0-only (new HOCON analogue)	Preserve values, comments and includes or refuse; fixed point; documented CLI exits.	separator =: check=1, write=0, second=0, check-after=0, stdin=0; actual.json#case-prose-placeholder-no-include.conf; 	ok	shared
case-raw-whitespace.conf	https://github.com/kastoestoramadus/hocon-fmt	GPL-3.0-only (new HOCON analogue)	Preserve values, comments and includes or refuse; fixed point; documented CLI exits.	separator :: check=1, write=0, second=0, check-after=0, stdin=0; actual.json#case-raw-whitespace.conf; 	ok	shared
case-raw-whitespace.conf	https://github.com/kastoestoramadus/hocon-fmt	GPL-3.0-only (new HOCON analogue)	Preserve values, comments and includes or refuse; fixed point; documented CLI exits.	separator =: check=1, write=0, second=0, check-after=0, stdin=0; actual.json#case-raw-whitespace.conf; 	ok	shared
case-raw-whitespace-surround.conf	https://github.com/kastoestoramadus/hocon-fmt	GPL-3.0-only (new HOCON analogue)	Preserve values, comments and includes or refuse; fixed point; documented CLI exits.	separator :: check=1, write=0, second=0, check-after=0, stdin=0; actual.json#case-raw-whitespace-surround.conf; 	ok	shared
case-raw-whitespace-surround.conf	https://github.com/kastoestoramadus/hocon-fmt	GPL-3.0-only (new HOCON analogue)	Preserve values, comments and includes or refuse; fixed point; documented CLI exits.	separator =: check=1, write=0, second=0, check-after=0, stdin=0; actual.json#case-raw-whitespace-surround.conf; 	ok	shared
case-raw-comments.conf	https://github.com/kastoestoramadus/hocon-fmt	GPL-3.0-only (new HOCON analogue)	Preserve values, comments and includes or refuse; fixed point; documented CLI exits.	separator :: check=1, write=0, second=0, check-after=0, stdin=0; actual.json#case-raw-comments.conf; 	ok	shared
case-raw-comments.conf	https://github.com/kastoestoramadus/hocon-fmt	GPL-3.0-only (new HOCON analogue)	Preserve values, comments and includes or refuse; fixed point; documented CLI exits.	separator =: check=1, write=0, second=0, check-after=0, stdin=0; actual.json#case-raw-comments.conf; 	ok	shared
case-nested-comment.conf	https://github.com/kastoestoramadus/hocon-fmt	GPL-3.0-only (new HOCON analogue)	Preserve values, comments and includes or refuse; fixed point; documented CLI exits.	separator :: check=1, write=0, second=0, check-after=0, stdin=0; actual.json#case-nested-comment.conf; 	ok	shared
case-nested-comment.conf	https://github.com/kastoestoramadus/hocon-fmt	GPL-3.0-only (new HOCON analogue)	Preserve values, comments and includes or refuse; fixed point; documented CLI exits.	separator =: check=1, write=0, second=0, check-after=0, stdin=0; actual.json#case-nested-comment.conf; 	ok	shared
case-root-inline.conf	https://github.com/kastoestoramadus/hocon-fmt	GPL-3.0-only (new HOCON analogue)	Preserve values, comments and includes or refuse; fixed point; documented CLI exits.	separator :: check=1, write=0, second=0, check-after=0, stdin=0; actual.json#case-root-inline.conf; 	ok	shared
case-root-inline.conf	https://github.com/kastoestoramadus/hocon-fmt	GPL-3.0-only (new HOCON analogue)	Preserve values, comments and includes or refuse; fixed point; documented CLI exits.	separator =: check=1, write=0, second=0, check-after=0, stdin=0; actual.json#case-root-inline.conf; 	ok	shared
case-compound-comment.conf	https://github.com/kastoestoramadus/hocon-fmt	GPL-3.0-only (new HOCON analogue)	Preserve values, comments and includes or refuse; fixed point; documented CLI exits.	separator :: check=1, write=0, second=0, check-after=0, stdin=0; actual.json#case-compound-comment.conf; 	ok	shared
case-compound-comment.conf	https://github.com/kastoestoramadus/hocon-fmt	GPL-3.0-only (new HOCON analogue)	Preserve values, comments and includes or refuse; fixed point; documented CLI exits.	separator =: check=1, write=0, second=0, check-after=0, stdin=0; actual.json#case-compound-comment.conf; 	ok	shared
case-markdown-comment.conf	https://github.com/kastoestoramadus/hocon-fmt	GPL-3.0-only (new HOCON analogue)	Preserve values, comments and includes or refuse; fixed point; documented CLI exits.	separator :: check=1, write=0, second=0, check-after=0, stdin=0; actual.json#case-markdown-comment.conf; 	ok	shared
case-markdown-comment.conf	https://github.com/kastoestoramadus/hocon-fmt	GPL-3.0-only (new HOCON analogue)	Preserve values, comments and includes or refuse; fixed point; documented CLI exits.	separator =: check=1, write=0, second=0, check-after=0, stdin=0; actual.json#case-markdown-comment.conf; 	ok	shared
case-pragma-object.conf	https://github.com/kastoestoramadus/hocon-fmt	GPL-3.0-only (new HOCON analogue)	Preserve values, comments and includes or refuse; fixed point; documented CLI exits.	separator :: check=1, write=0, second=0, check-after=0, stdin=0; actual.json#case-pragma-object.conf; 	ok	shared
case-pragma-object.conf	https://github.com/kastoestoramadus/hocon-fmt	GPL-3.0-only (new HOCON analogue)	Preserve values, comments and includes or refuse; fixed point; documented CLI exits.	separator =: check=1, write=0, second=0, check-after=0, stdin=0; actual.json#case-pragma-object.conf; 	ok	shared
case-unclosed-object.conf	https://github.com/kastoestoramadus/hocon-fmt	GPL-3.0-only (new HOCON analogue)	Preserve values, comments and includes or refuse; fixed point; documented CLI exits.	separator :: check=0, write=0, second=0, check-after=0, stdin=1; actual.json#case-unclosed-object.conf; 	refused as designed	shared
case-unclosed-object.conf	https://github.com/kastoestoramadus/hocon-fmt	GPL-3.0-only (new HOCON analogue)	Preserve values, comments and includes or refuse; fixed point; documented CLI exits.	separator =: check=0, write=0, second=0, check-after=0, stdin=1; actual.json#case-unclosed-object.conf; 	refused as designed	shared
case-no-unquoting.conf	https://github.com/kastoestoramadus/hocon-fmt	GPL-3.0-only (new HOCON analogue)	Preserve values, comments and includes or refuse; fixed point; documented CLI exits.	separator :: check=1, write=0, second=0, check-after=0, stdin=0; actual.json#case-no-unquoting.conf; 	ok	shared
case-no-unquoting.conf	https://github.com/kastoestoramadus/hocon-fmt	GPL-3.0-only (new HOCON analogue)	Preserve values, comments and includes or refuse; fixed point; documented CLI exits.	separator =: check=1, write=0, second=0, check-after=0, stdin=0; actual.json#case-no-unquoting.conf; 	ok	shared
case-concatenation.conf	https://github.com/kastoestoramadus/hocon-fmt	GPL-3.0-only (new HOCON analogue)	Preserve values, comments and includes or refuse; fixed point; documented CLI exits.	separator :: check=1, write=0, second=0, check-after=0, stdin=0; actual.json#case-concatenation.conf; 	ok	shared
case-concatenation.conf	https://github.com/kastoestoramadus/hocon-fmt	GPL-3.0-only (new HOCON analogue)	Preserve values, comments and includes or refuse; fixed point; documented CLI exits.	separator =: check=1, write=0, second=0, check-after=0, stdin=0; actual.json#case-concatenation.conf; 	ok	shared
case-substitution-malformed.conf	https://github.com/kastoestoramadus/hocon-fmt	GPL-3.0-only (new HOCON analogue)	Preserve values, comments and includes or refuse; fixed point; documented CLI exits.	separator :: check=0, write=0, second=0, check-after=0, stdin=1; actual.json#case-substitution-malformed.conf; 	refused as designed	shared
case-substitution-malformed.conf	https://github.com/kastoestoramadus/hocon-fmt	GPL-3.0-only (new HOCON analogue)	Preserve values, comments and includes or refuse; fixed point; documented CLI exits.	separator =: check=0, write=0, second=0, check-after=0, stdin=1; actual.json#case-substitution-malformed.conf; 	refused as designed	shared
case-missing-value.conf	https://github.com/kastoestoramadus/hocon-fmt	GPL-3.0-only (new HOCON analogue)	Preserve values, comments and includes or refuse; fixed point; documented CLI exits.	separator :: check=0, write=0, second=0, check-after=0, stdin=1; actual.json#case-missing-value.conf; 	refused as designed	shared
case-missing-value.conf	https://github.com/kastoestoramadus/hocon-fmt	GPL-3.0-only (new HOCON analogue)	Preserve values, comments and includes or refuse; fixed point; documented CLI exits.	separator =: check=0, write=0, second=0, check-after=0, stdin=1; actual.json#case-missing-value.conf; 	refused as designed	shared
case-substitution-open.conf	https://github.com/kastoestoramadus/hocon-fmt	GPL-3.0-only (new HOCON analogue)	Preserve values, comments and includes or refuse; fixed point; documented CLI exits.	separator :: check=0, write=0, second=0, check-after=0, stdin=1; actual.json#case-substitution-open.conf; 	refused as designed	shared
case-substitution-open.conf	https://github.com/kastoestoramadus/hocon-fmt	GPL-3.0-only (new HOCON analogue)	Preserve values, comments and includes or refuse; fixed point; documented CLI exits.	separator =: check=0, write=0, second=0, check-after=0, stdin=1; actual.json#case-substitution-open.conf; 	refused as designed	shared
case-stray-close.conf	https://github.com/kastoestoramadus/hocon-fmt	GPL-3.0-only (new HOCON analogue)	Preserve values, comments and includes or refuse; fixed point; documented CLI exits.	separator :: check=0, write=0, second=0, check-after=0, stdin=1; actual.json#case-stray-close.conf; 	refused as designed	shared
case-stray-close.conf	https://github.com/kastoestoramadus/hocon-fmt	GPL-3.0-only (new HOCON analogue)	Preserve values, comments and includes or refuse; fixed point; documented CLI exits.	separator =: check=0, write=0, second=0, check-after=0, stdin=1; actual.json#case-stray-close.conf; 	refused as designed	shared
case-long-comment.conf	https://github.com/kastoestoramadus/hocon-fmt	GPL-3.0-only (new HOCON analogue)	Preserve values, comments and includes or refuse; fixed point; documented CLI exits.	separator :: check=1, write=0, second=0, check-after=0, stdin=0; actual.json#case-long-comment.conf; 	ok	shared
case-long-comment.conf	https://github.com/kastoestoramadus/hocon-fmt	GPL-3.0-only (new HOCON analogue)	Preserve values, comments and includes or refuse; fixed point; documented CLI exits.	separator =: check=1, write=0, second=0, check-after=0, stdin=0; actual.json#case-long-comment.conf; 	ok	shared
case-raw-trailing.conf	https://github.com/kastoestoramadus/hocon-fmt	GPL-3.0-only (new HOCON analogue)	Preserve values, comments and includes or refuse; fixed point; documented CLI exits.	separator :: check=1, write=0, second=0, check-after=0, stdin=0; actual.json#case-raw-trailing.conf; 	ok	shared
case-raw-trailing.conf	https://github.com/kastoestoramadus/hocon-fmt	GPL-3.0-only (new HOCON analogue)	Preserve values, comments and includes or refuse; fixed point; documented CLI exits.	separator =: check=1, write=0, second=0, check-after=0, stdin=0; actual.json#case-raw-trailing.conf; 	ok	shared
case-include-comment-between.conf	https://github.com/kastoestoramadus/hocon-fmt	GPL-3.0-only (new HOCON analogue)	Preserve values, comments and includes or refuse; fixed point; documented CLI exits.	separator :: check=1, write=0, second=0, check-after=0, stdin=0; actual.json#case-include-comment-between.conf; 	ok	shared
case-include-comment-between.conf	https://github.com/kastoestoramadus/hocon-fmt	GPL-3.0-only (new HOCON analogue)	Preserve values, comments and includes or refuse; fixed point; documented CLI exits.	separator =: check=1, write=0, second=0, check-after=0, stdin=0; actual.json#case-include-comment-between.conf; 	ok	shared
case-comment-trim.conf	https://github.com/kastoestoramadus/hocon-fmt	GPL-3.0-only (new HOCON analogue)	Preserve values, comments and includes or refuse; fixed point; documented CLI exits.	separator :: check=1, write=0, second=0, check-after=0, stdin=0; actual.json#case-comment-trim.conf; 	ok	shared
case-comment-trim.conf	https://github.com/kastoestoramadus/hocon-fmt	GPL-3.0-only (new HOCON analogue)	Preserve values, comments and includes or refuse; fixed point; documented CLI exits.	separator =: check=1, write=0, second=0, check-after=0, stdin=0; actual.json#case-comment-trim.conf; 	ok	shared
case-raw-bom-env.conf	https://github.com/kastoestoramadus/hocon-fmt	GPL-3.0-only (new HOCON analogue)	Preserve values, comments and includes or refuse; fixed point; documented CLI exits.	separator :: check=1, write=0, second=0, check-after=0, stdin=0; actual.json#case-raw-bom-env.conf; 	ok	shared
case-raw-bom-env.conf	https://github.com/kastoestoramadus/hocon-fmt	GPL-3.0-only (new HOCON analogue)	Preserve values, comments and includes or refuse; fixed point; documented CLI exits.	separator =: check=1, write=0, second=0, check-after=0, stdin=0; actual.json#case-raw-bom-env.conf; 	ok	shared
case-comments-tabs-crlf.conf	https://github.com/kastoestoramadus/hocon-fmt	GPL-3.0-only (new HOCON analogue)	Preserve values, comments and includes or refuse; fixed point; documented CLI exits.	separator :: check=1, write=0, second=0, check-after=0, stdin=0; actual.json#case-comments-tabs-crlf.conf; 	ok	shared
case-comments-tabs-crlf.conf	https://github.com/kastoestoramadus/hocon-fmt	GPL-3.0-only (new HOCON analogue)	Preserve values, comments and includes or refuse; fixed point; documented CLI exits.	separator =: check=1, write=0, second=0, check-after=0, stdin=0; actual.json#case-comments-tabs-crlf.conf; 	ok	shared
case-append-comment-path.conf	https://github.com/kastoestoramadus/hocon-fmt	GPL-3.0-only (new HOCON analogue)	Preserve values, comments and includes or refuse; fixed point; documented CLI exits.	separator :: check=0, write=0, second=0, check-after=0, stdin=1; actual.json#case-append-comment-path.conf; 	refused as designed	sconfig
case-append-comment-path.conf	https://github.com/kastoestoramadus/hocon-fmt	GPL-3.0-only (new HOCON analogue)	Preserve values, comments and includes or refuse; fixed point; documented CLI exits.	separator =: check=0, write=0, second=0, check-after=0, stdin=1; actual.json#case-append-comment-path.conf; 	refused as designed	sconfig
case-nested-inline-array.conf	https://github.com/kastoestoramadus/hocon-fmt	GPL-3.0-only (new HOCON analogue)	Preserve values, comments and includes or refuse; fixed point; documented CLI exits.	separator :: check=1, write=0, second=0, check-after=0, stdin=0; actual.json#case-nested-inline-array.conf; 	ok	shared
case-nested-inline-array.conf	https://github.com/kastoestoramadus/hocon-fmt	GPL-3.0-only (new HOCON analogue)	Preserve values, comments and includes or refuse; fixed point; documented CLI exits.	separator =: check=1, write=0, second=0, check-after=0, stdin=0; actual.json#case-nested-inline-array.conf; 	ok	shared
case-detached-between.conf	https://github.com/kastoestoramadus/hocon-fmt	GPL-3.0-only (new HOCON analogue)	Preserve values, comments and includes or refuse; fixed point; documented CLI exits.	separator :: check=1, write=0, second=0, check-after=0, stdin=0; actual.json#case-detached-between.conf; 	ok	shared
case-detached-between.conf	https://github.com/kastoestoramadus/hocon-fmt	GPL-3.0-only (new HOCON analogue)	Preserve values, comments and includes or refuse; fixed point; documented CLI exits.	separator =: check=1, write=0, second=0, check-after=0, stdin=0; actual.json#case-detached-between.conf; 	ok	shared
case-array-position.conf	https://github.com/kastoestoramadus/hocon-fmt	GPL-3.0-only (new HOCON analogue)	Preserve values, comments and includes or refuse; fixed point; documented CLI exits.	separator :: check=1, write=0, second=0, check-after=0, stdin=0; actual.json#case-array-position.conf; 	ok	shared
case-array-position.conf	https://github.com/kastoestoramadus/hocon-fmt	GPL-3.0-only (new HOCON analogue)	Preserve values, comments and includes or refuse; fixed point; documented CLI exits.	separator =: check=1, write=0, second=0, check-after=0, stdin=0; actual.json#case-array-position.conf; 	ok	shared
case-nested-sibling-comments.conf	https://github.com/kastoestoramadus/hocon-fmt	GPL-3.0-only (new HOCON analogue)	Preserve values, comments and includes or refuse; fixed point; documented CLI exits.	separator :: check=1, write=0, second=0, check-after=0, stdin=0; actual.json#case-nested-sibling-comments.conf; 	ok	shared
case-nested-sibling-comments.conf	https://github.com/kastoestoramadus/hocon-fmt	GPL-3.0-only (new HOCON analogue)	Preserve values, comments and includes or refuse; fixed point; documented CLI exits.	separator =: check=1, write=0, second=0, check-after=0, stdin=0; actual.json#case-nested-sibling-comments.conf; 	ok	shared
case-overridden-comments.conf	https://github.com/kastoestoramadus/hocon-fmt	GPL-3.0-only (new HOCON analogue)	Preserve values, comments and includes or refuse; fixed point; documented CLI exits.	separator :: check=0, write=0, second=0, check-after=0, stdin=1; actual.json#case-overridden-comments.conf; 	refused as designed	sconfig
case-overridden-comments.conf	https://github.com/kastoestoramadus/hocon-fmt	GPL-3.0-only (new HOCON analogue)	Preserve values, comments and includes or refuse; fixed point; documented CLI exits.	separator =: check=0, write=0, second=0, check-after=0, stdin=1; actual.json#case-overridden-comments.conf; 	refused as designed	sconfig
case-numeric-huge.conf	https://github.com/kastoestoramadus/hocon-fmt	GPL-3.0-only (new HOCON analogue)	Preserve values, comments and includes or refuse; fixed point; documented CLI exits.	separator :: check=1, write=0, second=0, check-after=0, stdin=0; actual.json#case-numeric-huge.conf; 	ok	shared
case-numeric-huge.conf	https://github.com/kastoestoramadus/hocon-fmt	GPL-3.0-only (new HOCON analogue)	Preserve values, comments and includes or refuse; fixed point; documented CLI exits.	separator =: check=1, write=0, second=0, check-after=0, stdin=0; actual.json#case-numeric-huge.conf; 	ok	shared
case-bare-cr-comment.conf	https://github.com/kastoestoramadus/hocon-fmt	GPL-3.0-only (new HOCON analogue)	Preserve values, comments and includes or refuse; fixed point; documented CLI exits.	separator :: check=0, write=0, second=0, check-after=0, stdin=1; actual.json#case-bare-cr-comment.conf; 	refused as designed	sconfig
case-bare-cr-comment.conf	https://github.com/kastoestoramadus/hocon-fmt	GPL-3.0-only (new HOCON analogue)	Preserve values, comments and includes or refuse; fixed point; documented CLI exits.	separator =: check=0, write=0, second=0, check-after=0, stdin=1; actual.json#case-bare-cr-comment.conf; 	refused as designed	sconfig
case-random-bytes.conf	https://github.com/kastoestoramadus/hocon-fmt	GPL-3.0-only (new HOCON analogue)	Preserve values, comments and includes or refuse; fixed point; documented CLI exits.	separator :: check=0, write=0, second=0, check-after=0, stdin=1; actual.json#case-random-bytes.conf; 	refused as designed	ours
case-random-bytes.conf	https://github.com/kastoestoramadus/hocon-fmt	GPL-3.0-only (new HOCON analogue)	Preserve values, comments and includes or refuse; fixed point; documented CLI exits.	separator =: check=0, write=0, second=0, check-after=0, stdin=1; actual.json#case-random-bytes.conf; 	refused as designed	ours
case-long-300.conf	https://github.com/kastoestoramadus/hocon-fmt	GPL-3.0-only (new HOCON analogue)	Preserve values, comments and includes or refuse; fixed point; documented CLI exits.	separator :: check=1, write=0, second=0, check-after=0, stdin=0; actual.json#case-long-300.conf; 	ok	shared
case-long-300.conf	https://github.com/kastoestoramadus/hocon-fmt	GPL-3.0-only (new HOCON analogue)	Preserve values, comments and includes or refuse; fixed point; documented CLI exits.	separator =: check=1, write=0, second=0, check-after=0, stdin=0; actual.json#case-long-300.conf; 	ok	shared
case-long-escapes.conf	https://github.com/kastoestoramadus/hocon-fmt	GPL-3.0-only (new HOCON analogue)	Preserve values, comments and includes or refuse; fixed point; documented CLI exits.	separator :: check=1, write=0, second=0, check-after=0, stdin=0; actual.json#case-long-escapes.conf; 	ok	shared
case-long-escapes.conf	https://github.com/kastoestoramadus/hocon-fmt	GPL-3.0-only (new HOCON analogue)	Preserve values, comments and includes or refuse; fixed point; documented CLI exits.	separator =: check=1, write=0, second=0, check-after=0, stdin=0; actual.json#case-long-escapes.conf; 	ok	shared
case-bom-unicode-crlf.conf	https://github.com/kastoestoramadus/hocon-fmt	GPL-3.0-only (new HOCON analogue)	Preserve values, comments and includes or refuse; fixed point; documented CLI exits.	separator :: check=1, write=0, second=0, check-after=0, stdin=0; actual.json#case-bom-unicode-crlf.conf; 	ok	shared
case-bom-unicode-crlf.conf	https://github.com/kastoestoramadus/hocon-fmt	GPL-3.0-only (new HOCON analogue)	Preserve values, comments and includes or refuse; fixed point; documented CLI exits.	separator =: check=1, write=0, second=0, check-after=0, stdin=0; actual.json#case-bom-unicode-crlf.conf; 	ok	shared
case-leading-no-final.conf	https://github.com/kastoestoramadus/hocon-fmt	GPL-3.0-only (new HOCON analogue)	Preserve values, comments and includes or refuse; fixed point; documented CLI exits.	separator :: check=1, write=0, second=0, check-after=0, stdin=0; actual.json#case-leading-no-final.conf; 	ok	shared
case-leading-no-final.conf	https://github.com/kastoestoramadus/hocon-fmt	GPL-3.0-only (new HOCON analogue)	Preserve values, comments and includes or refuse; fixed point; documented CLI exits.	separator =: check=1, write=0, second=0, check-after=0, stdin=0; actual.json#case-leading-no-final.conf; 	ok	shared
case-style-four.conf	https://github.com/kastoestoramadus/hocon-fmt	GPL-3.0-only (new HOCON analogue)	Preserve values, comments and includes or refuse; fixed point; documented CLI exits.	separator :: check=1, write=0, second=0, check-after=0, stdin=0; actual.json#case-style-four.conf; 	ok	shared
case-style-four.conf	https://github.com/kastoestoramadus/hocon-fmt	GPL-3.0-only (new HOCON analogue)	Preserve values, comments and includes or refuse; fixed point; documented CLI exits.	separator =: check=1, write=0, second=0, check-after=0, stdin=0; actual.json#case-style-four.conf; 	ok	shared
case-include-empty-barrier.conf	https://github.com/kastoestoramadus/hocon-fmt	GPL-3.0-only (new analogue)	Values/comments/includes preserved or refused; fixed point and CLI contract.	separator :: check=1, write=0, second=0, check-after=0, stdin=0; actual.json#case-include-empty-barrier.conf; meaning changed	BUG	shared
case-include-empty-barrier.conf	https://github.com/kastoestoramadus/hocon-fmt	GPL-3.0-only (new analogue)	Values/comments/includes preserved or refused; fixed point and CLI contract.	separator =: check=1, write=0, second=0, check-after=0, stdin=0; actual.json#case-include-empty-barrier.conf; meaning changed	BUG	shared
case-string-substitution.conf	https://github.com/kastoestoramadus/hocon-fmt	GPL-3.0-only (new analogue)	Values/comments/includes preserved or refused; fixed point and CLI contract.	separator :: check=1, write=0, second=0, check-after=0, stdin=0; actual.json#case-string-substitution.conf; 	ok	shared
case-string-substitution.conf	https://github.com/kastoestoramadus/hocon-fmt	GPL-3.0-only (new analogue)	Values/comments/includes preserved or refused; fixed point and CLI contract.	separator =: check=1, write=0, second=0, check-after=0, stdin=0; actual.json#case-string-substitution.conf; 	ok	shared
case-array-element-inline.conf	https://github.com/kastoestoramadus/hocon-fmt	GPL-3.0-only (new analogue)	Values/comments/includes preserved or refused; fixed point and CLI contract.	separator :: check=1, write=0, second=0, check-after=0, stdin=0; actual.json#case-array-element-inline.conf; 	ok	shared
case-array-element-inline.conf	https://github.com/kastoestoramadus/hocon-fmt	GPL-3.0-only (new analogue)	Values/comments/includes preserved or refused; fixed point and CLI contract.	separator =: check=1, write=0, second=0, check-after=0, stdin=0; actual.json#case-array-element-inline.conf; 	ok	shared
case-unknown-comment-only.conf	https://github.com/kastoestoramadus/hocon-fmt	GPL-3.0-only (new analogue)	Values/comments/includes preserved or refused; fixed point and CLI contract.	separator :: check=0, write=0, second=0, check-after=0, stdin=1; actual.json#case-unknown-comment-only.conf; 	refused as designed	sconfig
case-unknown-comment-only.conf	https://github.com/kastoestoramadus/hocon-fmt	GPL-3.0-only (new analogue)	Values/comments/includes preserved or refused; fixed point and CLI contract.	separator =: check=0, write=0, second=0, check-after=0, stdin=1; actual.json#case-unknown-comment-only.conf; 	refused as designed	sconfig
case-comment-only-unclosed-object.conf	https://github.com/kastoestoramadus/hocon-fmt	GPL-3.0-only (new analogue)	Values/comments/includes preserved or refused; fixed point and CLI contract.	separator :: check=0, write=0, second=0, check-after=0, stdin=1; actual.json#case-comment-only-unclosed-object.conf; 	refused as designed	shared
case-comment-only-unclosed-object.conf	https://github.com/kastoestoramadus/hocon-fmt	GPL-3.0-only (new analogue)	Values/comments/includes preserved or refused; fixed point and CLI contract.	separator =: check=0, write=0, second=0, check-after=0, stdin=1; actual.json#case-comment-only-unclosed-object.conf; 	refused as designed	shared
case-json-end-comment.conf	https://github.com/kastoestoramadus/hocon-fmt	GPL-3.0-only (new analogue)	Values/comments/includes preserved or refused; fixed point and CLI contract.	separator :: check=0, write=0, second=0, check-after=0, stdin=1; actual.json#case-json-end-comment.conf; 	refused as designed	sconfig
case-json-end-comment.conf	https://github.com/kastoestoramadus/hocon-fmt	GPL-3.0-only (new analogue)	Values/comments/includes preserved or refused; fixed point and CLI contract.	separator =: check=0, write=0, second=0, check-after=0, stdin=1; actual.json#case-json-end-comment.conf; 	refused as designed	sconfig
case-array-concat.conf	https://github.com/kastoestoramadus/hocon-fmt	GPL-3.0-only (new analogue)	Values/comments/includes preserved or refused; fixed point and CLI contract.	separator :: check=1, write=0, second=0, check-after=0, stdin=0; actual.json#case-array-concat.conf; 	ok	shared
case-array-concat.conf	https://github.com/kastoestoramadus/hocon-fmt	GPL-3.0-only (new analogue)	Values/comments/includes preserved or refused; fixed point and CLI contract.	separator =: check=1, write=0, second=0, check-after=0, stdin=0; actual.json#case-array-concat.conf; 	ok	shared
case-duration.conf	https://github.com/kastoestoramadus/hocon-fmt	GPL-3.0-only (new analogue)	Values/comments/includes preserved or refused; fixed point and CLI contract.	separator :: check=1, write=0, second=0, check-after=0, stdin=0; actual.json#case-duration.conf; 	ok	shared
case-duration.conf	https://github.com/kastoestoramadus/hocon-fmt	GPL-3.0-only (new analogue)	Values/comments/includes preserved or refused; fixed point and CLI contract.	separator =: check=1, write=0, second=0, check-after=0, stdin=0; actual.json#case-duration.conf; 	ok	shared
case-inline-keep-me.conf	https://github.com/kastoestoramadus/hocon-fmt	GPL-3.0-only (new analogue)	Values/comments/includes preserved or refused; fixed point and CLI contract.	separator :: check=1, write=0, second=0, check-after=0, stdin=0; actual.json#case-inline-keep-me.conf; 	ok	shared
case-inline-keep-me.conf	https://github.com/kastoestoramadus/hocon-fmt	GPL-3.0-only (new analogue)	Values/comments/includes preserved or refused; fixed point and CLI contract.	separator =: check=1, write=0, second=0, check-after=0, stdin=0; actual.json#case-inline-keep-me.conf; 	ok	shared
case-substitution-x-open.conf	https://github.com/kastoestoramadus/hocon-fmt	GPL-3.0-only (new analogue)	Values/comments/includes preserved or refused; fixed point and CLI contract.	separator :: check=0, write=0, second=0, check-after=0, stdin=1; actual.json#case-substitution-x-open.conf; 	refused as designed	shared
case-substitution-x-open.conf	https://github.com/kastoestoramadus/hocon-fmt	GPL-3.0-only (new analogue)	Values/comments/includes preserved or refused; fixed point and CLI contract.	separator =: check=0, write=0, second=0, check-after=0, stdin=1; actual.json#case-substitution-x-open.conf; 	refused as designed	shared
case-include-section.conf	https://github.com/kastoestoramadus/hocon-fmt	GPL-3.0-only (new analogue)	Values/comments/includes preserved or refused; fixed point and CLI contract.	separator :: check=1, write=0, second=0, check-after=0, stdin=0; actual.json#case-include-section.conf; 	ok	shared
case-include-section.conf	https://github.com/kastoestoramadus/hocon-fmt	GPL-3.0-only (new analogue)	Values/comments/includes preserved or refused; fixed point and CLI contract.	separator =: check=1, write=0, second=0, check-after=0, stdin=0; actual.json#case-include-section.conf; 	ok	shared
case-block-comment.conf	https://github.com/kastoestoramadus/hocon-fmt	GPL-3.0-only (new analogue)	Values/comments/includes preserved or refused; fixed point and CLI contract.	separator :: check=0, write=0, second=0, check-after=0, stdin=1; actual.json#case-block-comment.conf; 	refused as designed	shared
case-block-comment.conf	https://github.com/kastoestoramadus/hocon-fmt	GPL-3.0-only (new analogue)	Values/comments/includes preserved or refused; fixed point and CLI contract.	separator =: check=0, write=0, second=0, check-after=0, stdin=1; actual.json#case-block-comment.conf; 	refused as designed	shared
case-nginx-body.conf	https://github.com/kastoestoramadus/hocon-fmt	GPL-3.0-only (new analogue)	Values/comments/includes preserved or refused; fixed point and CLI contract.	separator :: check=0, write=0, second=0, check-after=0, stdin=1; actual.json#case-nginx-body.conf; 	refused as designed	shared
case-nginx-body.conf	https://github.com/kastoestoramadus/hocon-fmt	GPL-3.0-only (new analogue)	Values/comments/includes preserved or refused; fixed point and CLI contract.	separator =: check=0, write=0, second=0, check-after=0, stdin=1; actual.json#case-nginx-body.conf; 	refused as designed	shared
case-latin1.conf	https://github.com/kastoestoramadus/hocon-fmt	GPL-3.0-only (new analogue)	Values/comments/includes preserved or refused; fixed point and CLI contract.	separator :: check=0, write=0, second=0, check-after=0, stdin=1; actual.json#case-latin1.conf; 	refused as designed	ours
case-latin1.conf	https://github.com/kastoestoramadus/hocon-fmt	GPL-3.0-only (new analogue)	Values/comments/includes preserved or refused; fixed point and CLI contract.	separator =: check=0, write=0, second=0, check-after=0, stdin=1; actual.json#case-latin1.conf; 	refused as designed	ours
case-numeric-separators.conf	https://github.com/kastoestoramadus/hocon-fmt	GPL-3.0-only (new analogue)	Values/comments/includes preserved or refused; fixed point and CLI contract.	separator :: check=1, write=0, second=0, check-after=0, stdin=0; actual.json#case-numeric-separators.conf; 	ok	shared
case-numeric-separators.conf	https://github.com/kastoestoramadus/hocon-fmt	GPL-3.0-only (new analogue)	Values/comments/includes preserved or refused; fixed point and CLI contract.	separator =: check=1, write=0, second=0, check-after=0, stdin=0; actual.json#case-numeric-separators.conf; 	ok	shared
case-field-order.conf	https://github.com/kastoestoramadus/hocon-fmt	GPL-3.0-only (new analogue)	Values/comments/includes preserved or refused; fixed point and CLI contract.	separator :: check=1, write=0, second=0, check-after=0, stdin=0; actual.json#case-field-order.conf; 	ok	shared
case-field-order.conf	https://github.com/kastoestoramadus/hocon-fmt	GPL-3.0-only (new analogue)	Values/comments/includes preserved or refused; fixed point and CLI contract.	separator =: check=1, write=0, second=0, check-after=0, stdin=0; actual.json#case-field-order.conf; 	ok	shared
case-string-quote-escape.conf	https://github.com/kastoestoramadus/hocon-fmt	GPL-3.0-only (new analogue)	Values/comments/includes preserved or refused; fixed point and CLI contract.	separator :: check=1, write=0, second=0, check-after=0, stdin=0; actual.json#case-string-quote-escape.conf; 	ok	shared
case-string-quote-escape.conf	https://github.com/kastoestoramadus/hocon-fmt	GPL-3.0-only (new analogue)	Values/comments/includes preserved or refused; fixed point and CLI contract.	separator =: check=1, write=0, second=0, check-after=0, stdin=0; actual.json#case-string-quote-escape.conf; 	ok	shared
case-unicode-escape.conf	https://github.com/kastoestoramadus/hocon-fmt	GPL-3.0-only (new analogue)	Values/comments/includes preserved or refused; fixed point and CLI contract.	separator :: check=1, write=0, second=0, check-after=0, stdin=0; actual.json#case-unicode-escape.conf; 	ok	shared
case-unicode-escape.conf	https://github.com/kastoestoramadus/hocon-fmt	GPL-3.0-only (new analogue)	Values/comments/includes preserved or refused; fixed point and CLI contract.	separator =: check=1, write=0, second=0, check-after=0, stdin=0; actual.json#case-unicode-escape.conf; 	ok	shared
case-comment-head-tail.conf	https://github.com/kastoestoramadus/hocon-fmt	GPL-3.0-only (new analogue)	Values/comments/includes preserved or refused; fixed point and CLI contract.	separator :: check=0, write=0, second=0, check-after=0, stdin=1; actual.json#case-comment-head-tail.conf; 	refused as designed	sconfig
case-comment-head-tail.conf	https://github.com/kastoestoramadus/hocon-fmt	GPL-3.0-only (new analogue)	Values/comments/includes preserved or refused; fixed point and CLI contract.	separator =: check=0, write=0, second=0, check-after=0, stdin=1; actual.json#case-comment-head-tail.conf; 	refused as designed	sconfig
case-bom-lower.conf	https://github.com/kastoestoramadus/hocon-fmt	GPL-3.0-only (new analogue)	Values/comments/includes preserved or refused; fixed point and CLI contract.	separator :: check=1, write=0, second=0, check-after=0, stdin=0; actual.json#case-bom-lower.conf; 	ok	shared
case-bom-lower.conf	https://github.com/kastoestoramadus/hocon-fmt	GPL-3.0-only (new analogue)	Values/comments/includes preserved or refused; fixed point and CLI contract.	separator =: check=1, write=0, second=0, check-after=0, stdin=0; actual.json#case-bom-lower.conf; 	ok	shared
case-crlf-string-escaped.conf	https://github.com/kastoestoramadus/hocon-fmt	GPL-3.0-only (new analogue)	Values/comments/includes preserved or refused; fixed point and CLI contract.	separator :: check=1, write=0, second=0, check-after=0, stdin=0; actual.json#case-crlf-string-escaped.conf; 	ok	shared
case-crlf-string-escaped.conf	https://github.com/kastoestoramadus/hocon-fmt	GPL-3.0-only (new analogue)	Values/comments/includes preserved or refused; fixed point and CLI contract.	separator =: check=1, write=0, second=0, check-after=0, stdin=0; actual.json#case-crlf-string-escaped.conf; 	ok	shared
case-nested-kept.conf	https://github.com/tamasfe/taplo	MIT (idea; new analogue)	Accepted fixed point, comment multiplicity and values preserved or refused.	separator :: check=1, write=0, second=0, check-after=0, stdin=0; actual.json#case-nested-kept.conf; 	ok	shared
case-nested-kept.conf	https://github.com/tamasfe/taplo	MIT (idea; new analogue)	Accepted fixed point, comment multiplicity and values preserved or refused.	separator =: check=1, write=0, second=0, check-after=0, stdin=0; actual.json#case-nested-kept.conf; 	ok	shared
case-nested-double.conf	https://github.com/tamasfe/taplo	MIT (idea; new analogue)	Accepted fixed point, comment multiplicity and values preserved or refused.	separator :: check=1, write=0, second=0, check-after=0, stdin=0; actual.json#case-nested-double.conf; 	ok	shared
case-nested-double.conf	https://github.com/tamasfe/taplo	MIT (idea; new analogue)	Accepted fixed point, comment multiplicity and values preserved or refused.	separator =: check=1, write=0, second=0, check-after=0, stdin=0; actual.json#case-nested-double.conf; 	ok	shared
case-raw-no-simplify.conf	https://github.com/tamasfe/taplo	MIT (idea; new analogue)	Accepted fixed point, comment multiplicity and values preserved or refused.	separator :: check=1, write=0, second=0, check-after=0, stdin=0; actual.json#case-raw-no-simplify.conf; 	ok	shared
case-raw-no-simplify.conf	https://github.com/tamasfe/taplo	MIT (idea; new analogue)	Accepted fixed point, comment multiplicity and values preserved or refused.	separator =: check=1, write=0, second=0, check-after=0, stdin=0; actual.json#case-raw-no-simplify.conf; 	ok	shared
config-file	https://github.com/golang/go/issues/79735	BSD-3-Clause (idea; new setup)	Documented file identity, conditional atomicity and CLI contract.	filesystem-actual.json#config-file	ok	ours
config-invalid	https://github.com/golang/go/issues/79735	BSD-3-Clause (idea; new setup)	Documented file identity, conditional atomicity and CLI contract.	filesystem-actual.json#config-invalid	ok	ours
hardlink-atomic	https://github.com/golang/go/issues/79735	BSD-3-Clause (idea; new setup)	Documented file identity, conditional atomicity and CLI contract.	filesystem-actual.json#hardlink-atomic	ok	ours
ignored-directory	https://github.com/golang/go/issues/79735	BSD-3-Clause (idea; new setup)	Documented file identity, conditional atomicity and CLI contract.	filesystem-actual.json#ignored-directory	ok	ours
ignored-explicit	https://github.com/golang/go/issues/79735	BSD-3-Clause (idea; new setup)	Documented file identity, conditional atomicity and CLI contract.	filesystem-actual.json#ignored-explicit	ok	ours
kill-atomic	https://github.com/golang/go/issues/79735	BSD-3-Clause (idea; new setup)	Documented file identity, conditional atomicity and CLI contract.	filesystem-actual.json#kill-atomic	ok	ours
kill-fallback	https://github.com/golang/go/issues/79735	BSD-3-Clause (idea; new setup)	Documented file identity, conditional atomicity and CLI contract.	filesystem-actual.json#kill-fallback	ok	ours
missing	https://github.com/golang/go/issues/79735	BSD-3-Clause (idea; new setup)	Documented file identity, conditional atomicity and CLI contract.	filesystem-actual.json#missing	ok	ours
mixed-clean-refused	https://github.com/golang/go/issues/79735	BSD-3-Clause (idea; new setup)	Documented file identity, conditional atomicity and CLI contract.	filesystem-actual.json#mixed-clean-refused	ok	ours
mixed-dirty-refused	https://github.com/golang/go/issues/79735	BSD-3-Clause (idea; new setup)	Documented file identity, conditional atomicity and CLI contract.	filesystem-actual.json#mixed-dirty-refused	ok	ours
mixed-missing-dirty	https://github.com/golang/go/issues/79735	BSD-3-Clause (idea; new setup)	Documented file identity, conditional atomicity and CLI contract.	filesystem-actual.json#mixed-missing-dirty	ok	ours
read-only	https://github.com/golang/go/issues/79735	BSD-3-Clause (idea; new setup)	Documented file identity, conditional atomicity and CLI contract.	filesystem-actual.json#read-only	ok	ours
stdin-check-invalid-combination	https://github.com/golang/go/issues/79735	BSD-3-Clause (idea; new setup)	Documented file identity, conditional atomicity and CLI contract.	filesystem-actual.json#stdin-check-invalid-combination	ok	ours
stdin-filename-no-lookup	https://github.com/golang/go/issues/79735	BSD-3-Clause (idea; new setup)	Documented file identity, conditional atomicity and CLI contract.	filesystem-actual.json#stdin-filename-no-lookup	ok	ours
symlink	https://github.com/golang/go/issues/79735	BSD-3-Clause (idea; new setup)	Documented file identity, conditional atomicity and CLI contract.	filesystem-actual.json#symlink	ok	ours
